year,scenario,scenario_label,slr_m,gdp_at_risk_bn,infra_replacement_bn,infra_buildings_bn,infra_roads_bn,infra_railways_bn,infra_utilities_bn,total_exposure_bn,buildings_count,roads_km,railways_km
2025,ssp126,SSP1-2.6 (Low),0.035,0.0613,1.0737,1.050020304,0.002981774,0.00086614,0.019835212,1.135,1378.0,24.79,0.17
2026,ssp126,SSP1-2.6 (Low),0.042,0.0741,1.2943,1.268022582,0.003338032,0.00086614,0.02206914,1.3684,1662.0,27.59,0.17
2027,ssp126,SSP1-2.6 (Low),0.049,0.0862,1.5067,1.480440649,0.003338032,0.00086614,0.02206914,1.5929,1945.0,27.59,0.17
2028,ssp126,SSP1-2.6 (Low),0.056,0.0991,1.7309,1.703772272,0.003443769,0.00086614,0.022804703,1.83,2239.0,28.51,0.17
2029,ssp126,SSP1-2.6 (Low),0.063,0.1124,1.9632,1.93118543,0.005117289,0.00086614,0.026052135,2.0756,2538.0,32.57,0.17
2030,ssp126,SSP1-2.6 (Low),0.07,0.1263,2.2037,2.167606545,0.005525419,0.001715075,0.0288913,2.33,2847.0,36.11,0.34
2031,ssp126,SSP1-2.6 (Low),0.0765,0.1393,2.4266,2.390369509,0.005554194,0.001715075,0.029006403,2.5659,3138.0,36.26,0.34
2032,ssp126,SSP1-2.6 (Low),0.083,0.1533,2.6648,2.627963301,0.005628762,0.001715075,0.029525132,2.8181000000000003,3447.0,36.91,0.34
2033,ssp126,SSP1-2.6 (Low),0.0895,0.1667,2.8943,2.857476523,0.005628762,0.001715075,0.029525132,3.061,3746.0,36.91,0.34
2034,ssp126,SSP1-2.6 (Low),0.096,0.1808,3.1354,3.098497007,0.005628762,0.001715075,0.029525132,3.3162000000000003,4059.0,36.91,0.34
2035,ssp126,SSP1-2.6 (Low),0.1025,0.1951,3.3777,3.340598093,0.005666334,0.001715075,0.029675421,3.5728,4373.0,37.09,0.34
2036,ssp126,SSP1-2.6 (Low),0.109,0.2086,3.613,3.574129502,0.005888853,0.001715075,0.031223378,3.8216,4682.0,39.03,0.34
2037,ssp126,SSP1-2.6 (Low),0.1155,0.2234,3.8644,3.825548655,0.005888853,0.001715075,0.031223378,4.0878,5009.0,39.03,0.34
2038,ssp126,SSP1-2.6 (Low),0.122,0.2378,4.1122,4.072699912,0.005970805,0.001715075,0.031793484,4.35,5331.0,39.74,0.34
2039,ssp126,SSP1-2.6 (Low),0.1285,0.2529,4.3664,4.326950579,0.005970805,0.001715075,0.031793484,4.6193,5658.0,39.74,0.34
2040,ssp126,SSP1-2.6 (Low),0.135,0.2695,4.6459,4.606276794,0.005991915,0.001715075,0.031940337,4.9154,6011.0,39.93,0.34
2041,ssp126,SSP1-2.6 (Low),0.1415,0.2855,4.9202,4.879059736,0.006180915,0.001715075,0.033255114,5.2057,6367.0,41.57,0.34
2042,ssp126,SSP1-2.6 (Low),0.148,0.3022,5.2041,5.162335632,0.006261843,0.001715075,0.033818095,5.5063,6731.0,42.27,0.34
2043,ssp126,SSP1-2.6 (Low),0.1545,0.3194,5.4947,5.451096299,0.006485499,0.001715075,0.035373965,5.8141,7098.0,44.22,0.34
2044,ssp126,SSP1-2.6 (Low),0.161,0.3354,5.7689,5.723519777,0.006802037,0.001715075,0.036838893,6.1043,7452.0,46.05,0.34
2045,ssp126,SSP1-2.6 (Low),0.1675,0.3529,6.0664,6.021018065,0.006802037,0.001715075,0.036838893,6.4193,7835.0,46.05,0.34
2046,ssp126,SSP1-2.6 (Low),0.174,0.3699,6.3547,6.309352973,0.006802037,0.001715075,0.036838893,6.724600000000001,8203.0,46.05,0.34
2047,ssp126,SSP1-2.6 (Low),0.1805,0.3886,6.6687,6.623284945,0.006810756,0.001715075,0.036899551,7.057300000000001,8598.0,46.12,0.34
2048,ssp126,SSP1-2.6 (Low),0.187,0.4058,6.9631,6.916281097,0.00702133,0.001715075,0.038118931,7.3689,8976.0,47.65,0.34
2049,ssp126,SSP1-2.6 (Low),0.1935,0.4234,7.2721,7.218779468,0.007833525,0.001715075,0.043768988,7.6955,9367.0,54.71,0.34
2050,ssp126,SSP1-2.6 (Low),0.2,0.4412,7.5797,7.526399462,0.007834481,0.001715075,0.043775634,8.0209,9769.0,54.72,0.34
2051,ssp126,SSP1-2.6 (Low),0.204,0.4519,7.7665,7.710806606,0.008127298,0.001715075,0.045812628,8.218399999999999,10008.0,57.27,0.34
2052,ssp126,SSP1-2.6 (Low),0.208,0.4638,7.9683,7.912115178,0.00830386,0.001715075,0.046121483,8.4321,10265.0,57.65,0.34
2053,ssp126,SSP1-2.6 (Low),0.212,0.4749,8.1601,8.101992359,0.008545292,0.001715075,0.047801007,8.635,10510.0,59.75,0.34
2054,ssp126,SSP1-2.6 (Low),0.216,0.4873,8.3707,8.311942059,0.008637209,0.001715075,0.048440428,8.857999999999999,10776.0,60.55,0.34
2055,ssp126,SSP1-2.6 (Low),0.22,0.4999,8.582,8.523159457,0.008637209,0.001715075,0.048440428,9.081900000000001,11043.0,60.55,0.34
2056,ssp126,SSP1-2.6 (Low),0.224,0.5119,8.7925,8.726278607,0.008640288,0.009129641,0.048452746,9.304400000000001,11303.0,60.57,1.83
2057,ssp126,SSP1-2.6 (Low),0.228,0.5238,8.9962,8.928387871,0.009270437,0.009129641,0.049460983,9.52,11563.0,61.83,1.83
2058,ssp126,SSP1-2.6 (Low),0.232,0.5372,9.2252,9.155280248,0.00952723,0.009129641,0.051247369,9.7624,11851.0,64.06,1.83
2059,ssp126,SSP1-2.6 (Low),0.236,0.5485,9.4248,9.350564119,0.010869973,0.009129641,0.05426577,9.9733,12107.0,67.83,1.83
2060,ssp126,SSP1-2.6 (Low),0.24,0.5612,9.6416,9.566788229,0.010938453,0.009129641,0.05474215,10.2028,12384.0,68.43,1.83
2061,ssp126,SSP1-2.6 (Low),0.244,0.5741,9.8615,9.786725572,0.010938453,0.009129641,0.05474215,10.435599999999999,12667.0,68.43,1.83
2062,ssp126,SSP1-2.6 (Low),0.248,0.5877,10.0925,10.016696963,0.011067914,0.009129641,0.055642748,10.6802,12956.0,69.55,1.83
2063,ssp126,SSP1-2.6 (Low),0.252,0.6006,10.312,10.23613415,0.011067914,0.009129641,0.055642748,10.9126,13239.0,69.55,1.83
2064,ssp126,SSP1-2.6 (Low),0.256,0.6133,10.5302,10.454327945,0.011067914,0.009129641,0.055642748,11.143500000000001,13521.0,69.55,1.83
2065,ssp126,SSP1-2.6 (Low),0.26,0.6257,10.8255,10.668078533,0.063528978,0.037333095,0.056604164,11.4512,13800.0,77.3,7.47
2066,ssp126,SSP1-2.6 (Low),0.264,0.6396,11.0608,10.903340966,0.063528978,0.037333095,0.056604164,11.7004,14097.0,77.3,7.47
2067,ssp126,SSP1-2.6 (Low),0.268,0.653,11.2939,11.13242843,0.064035799,0.037333095,0.060129873,11.946900000000001,14392.0,81.7,7.47
2068,ssp126,SSP1-2.6 (Low),0.272,0.6676,11.5403,11.378704599,0.064057881,0.037333095,0.060223718,12.2079,14703.0,81.82,7.47
2069,ssp126,SSP1-2.6 (Low),0.276,0.6816,11.7762,11.614591675,0.064057881,0.037333095,0.060223718,12.457799999999999,15002.0,81.82,7.47
2070,ssp126,SSP1-2.6 (Low),0.28,0.6955,12.0117,11.8486969,0.06423447,0.037333095,0.061452159,12.7072,15297.0,83.36,7.47
2071,ssp126,SSP1-2.6 (Low),0.284,0.7094,12.2528,12.086865245,0.064614747,0.037333095,0.064026772,12.962200000000001,15603.0,86.57,7.47
2072,ssp126,SSP1-2.6 (Low),0.288,0.7236,12.4932,12.326805864,0.06467197,0.037333095,0.064424843,13.2168,15908.0,87.07,7.47
2073,ssp126,SSP1-2.6 (Low),0.292,0.7382,12.7445,12.577802206,0.064700375,0.037333095,0.064622445,13.482700000000001,16231.0,87.32,7.47
2074,ssp126,SSP1-2.6 (Low),0.296,0.7539,13.0083,12.840674111,0.064825335,0.037333095,0.065477605,13.7622,16563.0,88.39,7.47
2075,ssp126,SSP1-2.6 (Low),0.3,0.7681,13.2519,13.082093099,0.065099294,0.037333095,0.067383402,14.02,16869.0,90.77,7.47
2076,ssp126,SSP1-2.6 (Low),0.304,0.7833,13.507,13.337226221,0.065099294,0.037333095,0.067383402,14.2903,17188.0,90.77,7.47
2077,ssp126,SSP1-2.6 (Low),0.308,0.7987,13.7671,13.597243041,0.065099294,0.037333095,0.067383402,14.5658,17518.0,90.77,7.47
2078,ssp126,SSP1-2.6 (Low),0.312,0.8131,14.0116,13.841827963,0.065099294,0.037333095,0.067383402,14.8247,17831.0,90.77,7.47
2079,ssp126,SSP1-2.6 (Low),0.316,0.8284,14.274,14.102520251,0.065305184,0.037333095,0.068815681,15.1024,18164.0,92.56,7.47
2080,ssp126,SSP1-2.6 (Low),0.32,0.8441,14.5585,14.366978806,0.06531828,0.057248176,0.068906788,15.4026,18496.0,92.67,11.45
2081,ssp126,SSP1-2.6 (Low),0.324,0.8586,14.8081,14.613024418,0.06582556,0.058197105,0.071040913,15.666699999999999,18810.0,95.34,11.64
2082,ssp126,SSP1-2.6 (Low),0.328,0.874,15.0703,14.874795097,0.065882768,0.058197105,0.071438886,15.9443,19142.0,95.84,11.64
2083,ssp126,SSP1-2.6 (Low),0.332,0.8905,15.3463,15.150279174,0.065943023,0.058197105,0.071858049,16.2368,19486.0,96.36,11.64
2084,ssp126,SSP1-2.6 (Low),0.336,0.9086,15.6475,15.451532681,0.065943023,0.058197105,0.071858049,16.5561,19857.0,96.36,11.64
2085,ssp126,SSP1-2.6 (Low),0.34,0.9267,15.9486,15.752070206,0.066015527,0.058197105,0.072362423,16.8753,20230.0,96.99,11.64
2086,ssp126,SSP1-2.6 (Low),0.344,0.9426,16.2182,16.021595139,0.066015527,0.058197105,0.072362423,17.1608,20570.0,96.99,11.64
2087,ssp126,SSP1-2.6 (Low),0.348,0.9588,16.4921,16.294308103,0.066177477,0.058197105,0.073424807,17.4509,20915.0,98.32,11.64
2088,ssp126,SSP1-2.6 (Low),0.352,0.9766,16.798,16.594974535,0.068044406,0.058197105,0.076773821,17.7746,21296.0,102.51,11.64
2089,ssp126,SSP1-2.6 (Low),0.356,0.9928,17.0718,16.868773993,0.068044406,0.058197105,0.076773821,18.0646,21642.0,102.51,11.64
2090,ssp126,SSP1-2.6 (Low),0.36,1.0102,17.3706,17.159260528,0.073897637,0.058197105,0.079266172,18.3808,22005.0,105.62,11.64
2091,ssp126,SSP1-2.6 (Low),0.364,1.0272,17.658,17.446665102,0.073897637,0.058197105,0.079266172,18.685200000000002,22368.0,105.62,11.64
2092,ssp126,SSP1-2.6 (Low),0.368,1.0423,17.9135,17.702107598,0.073897637,0.058197105,0.079266172,18.9558,22692.0,105.62,11.64
2093,ssp126,SSP1-2.6 (Low),0.372,1.0596,18.2252,17.991438398,0.095272788,0.058197105,0.08030867,19.2848,23051.0,109.54,11.64
2094,ssp126,SSP1-2.6 (Low),0.376,1.0768,18.5149,18.281095513,0.095272788,0.058197105,0.08030867,19.5917,23415.0,109.54,11.64
2095,ssp126,SSP1-2.6 (Low),0.38,1.0967,18.8467,18.612709717,0.095301004,0.058197105,0.080504951,19.943399999999997,23828.0,109.79,11.64
2096,ssp126,SSP1-2.6 (Low),0.384,1.1137,19.1363,18.90203094,0.095334099,0.058197105,0.080727842,20.25,24193.0,110.07,11.64
2097,ssp126,SSP1-2.6 (Low),0.388,1.1319,19.4464,19.208518034,0.09553428,0.060202531,0.082120407,20.5783,24578.0,111.81,12.04
2098,ssp126,SSP1-2.6 (Low),0.392,1.1504,19.7572,19.518934921,0.095787543,0.060202531,0.082248229,20.907600000000002,24965.0,111.97,12.04
2099,ssp126,SSP1-2.6 (Low),0.396,1.1683,20.0564,19.818142136,0.095796127,0.060202531,0.082307944,21.2247,25339.0,112.04,12.04
2100,ssp126,SSP1-2.6 (Low),0.4,1.1883,20.3884,20.14800027,0.097283644,0.060202531,0.082902951,21.576700000000002,25741.0,112.78,12.04
2025,ssp245,SSP2-4.5 (Intermediate),0.05,0.0876,1.531,1.504728764,0.003338032,0.00086614,0.02206914,1.6185999999999998,1980.0,27.59,0.17
2026,ssp245,SSP2-4.5 (Intermediate),0.06,0.1062,1.8572,1.82518412,0.005117289,0.00086614,0.026052135,1.9634,2400.0,32.57,0.17
2027,ssp245,SSP2-4.5 (Intermediate),0.07,0.1263,2.2037,2.167606545,0.005525419,0.001715075,0.0288913,2.33,2847.0,36.11,0.34
2028,ssp245,SSP2-4.5 (Intermediate),0.08,0.1469,2.5568,2.519884025,0.005628762,0.001715075,0.029525132,2.7037,3307.0,36.91,0.34
2029,ssp245,SSP2-4.5 (Intermediate),0.09,0.168,2.9155,2.878653951,0.005628762,0.001715075,0.029525132,3.0835000000000004,3773.0,36.91,0.34
2030,ssp245,SSP2-4.5 (Intermediate),0.1,0.1894,3.2806,3.243514873,0.005666334,0.001715075,0.029675421,3.47,4246.0,37.09,0.34
2031,ssp245,SSP2-4.5 (Intermediate),0.11,0.2107,3.6491,3.610285815,0.005888853,0.001715075,0.031223378,3.8598,4729.0,39.03,0.34
2032,ssp245,SSP2-4.5 (Intermediate),0.12,0.2337,4.0415,4.001970988,0.005970805,0.001715075,0.031793484,4.2752,5238.0,39.74,0.34
2033,ssp245,SSP2-4.5 (Intermediate),0.13,0.2569,4.4329,4.393447701,0.005970805,0.001715075,0.031793484,4.6898,5742.0,39.74,0.34
2034,ssp245,SSP2-4.5 (Intermediate),0.14,0.2816,4.8533,4.812132436,0.006180915,0.001715075,0.033255114,5.1349,6280.0,41.57,0.34
2035,ssp245,SSP2-4.5 (Intermediate),0.15,0.3075,5.2935,5.251735313,0.006261843,0.001715075,0.033818095,5.601,6844.0,42.27,0.34
2036,ssp245,SSP2-4.5 (Intermediate),0.16,0.3329,5.726,5.681155346,0.006734803,0.001715075,0.036371179,6.0588999999999995,7397.0,45.46,0.34
2037,ssp245,SSP2-4.5 (Intermediate),0.17,0.3597,6.1819,6.136564318,0.006802037,0.001715075,0.036838893,6.5416,7981.0,46.05,0.34
2038,ssp245,SSP2-4.5 (Intermediate),0.18,0.387,6.6422,6.596787012,0.006810756,0.001715075,0.036899551,7.0291999999999994,8565.0,46.12,0.34
2039,ssp245,SSP2-4.5 (Intermediate),0.19,0.4138,7.1041,7.055103368,0.007287321,0.001715075,0.039969309,7.5179,9156.0,49.96,0.34
2040,ssp245,SSP2-4.5 (Intermediate),0.2,0.4412,7.5797,7.526399462,0.007834481,0.001715075,0.043775634,8.0209,9769.0,54.72,0.34
2041,ssp245,SSP2-4.5 (Intermediate),0.21,0.4697,8.0688,8.011674131,0.00842377,0.001715075,0.046955636,8.538499999999999,10391.0,58.69,0.34
2042,ssp245,SSP2-4.5 (Intermediate),0.22,0.4999,8.582,8.523159457,0.008637209,0.001715075,0.048440428,9.081900000000001,11043.0,60.55,0.34
2043,ssp245,SSP2-4.5 (Intermediate),0.23,0.5305,9.1084,9.040504485,0.009270437,0.009129641,0.049460983,9.6389,11705.0,61.83,1.83
2044,ssp245,SSP2-4.5 (Intermediate),0.24,0.5612,9.6416,9.566788229,0.010938453,0.009129641,0.05474215,10.2028,12384.0,68.43,1.83
2045,ssp245,SSP2-4.5 (Intermediate),0.25,0.5946,10.209,10.133117568,0.011067914,0.009129641,0.055642748,10.8036,13105.0,69.55,1.83
2046,ssp245,SSP2-4.5 (Intermediate),0.26,0.6257,10.8255,10.668078533,0.063528978,0.037333095,0.056604164,11.4512,13800.0,77.3,7.47
2047,ssp245,SSP2-4.5 (Intermediate),0.27,0.6606,11.4215,11.260010091,0.064037664,0.037333095,0.060142849,12.0821,14552.0,81.72,7.47
2048,ssp245,SSP2-4.5 (Intermediate),0.28,0.6955,12.0117,11.8486969,0.06423447,0.037333095,0.061452159,12.7072,15297.0,83.36,7.47
2049,ssp245,SSP2-4.5 (Intermediate),0.29,0.7316,12.6313,12.464674231,0.064700375,0.037333095,0.064622445,13.3629,16084.0,87.32,7.47
2050,ssp245,SSP2-4.5 (Intermediate),0.3,0.7681,13.2519,13.082093099,0.065099294,0.037333095,0.067383402,14.02,16869.0,90.77,7.47
2051,ssp245,SSP2-4.5 (Intermediate),0.306,0.7907,13.632,13.462195877,0.065099294,0.037333095,0.067383402,14.422699999999999,17347.0,90.77,7.47
2052,ssp245,SSP2-4.5 (Intermediate),0.312,0.8131,14.0116,13.841827963,0.065099294,0.037333095,0.067383402,14.8247,17831.0,90.77,7.47
2053,ssp245,SSP2-4.5 (Intermediate),0.318,0.8361,14.4233,14.23178874,0.06531828,0.057248176,0.068906788,15.2594,18327.0,92.67,11.45
2054,ssp245,SSP2-4.5 (Intermediate),0.324,0.8586,14.8081,14.613024418,0.06582556,0.058197105,0.071040913,15.666699999999999,18810.0,95.34,11.64
2055,ssp245,SSP2-4.5 (Intermediate),0.33,0.8825,15.2121,15.016591048,0.065882768,0.058197105,0.071438886,16.0946,19318.0,95.84,11.64
2056,ssp245,SSP2-4.5 (Intermediate),0.336,0.9086,15.6475,15.451532681,0.065943023,0.058197105,0.071858049,16.5561,19857.0,96.36,11.64
2057,ssp245,SSP2-4.5 (Intermediate),0.342,0.935,16.0883,15.89175136,0.066015527,0.058197105,0.072362423,17.0233,20406.0,96.99,11.64
2058,ssp245,SSP2-4.5 (Intermediate),0.348,0.9588,16.4921,16.294308103,0.066177477,0.058197105,0.073424807,17.4509,20915.0,98.32,11.64
2059,ssp245,SSP2-4.5 (Intermediate),0.354,0.985,16.939,16.736032406,0.068044406,0.058197105,0.076773821,17.924,21473.0,102.51,11.64
2060,ssp245,SSP2-4.5 (Intermediate),0.36,1.0102,17.3706,17.159260528,0.073897637,0.058197105,0.079266172,18.3808,22005.0,105.62,11.64
2061,ssp245,SSP2-4.5 (Intermediate),0.366,1.035,17.789,17.577637361,0.073897637,0.058197105,0.079266172,18.824,22533.0,105.62,11.64
2062,ssp245,SSP2-4.5 (Intermediate),0.372,1.0596,18.2252,17.991438398,0.095272788,0.058197105,0.08030867,19.2848,23051.0,109.54,11.64
2063,ssp245,SSP2-4.5 (Intermediate),0.378,1.0868,18.6816,18.447794645,0.095272788,0.058197105,0.08030867,19.7684,23621.0,109.54,11.64
2064,ssp245,SSP2-4.5 (Intermediate),0.384,1.1137,19.1363,18.90203094,0.095334099,0.058197105,0.080727842,20.25,24193.0,110.07,11.64
2065,ssp245,SSP2-4.5 (Intermediate),0.39,1.1414,19.6066,19.368737978,0.095538324,0.060202531,0.082148541,20.748,24778.0,111.84,12.04
2066,ssp245,SSP2-4.5 (Intermediate),0.396,1.1683,20.0564,19.818142136,0.095796127,0.060202531,0.082307944,21.2247,25339.0,112.04,12.04
2067,ssp245,SSP2-4.5 (Intermediate),0.402,1.198,20.5504,20.310007957,0.097283644,0.060202531,0.082902951,21.7484,25941.0,112.78,12.04
2068,ssp245,SSP2-4.5 (Intermediate),0.408,1.2249,21.0011,20.760027182,0.097398362,0.060202531,0.083509645,22.226000000000003,26505.0,113.54,12.04
2069,ssp245,SSP2-4.5 (Intermediate),0.414,1.2541,21.4879,21.244757499,0.097398362,0.062225576,0.083509645,22.742,27100.0,113.54,12.45
2070,ssp245,SSP2-4.5 (Intermediate),0.42,1.2816,21.9509,21.705992289,0.097616776,0.062225576,0.085029049,23.2325,27675.0,115.44,12.45
2071,ssp245,SSP2-4.5 (Intermediate),0.426,1.3116,22.4529,22.206490398,0.097813108,0.062225576,0.086394832,23.764499999999998,28296.0,117.15,12.45
2072,ssp245,SSP2-4.5 (Intermediate),0.432,1.3408,22.9419,22.693833457,0.098016244,0.062225576,0.087807956,24.282700000000002,28898.0,118.92,12.45
2073,ssp245,SSP2-4.5 (Intermediate),0.438,1.3703,23.4338,23.18554459,0.098047505,0.062225576,0.088025422,24.804100000000002,29507.0,119.19,12.45
2074,ssp245,SSP2-4.5 (Intermediate),0.444,1.3996,23.9233,23.675000236,0.098047505,0.062225576,0.088025422,25.3229,30115.0,119.19,12.45
2075,ssp245,SSP2-4.5 (Intermediate),0.45,1.4301,24.4365,24.186461254,0.099288233,0.062225576,0.088521713,25.8666,30751.0,119.81,12.45
2076,ssp245,SSP2-4.5 (Intermediate),0.456,1.4601,24.9372,24.686261797,0.099397831,0.062225576,0.089284133,26.3973,31370.0,120.76,12.45
2077,ssp245,SSP2-4.5 (Intermediate),0.462,1.4929,25.4819,25.228078355,0.099764688,0.062225576,0.091836179,26.9748,32031.0,123.95,12.45
2078,ssp245,SSP2-4.5 (Intermediate),0.468,1.5236,25.9946,25.740351113,0.099821354,0.062225576,0.092230377,27.5182,32665.0,124.44,12.45
2079,ssp245,SSP2-4.5 (Intermediate),0.474,1.5552,26.5226,26.266898563,0.100005857,0.062225576,0.093513876,28.0778,33314.0,126.05,12.45
2080,ssp245,SSP2-4.5 (Intermediate),0.48,1.5876,27.0607,26.804993787,0.100005857,0.062225576,0.093513876,28.6483,33974.0,126.05,12.45
2081,ssp245,SSP2-4.5 (Intermediate),0.486,1.6221,27.633,27.375267651,0.100269798,0.062225576,0.095206081,29.2551,34669.0,128.16,12.45
2082,ssp245,SSP2-4.5 (Intermediate),0.492,1.6534,28.1616,27.896650018,0.102716928,0.062225576,0.099990852,29.815,35315.0,134.14,12.45
2083,ssp245,SSP2-4.5 (Intermediate),0.498,1.6859,28.7069,28.434911715,0.103103426,0.06619706,0.102679528,30.3928,35978.0,137.5,13.24
2084,ssp245,SSP2-4.5 (Intermediate),0.504,1.7763,30.798,30.512228023,0.110589895,0.06619706,0.10899111,32.5743,39156.0,146.08,13.24
2085,ssp245,SSP2-4.5 (Intermediate),0.51,1.8117,31.3875,31.096842136,0.111905517,0.06619706,0.112534001,33.1992,39865.0,150.5,13.24
2086,ssp245,SSP2-4.5 (Intermediate),0.516,1.8455,31.9457,31.65510269,0.111905517,0.06619706,0.112534001,33.791199999999996,40547.0,150.5,13.24
2087,ssp245,SSP2-4.5 (Intermediate),0.522,1.8819,32.5465,32.253153236,0.112244159,0.06619706,0.114889768,34.4284,41272.0,153.45,13.24
2088,ssp245,SSP2-4.5 (Intermediate),0.528,1.9195,33.168,32.8716063,0.112807711,0.06619706,0.117416168,35.0875,42021.0,156.61,13.24
2089,ssp245,SSP2-4.5 (Intermediate),0.534,1.9525,33.7191,33.420601086,0.113070623,0.06619706,0.119245121,35.6716,42697.0,158.89,13.24
2090,ssp245,SSP2-4.5 (Intermediate),0.54,1.9875,34.3006,33.999868175,0.113647289,0.06619706,0.120862027,36.2881,43403.0,160.91,13.24
2091,ssp245,SSP2-4.5 (Intermediate),0.546,2.0226,34.8917,34.577283436,0.121711965,0.06619706,0.126517736,36.9143,44105.0,167.98,13.24
2092,ssp245,SSP2-4.5 (Intermediate),0.552,2.0611,35.5487,35.209214183,0.139610446,0.06619706,0.133677128,37.6098,44870.0,176.93,13.24
2093,ssp245,SSP2-4.5 (Intermediate),0.558,2.0971,36.1412,35.800426077,0.139783467,0.06619706,0.134835356,38.238299999999995,45583.0,178.38,13.24
2094,ssp245,SSP2-4.5 (Intermediate),0.564,2.1357,36.7713,36.430292854,0.139813538,0.06619706,0.135044546,38.907,46339.0,178.64,13.24
2095,ssp245,SSP2-4.5 (Intermediate),0.57,2.1707,37.3482,37.007040013,0.139827515,0.06619706,0.135141782,39.5189,47039.0,178.76,13.24
2096,ssp245,SSP2-4.5 (Intermediate),0.576,2.2068,37.9544,37.609132317,0.139917292,0.069547363,0.135766315,40.1612,47776.0,179.54,13.91
2097,ssp245,SSP2-4.5 (Intermediate),0.582,2.2444,38.5717,38.225900763,0.140056546,0.069547363,0.136152451,40.8161,48523.0,180.03,13.91
2098,ssp245,SSP2-4.5 (Intermediate),0.588,2.2844,39.2208,38.874696845,0.140168442,0.069547363,0.136420978,41.505199999999995,49293.0,180.36,13.91
2099,ssp245,SSP2-4.5 (Intermediate),0.594,2.3218,39.8345,39.488358285,0.140168442,0.069547363,0.136420978,42.1563,50034.0,180.36,13.91
2100,ssp245,SSP2-4.5 (Intermediate),0.6,2.3582,40.5892,40.086140707,0.29594088,0.069547363,0.137620955,42.9474,50755.0,201.31,13.91
2025,ssp585,SSP5-8.5 (High),0.065,0.1167,2.0363,2.003399352,0.005117289,0.001715075,0.026052135,2.153,2632.0,32.57,0.34
2026,ssp585,SSP5-8.5 (High),0.078,0.1428,2.4864,2.449510145,0.005628762,0.001715075,0.029525132,2.6292,3215.0,36.91,0.34
2027,ssp585,SSP5-8.5 (High),0.091,0.1703,2.9547,2.917850238,0.005628762,0.001715075,0.029525132,3.125,3823.0,36.91,0.34
2028,ssp585,SSP5-8.5 (High),0.104,0.1977,3.4243,3.387242205,0.005666334,0.001715075,0.029675421,3.622,4438.0,37.09,0.34
2029,ssp585,SSP5-8.5 (High),0.117,0.2266,3.9208,3.881996995,0.005888853,0.001715075,0.031223378,4.1474,5083.0,39.03,0.34
2030,ssp585,SSP5-8.5 (High),0.13,0.2569,4.4329,4.393447701,0.005970805,0.001715075,0.031793484,4.6898,5742.0,39.74,0.34
2031,ssp585,SSP5-8.5 (High),0.1435,0.2907,5.0076,4.96646837,0.006180915,0.001715075,0.033255114,5.2983,6480.0,41.57,0.34
2032,ssp585,SSP5-8.5 (High),0.157,0.3258,5.6047,5.559889346,0.006734803,0.001715075,0.036371179,5.9305,7238.0,45.46,0.34
2033,ssp585,SSP5-8.5 (High),0.1705,0.3609,6.2023,6.156896122,0.006802037,0.001715075,0.036838893,6.5632,8008.0,46.05,0.34
2034,ssp585,SSP5-8.5 (High),0.184,0.3973,6.8179,6.772323944,0.006856584,0.001715075,0.036972875,7.215199999999999,8792.0,46.22,0.34
2035,ssp585,SSP5-8.5 (High),0.1975,0.4351,7.4736,7.420244937,0.007833525,0.001715075,0.043768988,7.9087000000000005,9629.0,54.71,0.34
2036,ssp585,SSP5-8.5 (High),0.211,0.4723,8.114,8.056920165,0.00842377,0.001715075,0.046955636,8.586300000000001,10451.0,58.69,0.34
2037,ssp585,SSP5-8.5 (High),0.2245,0.5135,8.8199,8.753708348,0.008640288,0.009129641,0.048452746,9.333400000000001,11338.0,60.57,1.83
2038,ssp585,SSP5-8.5 (High),0.238,0.5545,9.5277,9.453450322,0.010869973,0.009129641,0.05426577,10.0822,12240.0,67.83,1.83
2039,ssp585,SSP5-8.5 (High),0.2515,0.5991,10.2859,10.210092912,0.011067914,0.009129641,0.055642748,10.885,13205.0,69.55,1.83
2040,ssp585,SSP5-8.5 (High),0.265,0.6429,11.1221,10.960623145,0.064035799,0.037333095,0.060129873,11.765,14172.0,81.7,7.47
2041,ssp585,SSP5-8.5 (High),0.2785,0.6908,11.931,11.768005378,0.06423447,0.037333095,0.061452159,12.621799999999999,15194.0,83.36,7.47
2042,ssp585,SSP5-8.5 (High),0.292,0.7382,12.7445,12.577802206,0.064700375,0.037333095,0.064622445,13.482700000000001,16231.0,87.32,7.47
2043,ssp585,SSP5-8.5 (High),0.3055,0.7891,13.6057,13.435926291,0.065099294,0.037333095,0.067383402,14.3948,17314.0,90.77,7.47
2044,ssp585,SSP5-8.5 (High),0.319,0.8398,14.4865,14.29501754,0.06531828,0.057248176,0.068906788,15.3263,18406.0,92.67,11.45
2045,ssp585,SSP5-8.5 (High),0.3325,0.8927,15.3819,15.185897028,0.065943023,0.058197105,0.071858049,16.2746,19530.0,96.36,11.64
2046,ssp585,SSP5-8.5 (High),0.346,0.95,16.3446,16.146811558,0.066170731,0.058197105,0.073377874,17.2946,20731.0,98.26,11.64
2047,ssp585,SSP5-8.5 (High),0.3595,1.0077,17.3285,17.117187057,0.073897637,0.058197105,0.079266172,18.336199999999998,21953.0,105.62,11.64
2048,ssp585,SSP5-8.5 (High),0.373,1.0645,18.3059,18.07209309,0.095272788,0.058197105,0.08030867,19.3704,23150.0,109.54,11.64
2049,ssp585,SSP5-8.5 (High),0.3865,1.1255,19.3338,19.099294071,0.095369909,0.058197105,0.080976954,20.4593,24439.0,110.38,11.64
2050,ssp585,SSP5-8.5 (High),0.4,1.1883,20.3884,20.14800027,0.097283644,0.060202531,0.082902951,21.576700000000002,25741.0,112.78,12.04
2051,ssp585,SSP5-8.5 (High),0.412,1.2445,21.3307,21.087614359,0.097398362,0.062225576,0.083509645,22.5752,26910.0,113.54,12.45
2052,ssp585,SSP5-8.5 (High),0.424,1.3017,22.2854,22.040483676,0.097616776,0.062225576,0.085029049,23.5871,28089.0,115.44,12.45
2053,ssp585,SSP5-8.5 (High),0.436,1.3602,23.2651,23.016752024,0.098047505,0.062225576,0.088025422,24.6253,29298.0,119.19,12.45
2054,ssp585,SSP5-8.5 (High),0.448,1.4202,24.2679,24.019645739,0.098047505,0.062225576,0.088025422,25.688100000000002,30544.0,119.19,12.45
2055,ssp585,SSP5-8.5 (High),0.46,1.4815,25.2935,25.039647869,0.099764688,0.062225576,0.091836179,26.775000000000002,31802.0,123.95,12.45
2056,ssp585,SSP5-8.5 (High),0.472,1.5449,26.35,26.094277854,0.100005857,0.062225576,0.093513876,27.8949,33100.0,126.05,12.45
2057,ssp585,SSP5-8.5 (High),0.484,1.6108,27.4421,27.186302388,0.100006864,0.062225576,0.093520881,29.0529,34435.0,126.06,12.45
2058,ssp585,SSP5-8.5 (High),0.496,1.6754,28.5285,28.260500316,0.103103426,0.062225576,0.102679528,30.2039,35763.0,137.5,12.45
2059,ssp585,SSP5-8.5 (High),0.508,1.8003,31.1973,30.906690937,0.111905517,0.06619706,0.112534001,32.9976,39632.0,150.5,13.24
2060,ssp585,SSP5-8.5 (High),0.52,1.8709,32.3615,32.070150064,0.111993013,0.06619706,0.113142668,34.2324,41048.0,151.26,13.24
2061,ssp585,SSP5-8.5 (High),0.532,1.9412,33.5288,33.231134194,0.112966713,0.06619706,0.118522271,35.47,42464.0,157.99,13.24
2062,ssp585,SSP5-8.5 (High),0.544,2.0103,34.6792,34.37577819,0.114058195,0.06619706,0.123209762,36.6895,43863.0,163.85,13.24
2063,ssp585,SSP5-8.5 (High),0.556,2.0841,35.9281,35.588352742,0.13964144,0.06619706,0.133892735,38.0122,45328.0,177.2,13.24
2064,ssp585,SSP5-8.5 (High),0.568,2.1577,37.1375,36.796406743,0.139813538,0.06619706,0.135044546,39.2952,46787.0,178.64,13.24
2065,ssp585,SSP5-8.5 (High),0.58,2.2316,38.3623,38.016771643,0.140026054,0.069547363,0.135940335,40.5939,48271.0,179.76,13.91
2066,ssp585,SSP5-8.5 (High),0.592,2.3087,39.6208,39.274628323,0.140168442,0.069547363,0.136420978,41.929500000000004,49776.0,180.36,13.91
2067,ssp585,SSP5-8.5 (High),0.604,2.3842,41.0159,40.512162776,0.296062556,0.069547363,0.138107661,43.4001,51266.0,201.92,13.91
2068,ssp585,SSP5-8.5 (High),0.616,2.461,42.3195,41.76948689,0.297593802,0.112864847,0.139525473,44.780499999999996,52781.0,203.69,22.57
2069,ssp585,SSP5-8.5 (High),0.628,2.5396,43.6086,43.044328972,0.300918733,0.112864847,0.150516935,46.1482,54303.0,217.43,22.57
2070,ssp585,SSP5-8.5 (High),0.64,2.6156,44.8674,44.291079104,0.302574327,0.11351011,0.160204591,47.483000000000004,55804.0,229.54,22.7
2071,ssp585,SSP5-8.5 (High),0.652,2.6944,46.159,45.58169929,0.302703136,0.11351011,0.161100654,48.8534,57353.0,230.66,22.7
2072,ssp585,SSP5-8.5 (High),0.664,2.7753,47.4796,46.899966515,0.302991123,0.11351011,0.163104045,50.2549,58930.0,233.17,22.7
2073,ssp585,SSP5-8.5 (High),0.676,2.856,48.7923,48.211947544,0.303150781,0.11351011,0.163691178,51.6483,60497.0,233.9,22.7
2074,ssp585,SSP5-8.5 (High),0.688,2.9388,50.1374,49.551882776,0.30407131,0.11351011,0.16795104,53.0762,62081.0,239.22,22.7
2075,ssp585,SSP5-8.5 (High),0.7,3.0214,51.4869,50.89791637,0.304982291,0.11351011,0.170518892,54.5083,63688.0,242.43,22.7
2076,ssp585,SSP5-8.5 (High),0.712,3.1025,52.8079,52.217214844,0.305274123,0.11351011,0.171905176,55.910399999999996,65258.0,244.17,22.7
2077,ssp585,SSP5-8.5 (High),0.724,3.187,54.1926,53.581723995,0.305860762,0.129647643,0.175392543,57.379599999999996,66871.0,248.53,25.93
2078,ssp585,SSP5-8.5 (High),0.736,3.268,55.5107,54.894963883,0.306847893,0.129647643,0.179194798,58.7787,68427.0,253.28,25.93
2079,ssp585,SSP5-8.5 (High),0.748,3.3491,56.8348,56.215358426,0.307377759,0.129647643,0.182415761,60.1839,70002.0,257.31,25.93
2080,ssp585,SSP5-8.5 (High),0.76,3.4355,58.2314,57.608937003,0.308026077,0.129647643,0.184751183,61.6669,71646.0,260.23,25.93
2081,ssp585,SSP5-8.5 (High),0.772,3.522,59.6275,59.000813282,0.308880294,0.129647643,0.188137391,63.149499999999996,73281.0,264.46,25.93
2082,ssp585,SSP5-8.5 (High),0.784,3.6071,61.0033,60.374252309,0.308983469,0.131249593,0.188855131,64.6104,74900.0,265.36,26.25
2083,ssp585,SSP5-8.5 (High),0.796,3.6897,62.3429,61.709611744,0.309794555,0.131249593,0.192272678,66.0326,76479.0,269.63,26.25
2084,ssp585,SSP5-8.5 (High),0.808,3.7748,63.7177,63.081745505,0.311478476,0.131249593,0.193222383,67.4925,78095.0,270.81,26.25
2085,ssp585,SSP5-8.5 (High),0.82,3.8631,65.136,64.495270639,0.312289507,0.131249593,0.197173028,68.9991,79746.0,275.75,26.25
2086,ssp585,SSP5-8.5 (High),0.832,3.9484,66.5083,65.865833219,0.312479728,0.131694826,0.198325184,70.45670000000001,81354.0,277.19,26.34
2087,ssp585,SSP5-8.5 (High),0.844,4.0387,67.9518,67.307626352,0.312710443,0.131694826,0.199767933,71.99050000000001,83034.0,279.0,26.34
2088,ssp585,SSP5-8.5 (High),0.856,4.1311,69.439,68.780750291,0.316088156,0.138937083,0.203180701,73.5701,84746.0,283.26,27.79
2089,ssp585,SSP5-8.5 (High),0.868,4.219,70.8485,70.184312828,0.317031097,0.138937083,0.208256879,75.0675,86379.0,289.61,27.79
2090,ssp585,SSP5-8.5 (High),0.88,4.3143,72.3596,71.692708417,0.317722296,0.138937083,0.210250762,76.6739,88120.0,292.1,27.79
2091,ssp585,SSP5-8.5 (High),0.892,4.4025,73.7641,73.095196244,0.318730289,0.138937083,0.211244696,78.1666,89748.0,293.34,27.79
2092,ssp585,SSP5-8.5 (High),0.904,4.4944,75.2578,74.561894768,0.331664847,0.146400869,0.217864859,79.7522,91452.0,301.62,29.28
2093,ssp585,SSP5-8.5 (High),0.916,4.5857,76.7193,76.004829641,0.331849138,0.163437812,0.219146881,81.305,93115.0,303.22,32.69
2094,ssp585,SSP5-8.5 (High),0.928,4.6765,78.1719,77.450489219,0.333997867,0.16383634,0.223626323,82.8484,94791.0,308.82,32.77
2095,ssp585,SSP5-8.5 (High),0.94,4.7685,79.6327,78.909142531,0.334701218,0.164649925,0.224214176,84.4012,96479.0,309.55,32.93
2096,ssp585,SSP5-8.5 (High),0.952,4.8621,81.1161,80.389653893,0.335207296,0.164649925,0.226634018,85.9782,98185.0,312.58,32.93
2097,ssp585,SSP5-8.5 (High),0.964,4.9544,82.5922,81.846761805,0.342299544,0.171157043,0.231953816,87.54660000000001,99861.0,319.23,34.23
2098,ssp585,SSP5-8.5 (High),0.976,5.0494,84.1083,83.34717553,0.351525662,0.171157043,0.2384419,89.1577,101585.0,327.34,34.23
2099,ssp585,SSP5-8.5 (High),0.988,5.1413,85.5718,84.801594092,0.353701349,0.174956176,0.241560059,90.7131,103262.0,331.24,34.99
2100,ssp585,SSP5-8.5 (High),1.0,5.2637,87.6824,86.853798759,0.372395436,0.205987459,0.250173701,92.9461,105809.0,343.76,41.2
