year,scenario,scenario_label,slr_m,density_scenario,density_label,buildings_count,infra_buildings_bn,roads_eur,railways_eur,utilities_eur,infra_replacement_bn,gdp_at_risk_bn,total_exposure_bn
2025,ssp126,SSP1-2.6 (Low),0.035,base,Base estimate,1378.0,1.050020304,2981774.0,866140.0,19835212.0,1.0737,0.0613,1.135
2026,ssp126,SSP1-2.6 (Low),0.042,base,Base estimate,1662.0,1.268022582,3338032.0,866140.0,22069140.0,1.2943,0.0741,1.3684
2027,ssp126,SSP1-2.6 (Low),0.049,base,Base estimate,1945.0,1.480440649,3338032.0,866140.0,22069140.0,1.5067,0.0862,1.5929
2028,ssp126,SSP1-2.6 (Low),0.056,base,Base estimate,2239.0,1.703772272,3443769.0,866140.0,22804703.0,1.7309,0.0991,1.83
2029,ssp126,SSP1-2.6 (Low),0.063,base,Base estimate,2538.0,1.93118543,5117289.0,866140.0,26052135.0,1.9632,0.1124,2.0756
2030,ssp126,SSP1-2.6 (Low),0.07,base,Base estimate,2847.0,2.167606545,5525419.0,1715075.0,28891300.0,2.2037,0.1263,2.33
2031,ssp126,SSP1-2.6 (Low),0.0765,base,Base estimate,3138.0,2.390369509,5554194.0,1715075.0,29006403.0,2.4266,0.1393,2.5659
2032,ssp126,SSP1-2.6 (Low),0.083,base,Base estimate,3447.0,2.627963301,5628762.0,1715075.0,29525132.0,2.6648,0.1533,2.8181000000000003
2033,ssp126,SSP1-2.6 (Low),0.0895,base,Base estimate,3746.0,2.857476523,5628762.0,1715075.0,29525132.0,2.8943,0.1667,3.061
2034,ssp126,SSP1-2.6 (Low),0.096,base,Base estimate,4059.0,3.098497007,5628762.0,1715075.0,29525132.0,3.1354,0.1808,3.3162000000000003
2035,ssp126,SSP1-2.6 (Low),0.1025,base,Base estimate,4373.0,3.340598093,5666334.0,1715075.0,29675421.0,3.3777,0.1951,3.5728
2036,ssp126,SSP1-2.6 (Low),0.109,base,Base estimate,4682.0,3.574129502,5888853.0,1715075.0,31223378.0,3.613,0.2086,3.8216
2037,ssp126,SSP1-2.6 (Low),0.1155,base,Base estimate,5009.0,3.825548655,5888853.0,1715075.0,31223378.0,3.8644,0.2234,4.0878
2038,ssp126,SSP1-2.6 (Low),0.122,base,Base estimate,5331.0,4.072699912,5970805.0,1715075.0,31793484.0,4.1122,0.2378,4.35
2039,ssp126,SSP1-2.6 (Low),0.1285,base,Base estimate,5658.0,4.326950579,5970805.0,1715075.0,31793484.0,4.3664,0.2529,4.6193
2040,ssp126,SSP1-2.6 (Low),0.135,base,Base estimate,6011.0,4.606276794,5991915.0,1715075.0,31940337.0,4.6459,0.2695,4.9154
2041,ssp126,SSP1-2.6 (Low),0.1415,base,Base estimate,6367.0,4.879059736,6180915.0,1715075.0,33255114.0,4.9202,0.2855,5.2057
2042,ssp126,SSP1-2.6 (Low),0.148,base,Base estimate,6731.0,5.162335632,6261843.0,1715075.0,33818095.0,5.2041,0.3022,5.5063
2043,ssp126,SSP1-2.6 (Low),0.1545,base,Base estimate,7098.0,5.451096299,6485499.0,1715075.0,35373965.0,5.4947,0.3194,5.8141
2044,ssp126,SSP1-2.6 (Low),0.161,base,Base estimate,7452.0,5.723519777,6802037.0,1715075.0,36838893.0,5.7689,0.3354,6.1043
2045,ssp126,SSP1-2.6 (Low),0.1675,base,Base estimate,7835.0,6.021018065,6802037.0,1715075.0,36838893.0,6.0664,0.3529,6.4193
2046,ssp126,SSP1-2.6 (Low),0.174,base,Base estimate,8203.0,6.309352973,6802037.0,1715075.0,36838893.0,6.3547,0.3699,6.724600000000001
2047,ssp126,SSP1-2.6 (Low),0.1805,base,Base estimate,8598.0,6.623284945,6810756.0,1715075.0,36899551.0,6.6687,0.3886,7.057300000000001
2048,ssp126,SSP1-2.6 (Low),0.187,base,Base estimate,8976.0,6.916281097,7021330.0,1715075.0,38118931.0,6.9631,0.4058,7.3689
2049,ssp126,SSP1-2.6 (Low),0.1935,base,Base estimate,9367.0,7.218779468,7833525.0,1715075.0,43768988.0,7.2721,0.4234,7.6955
2050,ssp126,SSP1-2.6 (Low),0.2,base,Base estimate,9769.0,7.526399462,7834481.0,1715075.0,43775634.0,7.5797,0.4412,8.0209
2051,ssp126,SSP1-2.6 (Low),0.204,base,Base estimate,10008.0,7.710806606,8127298.0,1715075.0,45812628.0,7.7665,0.4519,8.218399999999999
2052,ssp126,SSP1-2.6 (Low),0.208,base,Base estimate,10265.0,7.912115178,8303860.0,1715075.0,46121483.0,7.9683,0.4638,8.4321
2053,ssp126,SSP1-2.6 (Low),0.212,base,Base estimate,10510.0,8.101992359,8545292.0,1715075.0,47801007.0,8.1601,0.4749,8.635
2054,ssp126,SSP1-2.6 (Low),0.216,base,Base estimate,10776.0,8.311942059,8637209.0,1715075.0,48440428.0,8.3707,0.4873,8.857999999999999
2055,ssp126,SSP1-2.6 (Low),0.22,base,Base estimate,11043.0,8.523159457,8637209.0,1715075.0,48440428.0,8.582,0.4999,9.081900000000001
2056,ssp126,SSP1-2.6 (Low),0.224,base,Base estimate,11303.0,8.726278607,8640288.0,9129641.0,48452746.0,8.7925,0.5119,9.304400000000001
2057,ssp126,SSP1-2.6 (Low),0.228,base,Base estimate,11563.0,8.928387871,9270437.0,9129641.0,49460983.0,8.9962,0.5238,9.52
2058,ssp126,SSP1-2.6 (Low),0.232,base,Base estimate,11851.0,9.155280248,9527230.0,9129641.0,51247369.0,9.2252,0.5372,9.7624
2059,ssp126,SSP1-2.6 (Low),0.236,base,Base estimate,12107.0,9.350564119,10869973.0,9129641.0,54265770.0,9.4248,0.5485,9.9733
2060,ssp126,SSP1-2.6 (Low),0.24,base,Base estimate,12384.0,9.566788229,10938453.0,9129641.0,54742150.0,9.6416,0.5612,10.2028
2061,ssp126,SSP1-2.6 (Low),0.244,base,Base estimate,12667.0,9.786725572,10938453.0,9129641.0,54742150.0,9.8615,0.5741,10.435599999999999
2062,ssp126,SSP1-2.6 (Low),0.248,base,Base estimate,12956.0,10.016696963,11067914.0,9129641.0,55642748.0,10.0925,0.5877,10.6802
2063,ssp126,SSP1-2.6 (Low),0.252,base,Base estimate,13239.0,10.23613415,11067914.0,9129641.0,55642748.0,10.312,0.6006,10.9126
2064,ssp126,SSP1-2.6 (Low),0.256,base,Base estimate,13521.0,10.454327945,11067914.0,9129641.0,55642748.0,10.5302,0.6133,11.143500000000001
2065,ssp126,SSP1-2.6 (Low),0.26,base,Base estimate,13800.0,10.668078533,63528978.0,37333095.0,56604164.0,10.8255,0.6257,11.4512
2066,ssp126,SSP1-2.6 (Low),0.264,base,Base estimate,14097.0,10.903340966,63528978.0,37333095.0,56604164.0,11.0608,0.6396,11.7004
2067,ssp126,SSP1-2.6 (Low),0.268,base,Base estimate,14392.0,11.13242843,64035799.0,37333095.0,60129873.0,11.2939,0.653,11.946900000000001
2068,ssp126,SSP1-2.6 (Low),0.272,base,Base estimate,14703.0,11.378704599,64057881.0,37333095.0,60223718.0,11.5403,0.6676,12.2079
2069,ssp126,SSP1-2.6 (Low),0.276,base,Base estimate,15002.0,11.614591675,64057881.0,37333095.0,60223718.0,11.7762,0.6816,12.457799999999999
2070,ssp126,SSP1-2.6 (Low),0.28,base,Base estimate,15297.0,11.8486969,64234470.0,37333095.0,61452159.0,12.0117,0.6955,12.7072
2071,ssp126,SSP1-2.6 (Low),0.284,base,Base estimate,15603.0,12.086865245,64614747.0,37333095.0,64026772.0,12.2528,0.7094,12.962200000000001
2072,ssp126,SSP1-2.6 (Low),0.288,base,Base estimate,15908.0,12.326805864,64671970.0,37333095.0,64424843.0,12.4932,0.7236,13.2168
2073,ssp126,SSP1-2.6 (Low),0.292,base,Base estimate,16231.0,12.577802206,64700375.0,37333095.0,64622445.0,12.7445,0.7382,13.482700000000001
2074,ssp126,SSP1-2.6 (Low),0.296,base,Base estimate,16563.0,12.840674111,64825335.0,37333095.0,65477605.0,13.0083,0.7539,13.7622
2075,ssp126,SSP1-2.6 (Low),0.3,base,Base estimate,16869.0,13.082093099,65099294.0,37333095.0,67383402.0,13.2519,0.7681,14.02
2076,ssp126,SSP1-2.6 (Low),0.304,base,Base estimate,17188.0,13.337226221,65099294.0,37333095.0,67383402.0,13.507,0.7833,14.2903
2077,ssp126,SSP1-2.6 (Low),0.308,base,Base estimate,17518.0,13.597243041,65099294.0,37333095.0,67383402.0,13.7671,0.7987,14.5658
2078,ssp126,SSP1-2.6 (Low),0.312,base,Base estimate,17831.0,13.841827963,65099294.0,37333095.0,67383402.0,14.0116,0.8131,14.8247
2079,ssp126,SSP1-2.6 (Low),0.316,base,Base estimate,18164.0,14.102520251,65305184.0,37333095.0,68815681.0,14.274,0.8284,15.1024
2080,ssp126,SSP1-2.6 (Low),0.32,base,Base estimate,18496.0,14.366978806,65318280.0,57248176.0,68906788.0,14.5585,0.8441,15.4026
2081,ssp126,SSP1-2.6 (Low),0.324,base,Base estimate,18810.0,14.613024418,65825560.0,58197105.0,71040913.0,14.8081,0.8586,15.666699999999999
2082,ssp126,SSP1-2.6 (Low),0.328,base,Base estimate,19142.0,14.874795097,65882768.0,58197105.0,71438886.0,15.0703,0.874,15.9443
2083,ssp126,SSP1-2.6 (Low),0.332,base,Base estimate,19486.0,15.150279174,65943023.0,58197105.0,71858049.0,15.3463,0.8905,16.2368
2084,ssp126,SSP1-2.6 (Low),0.336,base,Base estimate,19857.0,15.451532681,65943023.0,58197105.0,71858049.0,15.6475,0.9086,16.5561
2085,ssp126,SSP1-2.6 (Low),0.34,base,Base estimate,20230.0,15.752070206,66015527.0,58197105.0,72362423.0,15.9486,0.9267,16.8753
2086,ssp126,SSP1-2.6 (Low),0.344,base,Base estimate,20570.0,16.021595139,66015527.0,58197105.0,72362423.0,16.2182,0.9426,17.1608
2087,ssp126,SSP1-2.6 (Low),0.348,base,Base estimate,20915.0,16.294308103,66177477.0,58197105.0,73424807.0,16.4921,0.9588,17.4509
2088,ssp126,SSP1-2.6 (Low),0.352,base,Base estimate,21296.0,16.594974535,68044406.0,58197105.0,76773821.0,16.798,0.9766,17.7746
2089,ssp126,SSP1-2.6 (Low),0.356,base,Base estimate,21642.0,16.868773993,68044406.0,58197105.0,76773821.0,17.0718,0.9928,18.0646
2090,ssp126,SSP1-2.6 (Low),0.36,base,Base estimate,22005.0,17.159260528,73897637.0,58197105.0,79266172.0,17.3706,1.0102,18.3808
2091,ssp126,SSP1-2.6 (Low),0.364,base,Base estimate,22368.0,17.446665102,73897637.0,58197105.0,79266172.0,17.658,1.0272,18.685200000000002
2092,ssp126,SSP1-2.6 (Low),0.368,base,Base estimate,22692.0,17.702107598,73897637.0,58197105.0,79266172.0,17.9135,1.0423,18.9558
2093,ssp126,SSP1-2.6 (Low),0.372,base,Base estimate,23051.0,17.991438398,95272788.0,58197105.0,80308670.0,18.2252,1.0596,19.2848
2094,ssp126,SSP1-2.6 (Low),0.376,base,Base estimate,23415.0,18.281095513,95272788.0,58197105.0,80308670.0,18.5149,1.0768,19.5917
2095,ssp126,SSP1-2.6 (Low),0.38,base,Base estimate,23828.0,18.612709717,95301004.0,58197105.0,80504951.0,18.8467,1.0967,19.943399999999997
2096,ssp126,SSP1-2.6 (Low),0.384,base,Base estimate,24193.0,18.90203094,95334099.0,58197105.0,80727842.0,19.1363,1.1137,20.25
2097,ssp126,SSP1-2.6 (Low),0.388,base,Base estimate,24578.0,19.208518034,95534280.0,60202531.0,82120407.0,19.4464,1.1319,20.5783
2098,ssp126,SSP1-2.6 (Low),0.392,base,Base estimate,24965.0,19.518934921,95787543.0,60202531.0,82248229.0,19.7572,1.1504,20.907600000000002
2099,ssp126,SSP1-2.6 (Low),0.396,base,Base estimate,25339.0,19.818142136,95796127.0,60202531.0,82307944.0,20.0564,1.1683,21.2247
2100,ssp126,SSP1-2.6 (Low),0.4,base,Base estimate,25741.0,20.14800027,97283644.0,60202531.0,82902951.0,20.3884,1.1883,21.576700000000002
2025,ssp245,SSP2-4.5 (Intermediate),0.05,base,Base estimate,1980.0,1.504728764,3338032.0,866140.0,22069140.0,1.531,0.0876,1.6185999999999998
2026,ssp245,SSP2-4.5 (Intermediate),0.06,base,Base estimate,2400.0,1.82518412,5117289.0,866140.0,26052135.0,1.8572,0.1062,1.9634
2027,ssp245,SSP2-4.5 (Intermediate),0.07,base,Base estimate,2847.0,2.167606545,5525419.0,1715075.0,28891300.0,2.2037,0.1263,2.33
2028,ssp245,SSP2-4.5 (Intermediate),0.08,base,Base estimate,3307.0,2.519884025,5628762.0,1715075.0,29525132.0,2.5568,0.1469,2.7037
2029,ssp245,SSP2-4.5 (Intermediate),0.09,base,Base estimate,3773.0,2.878653951,5628762.0,1715075.0,29525132.0,2.9155,0.168,3.0835000000000004
2030,ssp245,SSP2-4.5 (Intermediate),0.1,base,Base estimate,4246.0,3.243514873,5666334.0,1715075.0,29675421.0,3.2806,0.1894,3.47
2031,ssp245,SSP2-4.5 (Intermediate),0.11,base,Base estimate,4729.0,3.610285815,5888853.0,1715075.0,31223378.0,3.6491,0.2107,3.8598
2032,ssp245,SSP2-4.5 (Intermediate),0.12,base,Base estimate,5238.0,4.001970988,5970805.0,1715075.0,31793484.0,4.0415,0.2337,4.2752
2033,ssp245,SSP2-4.5 (Intermediate),0.13,base,Base estimate,5742.0,4.393447701,5970805.0,1715075.0,31793484.0,4.4329,0.2569,4.6898
2034,ssp245,SSP2-4.5 (Intermediate),0.14,base,Base estimate,6280.0,4.812132436,6180915.0,1715075.0,33255114.0,4.8533,0.2816,5.1349
2035,ssp245,SSP2-4.5 (Intermediate),0.15,base,Base estimate,6844.0,5.251735313,6261843.0,1715075.0,33818095.0,5.2935,0.3075,5.601
2036,ssp245,SSP2-4.5 (Intermediate),0.16,base,Base estimate,7397.0,5.681155346,6734803.0,1715075.0,36371179.0,5.726,0.3329,6.0588999999999995
2037,ssp245,SSP2-4.5 (Intermediate),0.17,base,Base estimate,7981.0,6.136564318,6802037.0,1715075.0,36838893.0,6.1819,0.3597,6.5416
2038,ssp245,SSP2-4.5 (Intermediate),0.18,base,Base estimate,8565.0,6.596787012,6810756.0,1715075.0,36899551.0,6.6422,0.387,7.0291999999999994
2039,ssp245,SSP2-4.5 (Intermediate),0.19,base,Base estimate,9156.0,7.055103368,7287321.0,1715075.0,39969309.0,7.1041,0.4138,7.5179
2040,ssp245,SSP2-4.5 (Intermediate),0.2,base,Base estimate,9769.0,7.526399462,7834481.0,1715075.0,43775634.0,7.5797,0.4412,8.0209
2041,ssp245,SSP2-4.5 (Intermediate),0.21,base,Base estimate,10391.0,8.011674131,8423770.0,1715075.0,46955636.0,8.0688,0.4697,8.538499999999999
2042,ssp245,SSP2-4.5 (Intermediate),0.22,base,Base estimate,11043.0,8.523159457,8637209.0,1715075.0,48440428.0,8.582,0.4999,9.081900000000001
2043,ssp245,SSP2-4.5 (Intermediate),0.23,base,Base estimate,11705.0,9.040504485,9270437.0,9129641.0,49460983.0,9.1084,0.5305,9.6389
2044,ssp245,SSP2-4.5 (Intermediate),0.24,base,Base estimate,12384.0,9.566788229,10938453.0,9129641.0,54742150.0,9.6416,0.5612,10.2028
2045,ssp245,SSP2-4.5 (Intermediate),0.25,base,Base estimate,13105.0,10.133117568,11067914.0,9129641.0,55642748.0,10.209,0.5946,10.8036
2046,ssp245,SSP2-4.5 (Intermediate),0.26,base,Base estimate,13800.0,10.668078533,63528978.0,37333095.0,56604164.0,10.8255,0.6257,11.4512
2047,ssp245,SSP2-4.5 (Intermediate),0.27,base,Base estimate,14552.0,11.260010091,64037664.0,37333095.0,60142849.0,11.4215,0.6606,12.0821
2048,ssp245,SSP2-4.5 (Intermediate),0.28,base,Base estimate,15297.0,11.8486969,64234470.0,37333095.0,61452159.0,12.0117,0.6955,12.7072
2049,ssp245,SSP2-4.5 (Intermediate),0.29,base,Base estimate,16084.0,12.464674231,64700375.0,37333095.0,64622445.0,12.6313,0.7316,13.3629
2050,ssp245,SSP2-4.5 (Intermediate),0.3,base,Base estimate,16869.0,13.082093099,65099294.0,37333095.0,67383402.0,13.2519,0.7681,14.02
2051,ssp245,SSP2-4.5 (Intermediate),0.306,base,Base estimate,17347.0,13.462195877,65099294.0,37333095.0,67383402.0,13.632,0.7907,14.422699999999999
2052,ssp245,SSP2-4.5 (Intermediate),0.312,base,Base estimate,17831.0,13.841827963,65099294.0,37333095.0,67383402.0,14.0116,0.8131,14.8247
2053,ssp245,SSP2-4.5 (Intermediate),0.318,base,Base estimate,18327.0,14.23178874,65318280.0,57248176.0,68906788.0,14.4233,0.8361,15.2594
2054,ssp245,SSP2-4.5 (Intermediate),0.324,base,Base estimate,18810.0,14.613024418,65825560.0,58197105.0,71040913.0,14.8081,0.8586,15.666699999999999
2055,ssp245,SSP2-4.5 (Intermediate),0.33,base,Base estimate,19318.0,15.016591048,65882768.0,58197105.0,71438886.0,15.2121,0.8825,16.0946
2056,ssp245,SSP2-4.5 (Intermediate),0.336,base,Base estimate,19857.0,15.451532681,65943023.0,58197105.0,71858049.0,15.6475,0.9086,16.5561
2057,ssp245,SSP2-4.5 (Intermediate),0.342,base,Base estimate,20406.0,15.89175136,66015527.0,58197105.0,72362423.0,16.0883,0.935,17.0233
2058,ssp245,SSP2-4.5 (Intermediate),0.348,base,Base estimate,20915.0,16.294308103,66177477.0,58197105.0,73424807.0,16.4921,0.9588,17.4509
2059,ssp245,SSP2-4.5 (Intermediate),0.354,base,Base estimate,21473.0,16.736032406,68044406.0,58197105.0,76773821.0,16.939,0.985,17.924
2060,ssp245,SSP2-4.5 (Intermediate),0.36,base,Base estimate,22005.0,17.159260528,73897637.0,58197105.0,79266172.0,17.3706,1.0102,18.3808
2061,ssp245,SSP2-4.5 (Intermediate),0.366,base,Base estimate,22533.0,17.577637361,73897637.0,58197105.0,79266172.0,17.789,1.035,18.824
2062,ssp245,SSP2-4.5 (Intermediate),0.372,base,Base estimate,23051.0,17.991438398,95272788.0,58197105.0,80308670.0,18.2252,1.0596,19.2848
2063,ssp245,SSP2-4.5 (Intermediate),0.378,base,Base estimate,23621.0,18.447794645,95272788.0,58197105.0,80308670.0,18.6816,1.0868,19.7684
2064,ssp245,SSP2-4.5 (Intermediate),0.384,base,Base estimate,24193.0,18.90203094,95334099.0,58197105.0,80727842.0,19.1363,1.1137,20.25
2065,ssp245,SSP2-4.5 (Intermediate),0.39,base,Base estimate,24778.0,19.368737978,95538324.0,60202531.0,82148541.0,19.6066,1.1414,20.748
2066,ssp245,SSP2-4.5 (Intermediate),0.396,base,Base estimate,25339.0,19.818142136,95796127.0,60202531.0,82307944.0,20.0564,1.1683,21.2247
2067,ssp245,SSP2-4.5 (Intermediate),0.402,base,Base estimate,25941.0,20.310007957,97283644.0,60202531.0,82902951.0,20.5504,1.198,21.7484
2068,ssp245,SSP2-4.5 (Intermediate),0.408,base,Base estimate,26505.0,20.760027182,97398362.0,60202531.0,83509645.0,21.0011,1.2249,22.226000000000003
2069,ssp245,SSP2-4.5 (Intermediate),0.414,base,Base estimate,27100.0,21.244757499,97398362.0,62225576.0,83509645.0,21.4879,1.2541,22.742
2070,ssp245,SSP2-4.5 (Intermediate),0.42,base,Base estimate,27675.0,21.705992289,97616776.0,62225576.0,85029049.0,21.9509,1.2816,23.2325
2071,ssp245,SSP2-4.5 (Intermediate),0.426,base,Base estimate,28296.0,22.206490398,97813108.0,62225576.0,86394832.0,22.4529,1.3116,23.764499999999998
2072,ssp245,SSP2-4.5 (Intermediate),0.432,base,Base estimate,28898.0,22.693833457,98016244.0,62225576.0,87807956.0,22.9419,1.3408,24.282700000000002
2073,ssp245,SSP2-4.5 (Intermediate),0.438,base,Base estimate,29507.0,23.18554459,98047505.0,62225576.0,88025422.0,23.4338,1.3703,24.804100000000002
2074,ssp245,SSP2-4.5 (Intermediate),0.444,base,Base estimate,30115.0,23.675000236,98047505.0,62225576.0,88025422.0,23.9233,1.3996,25.3229
2075,ssp245,SSP2-4.5 (Intermediate),0.45,base,Base estimate,30751.0,24.186461254,99288233.0,62225576.0,88521713.0,24.4365,1.4301,25.8666
2076,ssp245,SSP2-4.5 (Intermediate),0.456,base,Base estimate,31370.0,24.686261797,99397831.0,62225576.0,89284133.0,24.9372,1.4601,26.3973
2077,ssp245,SSP2-4.5 (Intermediate),0.462,base,Base estimate,32031.0,25.228078355,99764688.0,62225576.0,91836179.0,25.4819,1.4929,26.9748
2078,ssp245,SSP2-4.5 (Intermediate),0.468,base,Base estimate,32665.0,25.740351113,99821354.0,62225576.0,92230377.0,25.9946,1.5236,27.5182
2079,ssp245,SSP2-4.5 (Intermediate),0.474,base,Base estimate,33314.0,26.266898563,100005857.0,62225576.0,93513876.0,26.5226,1.5552,28.0778
2080,ssp245,SSP2-4.5 (Intermediate),0.48,base,Base estimate,33974.0,26.804993787,100005857.0,62225576.0,93513876.0,27.0607,1.5876,28.6483
2081,ssp245,SSP2-4.5 (Intermediate),0.486,base,Base estimate,34669.0,27.375267651,100269798.0,62225576.0,95206081.0,27.633,1.6221,29.2551
2082,ssp245,SSP2-4.5 (Intermediate),0.492,base,Base estimate,35315.0,27.896650018,102716928.0,62225576.0,99990852.0,28.1616,1.6534,29.815
2083,ssp245,SSP2-4.5 (Intermediate),0.498,base,Base estimate,35978.0,28.434911715,103103426.0,66197060.0,102679528.0,28.7069,1.6859,30.3928
2084,ssp245,SSP2-4.5 (Intermediate),0.504,base,Base estimate,39156.0,30.512228023,110589895.0,66197060.0,108991110.0,30.798,1.7763,32.5743
2085,ssp245,SSP2-4.5 (Intermediate),0.51,base,Base estimate,39865.0,31.096842136,111905517.0,66197060.0,112534001.0,31.3875,1.8117,33.1992
2086,ssp245,SSP2-4.5 (Intermediate),0.516,base,Base estimate,40547.0,31.65510269,111905517.0,66197060.0,112534001.0,31.9457,1.8455,33.791199999999996
2087,ssp245,SSP2-4.5 (Intermediate),0.522,base,Base estimate,41272.0,32.253153236,112244159.0,66197060.0,114889768.0,32.5465,1.8819,34.4284
2088,ssp245,SSP2-4.5 (Intermediate),0.528,base,Base estimate,42021.0,32.8716063,112807711.0,66197060.0,117416168.0,33.168,1.9195,35.0875
2089,ssp245,SSP2-4.5 (Intermediate),0.534,base,Base estimate,42697.0,33.420601086,113070623.0,66197060.0,119245121.0,33.7191,1.9525,35.6716
2090,ssp245,SSP2-4.5 (Intermediate),0.54,base,Base estimate,43403.0,33.999868175,113647289.0,66197060.0,120862027.0,34.3006,1.9875,36.2881
2091,ssp245,SSP2-4.5 (Intermediate),0.546,base,Base estimate,44105.0,34.577283436,121711965.0,66197060.0,126517736.0,34.8917,2.0226,36.9143
2092,ssp245,SSP2-4.5 (Intermediate),0.552,base,Base estimate,44870.0,35.209214183,139610446.0,66197060.0,133677128.0,35.5487,2.0611,37.6098
2093,ssp245,SSP2-4.5 (Intermediate),0.558,base,Base estimate,45583.0,35.800426077,139783467.0,66197060.0,134835356.0,36.1412,2.0971,38.238299999999995
2094,ssp245,SSP2-4.5 (Intermediate),0.564,base,Base estimate,46339.0,36.430292854,139813538.0,66197060.0,135044546.0,36.7713,2.1357,38.907
2095,ssp245,SSP2-4.5 (Intermediate),0.57,base,Base estimate,47039.0,37.007040013,139827515.0,66197060.0,135141782.0,37.3482,2.1707,39.5189
2096,ssp245,SSP2-4.5 (Intermediate),0.576,base,Base estimate,47776.0,37.609132317,139917292.0,69547363.0,135766315.0,37.9544,2.2068,40.1612
2097,ssp245,SSP2-4.5 (Intermediate),0.582,base,Base estimate,48523.0,38.225900763,140056546.0,69547363.0,136152451.0,38.5717,2.2444,40.8161
2098,ssp245,SSP2-4.5 (Intermediate),0.588,base,Base estimate,49293.0,38.874696845,140168442.0,69547363.0,136420978.0,39.2208,2.2844,41.505199999999995
2099,ssp245,SSP2-4.5 (Intermediate),0.594,base,Base estimate,50034.0,39.488358285,140168442.0,69547363.0,136420978.0,39.8345,2.3218,42.1563
2100,ssp245,SSP2-4.5 (Intermediate),0.6,base,Base estimate,50755.0,40.086140707,295940880.0,69547363.0,137620955.0,40.5892,2.3582,42.9474
2025,ssp585,SSP5-8.5 (High),0.065,base,Base estimate,2632.0,2.003399352,5117289.0,1715075.0,26052135.0,2.0363,0.1167,2.153
2026,ssp585,SSP5-8.5 (High),0.078,base,Base estimate,3215.0,2.449510145,5628762.0,1715075.0,29525132.0,2.4864,0.1428,2.6292
2027,ssp585,SSP5-8.5 (High),0.091,base,Base estimate,3823.0,2.917850238,5628762.0,1715075.0,29525132.0,2.9547,0.1703,3.125
2028,ssp585,SSP5-8.5 (High),0.104,base,Base estimate,4438.0,3.387242205,5666334.0,1715075.0,29675421.0,3.4243,0.1977,3.622
2029,ssp585,SSP5-8.5 (High),0.117,base,Base estimate,5083.0,3.881996995,5888853.0,1715075.0,31223378.0,3.9208,0.2266,4.1474
2030,ssp585,SSP5-8.5 (High),0.13,base,Base estimate,5742.0,4.393447701,5970805.0,1715075.0,31793484.0,4.4329,0.2569,4.6898
2031,ssp585,SSP5-8.5 (High),0.1435,base,Base estimate,6480.0,4.96646837,6180915.0,1715075.0,33255114.0,5.0076,0.2907,5.2983
2032,ssp585,SSP5-8.5 (High),0.157,base,Base estimate,7238.0,5.559889346,6734803.0,1715075.0,36371179.0,5.6047,0.3258,5.9305
2033,ssp585,SSP5-8.5 (High),0.1705,base,Base estimate,8008.0,6.156896122,6802037.0,1715075.0,36838893.0,6.2023,0.3609,6.5632
2034,ssp585,SSP5-8.5 (High),0.184,base,Base estimate,8792.0,6.772323944,6856584.0,1715075.0,36972875.0,6.8179,0.3973,7.215199999999999
2035,ssp585,SSP5-8.5 (High),0.1975,base,Base estimate,9629.0,7.420244937,7833525.0,1715075.0,43768988.0,7.4736,0.4351,7.9087000000000005
2036,ssp585,SSP5-8.5 (High),0.211,base,Base estimate,10451.0,8.056920165,8423770.0,1715075.0,46955636.0,8.114,0.4723,8.586300000000001
2037,ssp585,SSP5-8.5 (High),0.2245,base,Base estimate,11338.0,8.753708348,8640288.0,9129641.0,48452746.0,8.8199,0.5135,9.333400000000001
2038,ssp585,SSP5-8.5 (High),0.238,base,Base estimate,12240.0,9.453450322,10869973.0,9129641.0,54265770.0,9.5277,0.5545,10.0822
2039,ssp585,SSP5-8.5 (High),0.2515,base,Base estimate,13205.0,10.210092912,11067914.0,9129641.0,55642748.0,10.2859,0.5991,10.885
2040,ssp585,SSP5-8.5 (High),0.265,base,Base estimate,14172.0,10.960623145,64035799.0,37333095.0,60129873.0,11.1221,0.6429,11.765
2041,ssp585,SSP5-8.5 (High),0.2785,base,Base estimate,15194.0,11.768005378,64234470.0,37333095.0,61452159.0,11.931,0.6908,12.621799999999999
2042,ssp585,SSP5-8.5 (High),0.292,base,Base estimate,16231.0,12.577802206,64700375.0,37333095.0,64622445.0,12.7445,0.7382,13.482700000000001
2043,ssp585,SSP5-8.5 (High),0.3055,base,Base estimate,17314.0,13.435926291,65099294.0,37333095.0,67383402.0,13.6057,0.7891,14.3948
2044,ssp585,SSP5-8.5 (High),0.319,base,Base estimate,18406.0,14.29501754,65318280.0,57248176.0,68906788.0,14.4865,0.8398,15.3263
2045,ssp585,SSP5-8.5 (High),0.3325,base,Base estimate,19530.0,15.185897028,65943023.0,58197105.0,71858049.0,15.3819,0.8927,16.2746
2046,ssp585,SSP5-8.5 (High),0.346,base,Base estimate,20731.0,16.146811558,66170731.0,58197105.0,73377874.0,16.3446,0.95,17.2946
2047,ssp585,SSP5-8.5 (High),0.3595,base,Base estimate,21953.0,17.117187057,73897637.0,58197105.0,79266172.0,17.3285,1.0077,18.336199999999998
2048,ssp585,SSP5-8.5 (High),0.373,base,Base estimate,23150.0,18.07209309,95272788.0,58197105.0,80308670.0,18.3059,1.0645,19.3704
2049,ssp585,SSP5-8.5 (High),0.3865,base,Base estimate,24439.0,19.099294071,95369909.0,58197105.0,80976954.0,19.3338,1.1255,20.4593
2050,ssp585,SSP5-8.5 (High),0.4,base,Base estimate,25741.0,20.14800027,97283644.0,60202531.0,82902951.0,20.3884,1.1883,21.576700000000002
2051,ssp585,SSP5-8.5 (High),0.412,base,Base estimate,26910.0,21.087614359,97398362.0,62225576.0,83509645.0,21.3307,1.2445,22.5752
2052,ssp585,SSP5-8.5 (High),0.424,base,Base estimate,28089.0,22.040483676,97616776.0,62225576.0,85029049.0,22.2854,1.3017,23.5871
2053,ssp585,SSP5-8.5 (High),0.436,base,Base estimate,29298.0,23.016752024,98047505.0,62225576.0,88025422.0,23.2651,1.3602,24.6253
2054,ssp585,SSP5-8.5 (High),0.448,base,Base estimate,30544.0,24.019645739,98047505.0,62225576.0,88025422.0,24.2679,1.4202,25.688100000000002
2055,ssp585,SSP5-8.5 (High),0.46,base,Base estimate,31802.0,25.039647869,99764688.0,62225576.0,91836179.0,25.2935,1.4815,26.775000000000002
2056,ssp585,SSP5-8.5 (High),0.472,base,Base estimate,33100.0,26.094277854,100005857.0,62225576.0,93513876.0,26.35,1.5449,27.8949
2057,ssp585,SSP5-8.5 (High),0.484,base,Base estimate,34435.0,27.186302388,100006864.0,62225576.0,93520881.0,27.4421,1.6108,29.0529
2058,ssp585,SSP5-8.5 (High),0.496,base,Base estimate,35763.0,28.260500316,103103426.0,62225576.0,102679528.0,28.5285,1.6754,30.2039
2059,ssp585,SSP5-8.5 (High),0.508,base,Base estimate,39632.0,30.906690937,111905517.0,66197060.0,112534001.0,31.1973,1.8003,32.9976
2060,ssp585,SSP5-8.5 (High),0.52,base,Base estimate,41048.0,32.070150064,111993013.0,66197060.0,113142668.0,32.3615,1.8709,34.2324
2061,ssp585,SSP5-8.5 (High),0.532,base,Base estimate,42464.0,33.231134194,112966713.0,66197060.0,118522271.0,33.5288,1.9412,35.47
2062,ssp585,SSP5-8.5 (High),0.544,base,Base estimate,43863.0,34.37577819,114058195.0,66197060.0,123209762.0,34.6792,2.0103,36.6895
2063,ssp585,SSP5-8.5 (High),0.556,base,Base estimate,45328.0,35.588352742,139641440.0,66197060.0,133892735.0,35.9281,2.0841,38.0122
2064,ssp585,SSP5-8.5 (High),0.568,base,Base estimate,46787.0,36.796406743,139813538.0,66197060.0,135044546.0,37.1375,2.1577,39.2952
2065,ssp585,SSP5-8.5 (High),0.58,base,Base estimate,48271.0,38.016771643,140026054.0,69547363.0,135940335.0,38.3623,2.2316,40.5939
2066,ssp585,SSP5-8.5 (High),0.592,base,Base estimate,49776.0,39.274628323,140168442.0,69547363.0,136420978.0,39.6208,2.3087,41.929500000000004
2067,ssp585,SSP5-8.5 (High),0.604,base,Base estimate,51266.0,40.512162776,296062556.0,69547363.0,138107661.0,41.0159,2.3842,43.4001
2068,ssp585,SSP5-8.5 (High),0.616,base,Base estimate,52781.0,41.76948689,297593802.0,112864847.0,139525473.0,42.3195,2.461,44.780499999999996
2069,ssp585,SSP5-8.5 (High),0.628,base,Base estimate,54303.0,43.044328972,300918733.0,112864847.0,150516935.0,43.6086,2.5396,46.1482
2070,ssp585,SSP5-8.5 (High),0.64,base,Base estimate,55804.0,44.291079104,302574327.0,113510110.0,160204591.0,44.8674,2.6156,47.483000000000004
2071,ssp585,SSP5-8.5 (High),0.652,base,Base estimate,57353.0,45.58169929,302703136.0,113510110.0,161100654.0,46.159,2.6944,48.8534
2072,ssp585,SSP5-8.5 (High),0.664,base,Base estimate,58930.0,46.899966515,302991123.0,113510110.0,163104045.0,47.4796,2.7753,50.2549
2073,ssp585,SSP5-8.5 (High),0.676,base,Base estimate,60497.0,48.211947544,303150781.0,113510110.0,163691178.0,48.7923,2.856,51.6483
2074,ssp585,SSP5-8.5 (High),0.688,base,Base estimate,62081.0,49.551882776,304071310.0,113510110.0,167951040.0,50.1374,2.9388,53.0762
2075,ssp585,SSP5-8.5 (High),0.7,base,Base estimate,63688.0,50.89791637,304982291.0,113510110.0,170518892.0,51.4869,3.0214,54.5083
2076,ssp585,SSP5-8.5 (High),0.712,base,Base estimate,65258.0,52.217214844,305274123.0,113510110.0,171905176.0,52.8079,3.1025,55.910399999999996
2077,ssp585,SSP5-8.5 (High),0.724,base,Base estimate,66871.0,53.581723995,305860762.0,129647643.0,175392543.0,54.1926,3.187,57.379599999999996
2078,ssp585,SSP5-8.5 (High),0.736,base,Base estimate,68427.0,54.894963883,306847893.0,129647643.0,179194798.0,55.5107,3.268,58.7787
2079,ssp585,SSP5-8.5 (High),0.748,base,Base estimate,70002.0,56.215358426,307377759.0,129647643.0,182415761.0,56.8348,3.3491,60.1839
2080,ssp585,SSP5-8.5 (High),0.76,base,Base estimate,71646.0,57.608937003,308026077.0,129647643.0,184751183.0,58.2314,3.4355,61.6669
2081,ssp585,SSP5-8.5 (High),0.772,base,Base estimate,73281.0,59.000813282,308880294.0,129647643.0,188137391.0,59.6275,3.522,63.149499999999996
2082,ssp585,SSP5-8.5 (High),0.784,base,Base estimate,74900.0,60.374252309,308983469.0,131249593.0,188855131.0,61.0033,3.6071,64.6104
2083,ssp585,SSP5-8.5 (High),0.796,base,Base estimate,76479.0,61.709611744,309794555.0,131249593.0,192272678.0,62.3429,3.6897,66.0326
2084,ssp585,SSP5-8.5 (High),0.808,base,Base estimate,78095.0,63.081745505,311478476.0,131249593.0,193222383.0,63.7177,3.7748,67.4925
2085,ssp585,SSP5-8.5 (High),0.82,base,Base estimate,79746.0,64.495270639,312289507.0,131249593.0,197173028.0,65.136,3.8631,68.9991
2086,ssp585,SSP5-8.5 (High),0.832,base,Base estimate,81354.0,65.865833219,312479728.0,131694826.0,198325184.0,66.5083,3.9484,70.45670000000001
2087,ssp585,SSP5-8.5 (High),0.844,base,Base estimate,83034.0,67.307626352,312710443.0,131694826.0,199767933.0,67.9518,4.0387,71.99050000000001
2088,ssp585,SSP5-8.5 (High),0.856,base,Base estimate,84746.0,68.780750291,316088156.0,138937083.0,203180701.0,69.439,4.1311,73.5701
2089,ssp585,SSP5-8.5 (High),0.868,base,Base estimate,86379.0,70.184312828,317031097.0,138937083.0,208256879.0,70.8485,4.219,75.0675
2090,ssp585,SSP5-8.5 (High),0.88,base,Base estimate,88120.0,71.692708417,317722296.0,138937083.0,210250762.0,72.3596,4.3143,76.6739
2091,ssp585,SSP5-8.5 (High),0.892,base,Base estimate,89748.0,73.095196244,318730289.0,138937083.0,211244696.0,73.7641,4.4025,78.1666
2092,ssp585,SSP5-8.5 (High),0.904,base,Base estimate,91452.0,74.561894768,331664847.0,146400869.0,217864859.0,75.2578,4.4944,79.7522
2093,ssp585,SSP5-8.5 (High),0.916,base,Base estimate,93115.0,76.004829641,331849138.0,163437812.0,219146881.0,76.7193,4.5857,81.305
2094,ssp585,SSP5-8.5 (High),0.928,base,Base estimate,94791.0,77.450489219,333997867.0,163836340.0,223626323.0,78.1719,4.6765,82.8484
2095,ssp585,SSP5-8.5 (High),0.94,base,Base estimate,96479.0,78.909142531,334701218.0,164649925.0,224214176.0,79.6327,4.7685,84.4012
2096,ssp585,SSP5-8.5 (High),0.952,base,Base estimate,98185.0,80.389653893,335207296.0,164649925.0,226634018.0,81.1161,4.8621,85.9782
2097,ssp585,SSP5-8.5 (High),0.964,base,Base estimate,99861.0,81.846761805,342299544.0,171157043.0,231953816.0,82.5922,4.9544,87.54660000000001
2098,ssp585,SSP5-8.5 (High),0.976,base,Base estimate,101585.0,83.34717553,351525662.0,171157043.0,238441900.0,84.1083,5.0494,89.1577
2099,ssp585,SSP5-8.5 (High),0.988,base,Base estimate,103262.0,84.801594092,353701349.0,174956176.0,241560059.0,85.5718,5.1413,90.7131
2100,ssp585,SSP5-8.5 (High),1.0,base,Base estimate,105809.0,86.853798759,372395436.0,205987459.0,250173701.0,87.6824,5.2637,92.9461
2025,ssp126,SSP1-2.6 (Low),0.035,low,Low estimate (50% density),689.0,0.525010152,2981774.0,866140.0,19835212.0,0.5487,0.0613,0.61
2026,ssp126,SSP1-2.6 (Low),0.042,low,Low estimate (50% density),831.0,0.634011291,3338032.0,866140.0,22069140.0,0.6603,0.0741,0.7343999999999999
2027,ssp126,SSP1-2.6 (Low),0.049,low,Low estimate (50% density),973.0,0.740220324,3338032.0,866140.0,22069140.0,0.7665,0.0862,0.8527
2028,ssp126,SSP1-2.6 (Low),0.056,low,Low estimate (50% density),1120.0,0.851886136,3443769.0,866140.0,22804703.0,0.879,0.0991,0.9781
2029,ssp126,SSP1-2.6 (Low),0.063,low,Low estimate (50% density),1269.0,0.965592715,5117289.0,866140.0,26052135.0,0.9976,0.1124,1.11
2030,ssp126,SSP1-2.6 (Low),0.07,low,Low estimate (50% density),1423.0,1.083803273,5525419.0,1715075.0,28891300.0,1.1199,0.1263,1.2462
2031,ssp126,SSP1-2.6 (Low),0.0765,low,Low estimate (50% density),1569.0,1.195184754,5554194.0,1715075.0,29006403.0,1.2315,0.1393,1.3708
2032,ssp126,SSP1-2.6 (Low),0.083,low,Low estimate (50% density),1724.0,1.313981651,5628762.0,1715075.0,29525132.0,1.3509,0.1533,1.5042
2033,ssp126,SSP1-2.6 (Low),0.0895,low,Low estimate (50% density),1873.0,1.428738262,5628762.0,1715075.0,29525132.0,1.4656,0.1667,1.6323
2034,ssp126,SSP1-2.6 (Low),0.096,low,Low estimate (50% density),2030.0,1.549248504,5628762.0,1715075.0,29525132.0,1.5861,0.1808,1.7669000000000001
2035,ssp126,SSP1-2.6 (Low),0.1025,low,Low estimate (50% density),2186.0,1.670299046,5666334.0,1715075.0,29675421.0,1.7074,0.1951,1.9025
2036,ssp126,SSP1-2.6 (Low),0.109,low,Low estimate (50% density),2341.0,1.787064751,5888853.0,1715075.0,31223378.0,1.8259,0.2086,2.0345
2037,ssp126,SSP1-2.6 (Low),0.1155,low,Low estimate (50% density),2504.0,1.912774327,5888853.0,1715075.0,31223378.0,1.9516,0.2234,2.175
2038,ssp126,SSP1-2.6 (Low),0.122,low,Low estimate (50% density),2665.0,2.036349956,5970805.0,1715075.0,31793484.0,2.0758,0.2378,2.3136
2039,ssp126,SSP1-2.6 (Low),0.1285,low,Low estimate (50% density),2829.0,2.16347529,5970805.0,1715075.0,31793484.0,2.203,0.2529,2.4558999999999997
2040,ssp126,SSP1-2.6 (Low),0.135,low,Low estimate (50% density),3006.0,2.303138397,5991915.0,1715075.0,31940337.0,2.3428,0.2695,2.6123
2041,ssp126,SSP1-2.6 (Low),0.1415,low,Low estimate (50% density),3184.0,2.439529868,6180915.0,1715075.0,33255114.0,2.4807,0.2855,2.7662
2042,ssp126,SSP1-2.6 (Low),0.148,low,Low estimate (50% density),3366.0,2.581167816,6261843.0,1715075.0,33818095.0,2.623,0.3022,2.9252000000000002
2043,ssp126,SSP1-2.6 (Low),0.1545,low,Low estimate (50% density),3549.0,2.725548149,6485499.0,1715075.0,35373965.0,2.7691,0.3194,3.0885
2044,ssp126,SSP1-2.6 (Low),0.161,low,Low estimate (50% density),3726.0,2.861759888,6802037.0,1715075.0,36838893.0,2.9071,0.3354,3.2424999999999997
2045,ssp126,SSP1-2.6 (Low),0.1675,low,Low estimate (50% density),3918.0,3.010509033,6802037.0,1715075.0,36838893.0,3.0559,0.3529,3.4088
2046,ssp126,SSP1-2.6 (Low),0.174,low,Low estimate (50% density),4101.0,3.154676487,6802037.0,1715075.0,36838893.0,3.2,0.3699,3.5699
2047,ssp126,SSP1-2.6 (Low),0.1805,low,Low estimate (50% density),4299.0,3.311642473,6810756.0,1715075.0,36899551.0,3.3571,0.3886,3.7457
2048,ssp126,SSP1-2.6 (Low),0.187,low,Low estimate (50% density),4488.0,3.458140548,7021330.0,1715075.0,38118931.0,3.505,0.4058,3.9108
2049,ssp126,SSP1-2.6 (Low),0.1935,low,Low estimate (50% density),4684.0,3.609389734,7833525.0,1715075.0,43768988.0,3.6627,0.4234,4.0861
2050,ssp126,SSP1-2.6 (Low),0.2,low,Low estimate (50% density),4885.0,3.763199731,7834481.0,1715075.0,43775634.0,3.8165,0.4412,4.2577
2051,ssp126,SSP1-2.6 (Low),0.204,low,Low estimate (50% density),5004.0,3.855403303,8127298.0,1715075.0,45812628.0,3.9111,0.4519,4.3629999999999995
2052,ssp126,SSP1-2.6 (Low),0.208,low,Low estimate (50% density),5133.0,3.956057589,8303860.0,1715075.0,46121483.0,4.0122,0.4638,4.476
2053,ssp126,SSP1-2.6 (Low),0.212,low,Low estimate (50% density),5255.0,4.05099618,8545292.0,1715075.0,47801007.0,4.1091,0.4749,4.584
2054,ssp126,SSP1-2.6 (Low),0.216,low,Low estimate (50% density),5388.0,4.155971029,8637209.0,1715075.0,48440428.0,4.2148,0.4873,4.702100000000001
2055,ssp126,SSP1-2.6 (Low),0.22,low,Low estimate (50% density),5521.0,4.261579729,8637209.0,1715075.0,48440428.0,4.3204,0.4999,4.8203000000000005
2056,ssp126,SSP1-2.6 (Low),0.224,low,Low estimate (50% density),5651.0,4.363139304,8640288.0,9129641.0,48452746.0,4.4294,0.5119,4.9413
2057,ssp126,SSP1-2.6 (Low),0.228,low,Low estimate (50% density),5781.0,4.464193935,9270437.0,9129641.0,49460983.0,4.5321,0.5238,5.055899999999999
2058,ssp126,SSP1-2.6 (Low),0.232,low,Low estimate (50% density),5926.0,4.577640124,9527230.0,9129641.0,51247369.0,4.6475,0.5372,5.1847
2059,ssp126,SSP1-2.6 (Low),0.236,low,Low estimate (50% density),6054.0,4.675282059,10869973.0,9129641.0,54265770.0,4.7495,0.5485,5.298
2060,ssp126,SSP1-2.6 (Low),0.24,low,Low estimate (50% density),6192.0,4.783394115,10938453.0,9129641.0,54742150.0,4.8582,0.5612,5.4194
2061,ssp126,SSP1-2.6 (Low),0.244,low,Low estimate (50% density),6333.0,4.893362786,10938453.0,9129641.0,54742150.0,4.9682,0.5741,5.542300000000001
2062,ssp126,SSP1-2.6 (Low),0.248,low,Low estimate (50% density),6478.0,5.008348482,11067914.0,9129641.0,55642748.0,5.0842,0.5877,5.6719
2063,ssp126,SSP1-2.6 (Low),0.252,low,Low estimate (50% density),6619.0,5.118067075,11067914.0,9129641.0,55642748.0,5.1939,0.6006,5.7945
2064,ssp126,SSP1-2.6 (Low),0.256,low,Low estimate (50% density),6761.0,5.227163973,11067914.0,9129641.0,55642748.0,5.303,0.6133,5.9163
2065,ssp126,SSP1-2.6 (Low),0.26,low,Low estimate (50% density),6900.0,5.334039266,63528978.0,37333095.0,56604164.0,5.4915,0.6257,6.1172
2066,ssp126,SSP1-2.6 (Low),0.264,low,Low estimate (50% density),7049.0,5.451670483,63528978.0,37333095.0,56604164.0,5.6091,0.6396,6.2486999999999995
2067,ssp126,SSP1-2.6 (Low),0.268,low,Low estimate (50% density),7196.0,5.566214215,64035799.0,37333095.0,60129873.0,5.7277,0.653,6.380699999999999
2068,ssp126,SSP1-2.6 (Low),0.272,low,Low estimate (50% density),7351.0,5.6893523,64057881.0,37333095.0,60223718.0,5.851,0.6676,6.5186
2069,ssp126,SSP1-2.6 (Low),0.276,low,Low estimate (50% density),7501.0,5.807295837,64057881.0,37333095.0,60223718.0,5.9689,0.6816,6.650499999999999
2070,ssp126,SSP1-2.6 (Low),0.28,low,Low estimate (50% density),7649.0,5.92434845,64234470.0,37333095.0,61452159.0,6.0874,0.6955,6.7829
2071,ssp126,SSP1-2.6 (Low),0.284,low,Low estimate (50% density),7802.0,6.043432622,64614747.0,37333095.0,64026772.0,6.2094,0.7094,6.918799999999999
2072,ssp126,SSP1-2.6 (Low),0.288,low,Low estimate (50% density),7954.0,6.163402932,64671970.0,37333095.0,64424843.0,6.3298,0.7236,7.0534
2073,ssp126,SSP1-2.6 (Low),0.292,low,Low estimate (50% density),8116.0,6.288901103,64700375.0,37333095.0,64622445.0,6.4556,0.7382,7.1937999999999995
2074,ssp126,SSP1-2.6 (Low),0.296,low,Low estimate (50% density),8282.0,6.420337056,64825335.0,37333095.0,65477605.0,6.588,0.7539,7.3419
2075,ssp126,SSP1-2.6 (Low),0.3,low,Low estimate (50% density),8434.0,6.54104655,65099294.0,37333095.0,67383402.0,6.7109,0.7681,7.478999999999999
2076,ssp126,SSP1-2.6 (Low),0.304,low,Low estimate (50% density),8594.0,6.66861311,65099294.0,37333095.0,67383402.0,6.8384,0.7833,7.6217
2077,ssp126,SSP1-2.6 (Low),0.308,low,Low estimate (50% density),8759.0,6.798621521,65099294.0,37333095.0,67383402.0,6.9684,0.7987,7.7671
2078,ssp126,SSP1-2.6 (Low),0.312,low,Low estimate (50% density),8915.0,6.920913981,65099294.0,37333095.0,67383402.0,7.0907,0.8131,7.9038
2079,ssp126,SSP1-2.6 (Low),0.316,low,Low estimate (50% density),9082.0,7.051260125,65305184.0,37333095.0,68815681.0,7.2227,0.8284,8.0511
2080,ssp126,SSP1-2.6 (Low),0.32,low,Low estimate (50% density),9248.0,7.183489403,65318280.0,57248176.0,68906788.0,7.375,0.8441,8.2191
2081,ssp126,SSP1-2.6 (Low),0.324,low,Low estimate (50% density),9405.0,7.306512209,65825560.0,58197105.0,71040913.0,7.5016,0.8586,8.360199999999999
2082,ssp126,SSP1-2.6 (Low),0.328,low,Low estimate (50% density),9571.0,7.437397549,65882768.0,58197105.0,71438886.0,7.6329,0.874,8.5069
2083,ssp126,SSP1-2.6 (Low),0.332,low,Low estimate (50% density),9743.0,7.575139587,65943023.0,58197105.0,71858049.0,7.7711,0.8905,8.6616
2084,ssp126,SSP1-2.6 (Low),0.336,low,Low estimate (50% density),9928.0,7.72576634,65943023.0,58197105.0,71858049.0,7.9218,0.9086,8.830400000000001
2085,ssp126,SSP1-2.6 (Low),0.34,low,Low estimate (50% density),10115.0,7.876035103,66015527.0,58197105.0,72362423.0,8.0726,0.9267,8.9993
2086,ssp126,SSP1-2.6 (Low),0.344,low,Low estimate (50% density),10285.0,8.01079757,66015527.0,58197105.0,72362423.0,8.2074,0.9426,9.15
2087,ssp126,SSP1-2.6 (Low),0.348,low,Low estimate (50% density),10458.0,8.147154052,66177477.0,58197105.0,73424807.0,8.345,0.9588,9.3038
2088,ssp126,SSP1-2.6 (Low),0.352,low,Low estimate (50% density),10648.0,8.297487268,68044406.0,58197105.0,76773821.0,8.5005,0.9766,9.4771
2089,ssp126,SSP1-2.6 (Low),0.356,low,Low estimate (50% density),10821.0,8.434386997,68044406.0,58197105.0,76773821.0,8.6374,0.9928,9.6302
2090,ssp126,SSP1-2.6 (Low),0.36,low,Low estimate (50% density),11002.0,8.579630264,73897637.0,58197105.0,79266172.0,8.791,1.0102,9.8012
2091,ssp126,SSP1-2.6 (Low),0.364,low,Low estimate (50% density),11184.0,8.723332551,73897637.0,58197105.0,79266172.0,8.9347,1.0272,9.9619
2092,ssp126,SSP1-2.6 (Low),0.368,low,Low estimate (50% density),11346.0,8.851053799,73897637.0,58197105.0,79266172.0,9.0624,1.0423,10.104700000000001
2093,ssp126,SSP1-2.6 (Low),0.372,low,Low estimate (50% density),11526.0,8.995719199,95272788.0,58197105.0,80308670.0,9.2295,1.0596,10.2891
2094,ssp126,SSP1-2.6 (Low),0.376,low,Low estimate (50% density),11708.0,9.140547757,95272788.0,58197105.0,80308670.0,9.3743,1.0768,10.4511
2095,ssp126,SSP1-2.6 (Low),0.38,low,Low estimate (50% density),11914.0,9.306354858,95301004.0,58197105.0,80504951.0,9.5404,1.0967,10.6371
2096,ssp126,SSP1-2.6 (Low),0.384,low,Low estimate (50% density),12097.0,9.45101547,95334099.0,58197105.0,80727842.0,9.6853,1.1137,10.799
2097,ssp126,SSP1-2.6 (Low),0.388,low,Low estimate (50% density),12289.0,9.604259017,95534280.0,60202531.0,82120407.0,9.8421,1.1319,10.974
2098,ssp126,SSP1-2.6 (Low),0.392,low,Low estimate (50% density),12482.0,9.759467461,95787543.0,60202531.0,82248229.0,9.9977,1.1504,11.1481
2099,ssp126,SSP1-2.6 (Low),0.396,low,Low estimate (50% density),12669.0,9.909071068,95796127.0,60202531.0,82307944.0,10.1474,1.1683,11.3157
2100,ssp126,SSP1-2.6 (Low),0.4,low,Low estimate (50% density),12871.0,10.074000135,97283644.0,60202531.0,82902951.0,10.3144,1.1883,11.502699999999999
2025,ssp245,SSP2-4.5 (Intermediate),0.05,low,Low estimate (50% density),990.0,0.752364382,3338032.0,866140.0,22069140.0,0.7786,0.0876,0.8662
2026,ssp245,SSP2-4.5 (Intermediate),0.06,low,Low estimate (50% density),1200.0,0.91259206,5117289.0,866140.0,26052135.0,0.9446,0.1062,1.0508
2027,ssp245,SSP2-4.5 (Intermediate),0.07,low,Low estimate (50% density),1423.0,1.083803273,5525419.0,1715075.0,28891300.0,1.1199,0.1263,1.2462
2028,ssp245,SSP2-4.5 (Intermediate),0.08,low,Low estimate (50% density),1653.0,1.259942012,5628762.0,1715075.0,29525132.0,1.2968,0.1469,1.4437
2029,ssp245,SSP2-4.5 (Intermediate),0.09,low,Low estimate (50% density),1886.0,1.439326975,5628762.0,1715075.0,29525132.0,1.4762,0.168,1.6441999999999999
2030,ssp245,SSP2-4.5 (Intermediate),0.1,low,Low estimate (50% density),2123.0,1.621757437,5666334.0,1715075.0,29675421.0,1.6588,0.1894,1.8482
2031,ssp245,SSP2-4.5 (Intermediate),0.11,low,Low estimate (50% density),2365.0,1.805142908,5888853.0,1715075.0,31223378.0,1.844,0.2107,2.0547
2032,ssp245,SSP2-4.5 (Intermediate),0.12,low,Low estimate (50% density),2619.0,2.000985494,5970805.0,1715075.0,31793484.0,2.0405,0.2337,2.2742
2033,ssp245,SSP2-4.5 (Intermediate),0.13,low,Low estimate (50% density),2871.0,2.196723851,5970805.0,1715075.0,31793484.0,2.2362,0.2569,2.4931
2034,ssp245,SSP2-4.5 (Intermediate),0.14,low,Low estimate (50% density),3140.0,2.406066218,6180915.0,1715075.0,33255114.0,2.4472,0.2816,2.7288
2035,ssp245,SSP2-4.5 (Intermediate),0.15,low,Low estimate (50% density),3422.0,2.625867656,6261843.0,1715075.0,33818095.0,2.6677,0.3075,2.9752
2036,ssp245,SSP2-4.5 (Intermediate),0.16,low,Low estimate (50% density),3698.0,2.840577673,6734803.0,1715075.0,36371179.0,2.8854,0.3329,3.2183
2037,ssp245,SSP2-4.5 (Intermediate),0.17,low,Low estimate (50% density),3991.0,3.068282159,6802037.0,1715075.0,36838893.0,3.1136,0.3597,3.4733
2038,ssp245,SSP2-4.5 (Intermediate),0.18,low,Low estimate (50% density),4282.0,3.298393506,6810756.0,1715075.0,36899551.0,3.3438,0.387,3.7308
2039,ssp245,SSP2-4.5 (Intermediate),0.19,low,Low estimate (50% density),4578.0,3.527551684,7287321.0,1715075.0,39969309.0,3.5765,0.4138,3.9903
2040,ssp245,SSP2-4.5 (Intermediate),0.2,low,Low estimate (50% density),4885.0,3.763199731,7834481.0,1715075.0,43775634.0,3.8165,0.4412,4.2577
2041,ssp245,SSP2-4.5 (Intermediate),0.21,low,Low estimate (50% density),5195.0,4.005837065,8423770.0,1715075.0,46955636.0,4.0629,0.4697,4.5326
2042,ssp245,SSP2-4.5 (Intermediate),0.22,low,Low estimate (50% density),5521.0,4.261579729,8637209.0,1715075.0,48440428.0,4.3204,0.4999,4.8203000000000005
2043,ssp245,SSP2-4.5 (Intermediate),0.23,low,Low estimate (50% density),5852.0,4.520252243,9270437.0,9129641.0,49460983.0,4.5881,0.5305,5.1186
2044,ssp245,SSP2-4.5 (Intermediate),0.24,low,Low estimate (50% density),6192.0,4.783394115,10938453.0,9129641.0,54742150.0,4.8582,0.5612,5.4194
2045,ssp245,SSP2-4.5 (Intermediate),0.25,low,Low estimate (50% density),6552.0,5.066558784,11067914.0,9129641.0,55642748.0,5.1424,0.5946,5.737
2046,ssp245,SSP2-4.5 (Intermediate),0.26,low,Low estimate (50% density),6900.0,5.334039266,63528978.0,37333095.0,56604164.0,5.4915,0.6257,6.1172
2047,ssp245,SSP2-4.5 (Intermediate),0.27,low,Low estimate (50% density),7276.0,5.630005046,64037664.0,37333095.0,60142849.0,5.7915,0.6606,6.4521
2048,ssp245,SSP2-4.5 (Intermediate),0.28,low,Low estimate (50% density),7649.0,5.92434845,64234470.0,37333095.0,61452159.0,6.0874,0.6955,6.7829
2049,ssp245,SSP2-4.5 (Intermediate),0.29,low,Low estimate (50% density),8042.0,6.232337115,64700375.0,37333095.0,64622445.0,6.399,0.7316,7.1306
2050,ssp245,SSP2-4.5 (Intermediate),0.3,low,Low estimate (50% density),8434.0,6.54104655,65099294.0,37333095.0,67383402.0,6.7109,0.7681,7.478999999999999
2051,ssp245,SSP2-4.5 (Intermediate),0.306,low,Low estimate (50% density),8674.0,6.731097938,65099294.0,37333095.0,67383402.0,6.9009,0.7907,7.6916
2052,ssp245,SSP2-4.5 (Intermediate),0.312,low,Low estimate (50% density),8915.0,6.920913981,65099294.0,37333095.0,67383402.0,7.0907,0.8131,7.9038
2053,ssp245,SSP2-4.5 (Intermediate),0.318,low,Low estimate (50% density),9163.0,7.11589437,65318280.0,57248176.0,68906788.0,7.3074,0.8361,8.1435
2054,ssp245,SSP2-4.5 (Intermediate),0.324,low,Low estimate (50% density),9405.0,7.306512209,65825560.0,58197105.0,71040913.0,7.5016,0.8586,8.360199999999999
2055,ssp245,SSP2-4.5 (Intermediate),0.33,low,Low estimate (50% density),9659.0,7.508295524,65882768.0,58197105.0,71438886.0,7.7038,0.8825,8.5863
2056,ssp245,SSP2-4.5 (Intermediate),0.336,low,Low estimate (50% density),9928.0,7.72576634,65943023.0,58197105.0,71858049.0,7.9218,0.9086,8.830400000000001
2057,ssp245,SSP2-4.5 (Intermediate),0.342,low,Low estimate (50% density),10203.0,7.94587568,66015527.0,58197105.0,72362423.0,8.1425,0.935,9.0775
2058,ssp245,SSP2-4.5 (Intermediate),0.348,low,Low estimate (50% density),10458.0,8.147154052,66177477.0,58197105.0,73424807.0,8.345,0.9588,9.3038
2059,ssp245,SSP2-4.5 (Intermediate),0.354,low,Low estimate (50% density),10736.0,8.368016203,68044406.0,58197105.0,76773821.0,8.571,0.985,9.556
2060,ssp245,SSP2-4.5 (Intermediate),0.36,low,Low estimate (50% density),11002.0,8.579630264,73897637.0,58197105.0,79266172.0,8.791,1.0102,9.8012
2061,ssp245,SSP2-4.5 (Intermediate),0.366,low,Low estimate (50% density),11266.0,8.788818681,73897637.0,58197105.0,79266172.0,9.0002,1.035,10.0352
2062,ssp245,SSP2-4.5 (Intermediate),0.372,low,Low estimate (50% density),11526.0,8.995719199,95272788.0,58197105.0,80308670.0,9.2295,1.0596,10.2891
2063,ssp245,SSP2-4.5 (Intermediate),0.378,low,Low estimate (50% density),11811.0,9.223897323,95272788.0,58197105.0,80308670.0,9.4577,1.0868,10.544500000000001
2064,ssp245,SSP2-4.5 (Intermediate),0.384,low,Low estimate (50% density),12097.0,9.45101547,95334099.0,58197105.0,80727842.0,9.6853,1.1137,10.799
2065,ssp245,SSP2-4.5 (Intermediate),0.39,low,Low estimate (50% density),12389.0,9.684368989,95538324.0,60202531.0,82148541.0,9.9223,1.1414,11.0637
2066,ssp245,SSP2-4.5 (Intermediate),0.396,low,Low estimate (50% density),12669.0,9.909071068,95796127.0,60202531.0,82307944.0,10.1474,1.1683,11.3157
2067,ssp245,SSP2-4.5 (Intermediate),0.402,low,Low estimate (50% density),12971.0,10.155003979,97283644.0,60202531.0,82902951.0,10.3954,1.198,11.5934
2068,ssp245,SSP2-4.5 (Intermediate),0.408,low,Low estimate (50% density),13252.0,10.380013591,97398362.0,60202531.0,83509645.0,10.6211,1.2249,11.846
2069,ssp245,SSP2-4.5 (Intermediate),0.414,low,Low estimate (50% density),13550.0,10.622378749,97398362.0,62225576.0,83509645.0,10.8655,1.2541,12.1196
2070,ssp245,SSP2-4.5 (Intermediate),0.42,low,Low estimate (50% density),13837.0,10.852996145,97616776.0,62225576.0,85029049.0,11.0979,1.2816,12.3795
2071,ssp245,SSP2-4.5 (Intermediate),0.426,low,Low estimate (50% density),14148.0,11.103245199,97813108.0,62225576.0,86394832.0,11.3497,1.3116,12.6613
2072,ssp245,SSP2-4.5 (Intermediate),0.432,low,Low estimate (50% density),14449.0,11.346916728,98016244.0,62225576.0,87807956.0,11.595,1.3408,12.9358
2073,ssp245,SSP2-4.5 (Intermediate),0.438,low,Low estimate (50% density),14754.0,11.592772295,98047505.0,62225576.0,88025422.0,11.8411,1.3703,13.211400000000001
2074,ssp245,SSP2-4.5 (Intermediate),0.444,low,Low estimate (50% density),15058.0,11.837500118,98047505.0,62225576.0,88025422.0,12.0858,1.3996,13.4854
2075,ssp245,SSP2-4.5 (Intermediate),0.45,low,Low estimate (50% density),15375.0,12.093230627,99288233.0,62225576.0,88521713.0,12.3433,1.4301,13.773399999999999
2076,ssp245,SSP2-4.5 (Intermediate),0.456,low,Low estimate (50% density),15685.0,12.343130898,99397831.0,62225576.0,89284133.0,12.594,1.4601,14.0541
2077,ssp245,SSP2-4.5 (Intermediate),0.462,low,Low estimate (50% density),16015.0,12.614039178,99764688.0,62225576.0,91836179.0,12.8679,1.4929,14.360800000000001
2078,ssp245,SSP2-4.5 (Intermediate),0.468,low,Low estimate (50% density),16332.0,12.870175557,99821354.0,62225576.0,92230377.0,13.1245,1.5236,14.6481
2079,ssp245,SSP2-4.5 (Intermediate),0.474,low,Low estimate (50% density),16657.0,13.133449281,100005857.0,62225576.0,93513876.0,13.3892,1.5552,14.9444
2080,ssp245,SSP2-4.5 (Intermediate),0.48,low,Low estimate (50% density),16987.0,13.402496893,100005857.0,62225576.0,93513876.0,13.6582,1.5876,15.245800000000001
2081,ssp245,SSP2-4.5 (Intermediate),0.486,low,Low estimate (50% density),17334.0,13.687633825,100269798.0,62225576.0,95206081.0,13.9453,1.6221,15.5674
2082,ssp245,SSP2-4.5 (Intermediate),0.492,low,Low estimate (50% density),17657.0,13.948325009,102716928.0,62225576.0,99990852.0,14.2133,1.6534,15.8667
2083,ssp245,SSP2-4.5 (Intermediate),0.498,low,Low estimate (50% density),17989.0,14.217455857,103103426.0,66197060.0,102679528.0,14.4894,1.6859,16.1753
2084,ssp245,SSP2-4.5 (Intermediate),0.504,low,Low estimate (50% density),19578.0,15.256114011,110589895.0,66197060.0,108991110.0,15.5419,1.7763,17.3182
2085,ssp245,SSP2-4.5 (Intermediate),0.51,low,Low estimate (50% density),19932.0,15.548421068,111905517.0,66197060.0,112534001.0,15.8391,1.8117,17.6508
2086,ssp245,SSP2-4.5 (Intermediate),0.516,low,Low estimate (50% density),20274.0,15.827551345,111905517.0,66197060.0,112534001.0,16.1182,1.8455,17.963700000000003
2087,ssp245,SSP2-4.5 (Intermediate),0.522,low,Low estimate (50% density),20636.0,16.126576618,112244159.0,66197060.0,114889768.0,16.4199,1.8819,18.3018
2088,ssp245,SSP2-4.5 (Intermediate),0.528,low,Low estimate (50% density),21010.0,16.43580315,112807711.0,66197060.0,117416168.0,16.7322,1.9195,18.651699999999998
2089,ssp245,SSP2-4.5 (Intermediate),0.534,low,Low estimate (50% density),21349.0,16.710300543,113070623.0,66197060.0,119245121.0,17.0088,1.9525,18.9613
2090,ssp245,SSP2-4.5 (Intermediate),0.54,low,Low estimate (50% density),21702.0,16.999934087,113647289.0,66197060.0,120862027.0,17.3006,1.9875,19.2881
2091,ssp245,SSP2-4.5 (Intermediate),0.546,low,Low estimate (50% density),22053.0,17.288641718,121711965.0,66197060.0,126517736.0,17.6031,2.0226,19.625700000000002
2092,ssp245,SSP2-4.5 (Intermediate),0.552,low,Low estimate (50% density),22435.0,17.604607091,139610446.0,66197060.0,133677128.0,17.9441,2.0611,20.0052
2093,ssp245,SSP2-4.5 (Intermediate),0.558,low,Low estimate (50% density),22792.0,17.900213039,139783467.0,66197060.0,134835356.0,18.241,2.0971,20.3381
2094,ssp245,SSP2-4.5 (Intermediate),0.564,low,Low estimate (50% density),23170.0,18.215146427,139813538.0,66197060.0,135044546.0,18.5562,2.1357,20.6919
2095,ssp245,SSP2-4.5 (Intermediate),0.57,low,Low estimate (50% density),23519.0,18.503520007,139827515.0,66197060.0,135141782.0,18.8447,2.1707,21.0154
2096,ssp245,SSP2-4.5 (Intermediate),0.576,low,Low estimate (50% density),23888.0,18.804566159,139917292.0,69547363.0,135766315.0,19.1498,2.2068,21.3566
2097,ssp245,SSP2-4.5 (Intermediate),0.582,low,Low estimate (50% density),24261.0,19.112950381,140056546.0,69547363.0,136152451.0,19.4587,2.2444,21.7031
2098,ssp245,SSP2-4.5 (Intermediate),0.588,low,Low estimate (50% density),24647.0,19.437348422,140168442.0,69547363.0,136420978.0,19.7835,2.2844,22.0679
2099,ssp245,SSP2-4.5 (Intermediate),0.594,low,Low estimate (50% density),25017.0,19.744179143,140168442.0,69547363.0,136420978.0,20.0903,2.3218,22.4121
2100,ssp245,SSP2-4.5 (Intermediate),0.6,low,Low estimate (50% density),25378.0,20.043070353,295940880.0,69547363.0,137620955.0,20.5462,2.3582,22.9044
2025,ssp585,SSP5-8.5 (High),0.065,low,Low estimate (50% density),1316.0,1.001699676,5117289.0,1715075.0,26052135.0,1.0346,0.1167,1.1513
2026,ssp585,SSP5-8.5 (High),0.078,low,Low estimate (50% density),1607.0,1.224755072,5628762.0,1715075.0,29525132.0,1.2616,0.1428,1.4044
2027,ssp585,SSP5-8.5 (High),0.091,low,Low estimate (50% density),1912.0,1.458925119,5628762.0,1715075.0,29525132.0,1.4958,0.1703,1.6661000000000001
2028,ssp585,SSP5-8.5 (High),0.104,low,Low estimate (50% density),2219.0,1.693621102,5666334.0,1715075.0,29675421.0,1.7307,0.1977,1.9284
2029,ssp585,SSP5-8.5 (High),0.117,low,Low estimate (50% density),2541.0,1.940998498,5888853.0,1715075.0,31223378.0,1.9798,0.2266,2.2064
2030,ssp585,SSP5-8.5 (High),0.13,low,Low estimate (50% density),2871.0,2.196723851,5970805.0,1715075.0,31793484.0,2.2362,0.2569,2.4931
2031,ssp585,SSP5-8.5 (High),0.1435,low,Low estimate (50% density),3240.0,2.483234185,6180915.0,1715075.0,33255114.0,2.5244,0.2907,2.8151
2032,ssp585,SSP5-8.5 (High),0.157,low,Low estimate (50% density),3619.0,2.779944673,6734803.0,1715075.0,36371179.0,2.8248,0.3258,3.1506000000000003
2033,ssp585,SSP5-8.5 (High),0.1705,low,Low estimate (50% density),4004.0,3.078448061,6802037.0,1715075.0,36838893.0,3.1238,0.3609,3.4847
2034,ssp585,SSP5-8.5 (High),0.184,low,Low estimate (50% density),4396.0,3.386161972,6856584.0,1715075.0,36972875.0,3.4317,0.3973,3.829
2035,ssp585,SSP5-8.5 (High),0.1975,low,Low estimate (50% density),4814.0,3.710122469,7833525.0,1715075.0,43768988.0,3.7634,0.4351,4.1985
2036,ssp585,SSP5-8.5 (High),0.211,low,Low estimate (50% density),5225.0,4.028460082,8423770.0,1715075.0,46955636.0,4.0856,0.4723,4.5579
2037,ssp585,SSP5-8.5 (High),0.2245,low,Low estimate (50% density),5669.0,4.376854174,8640288.0,9129641.0,48452746.0,4.4431,0.5135,4.9566
2038,ssp585,SSP5-8.5 (High),0.238,low,Low estimate (50% density),6120.0,4.726725161,10869973.0,9129641.0,54265770.0,4.801,0.5545,5.3555
2039,ssp585,SSP5-8.5 (High),0.2515,low,Low estimate (50% density),6602.0,5.105046456,11067914.0,9129641.0,55642748.0,5.1809,0.5991,5.78
2040,ssp585,SSP5-8.5 (High),0.265,low,Low estimate (50% density),7086.0,5.480311572,64035799.0,37333095.0,60129873.0,5.6418,0.6429,6.2847
2041,ssp585,SSP5-8.5 (High),0.2785,low,Low estimate (50% density),7597.0,5.884002689,64234470.0,37333095.0,61452159.0,6.047,0.6908,6.7378
2042,ssp585,SSP5-8.5 (High),0.292,low,Low estimate (50% density),8116.0,6.288901103,64700375.0,37333095.0,64622445.0,6.4556,0.7382,7.1937999999999995
2043,ssp585,SSP5-8.5 (High),0.3055,low,Low estimate (50% density),8657.0,6.717963145,65099294.0,37333095.0,67383402.0,6.8878,0.7891,7.676900000000001
2044,ssp585,SSP5-8.5 (High),0.319,low,Low estimate (50% density),9203.0,7.14750877,65318280.0,57248176.0,68906788.0,7.339,0.8398,8.1788
2045,ssp585,SSP5-8.5 (High),0.3325,low,Low estimate (50% density),9765.0,7.592948514,65943023.0,58197105.0,71858049.0,7.7889,0.8927,8.6816
2046,ssp585,SSP5-8.5 (High),0.346,low,Low estimate (50% density),10366.0,8.073405779,66170731.0,58197105.0,73377874.0,8.2712,0.95,9.2212
2047,ssp585,SSP5-8.5 (High),0.3595,low,Low estimate (50% density),10976.0,8.558593528,73897637.0,58197105.0,79266172.0,8.77,1.0077,9.7777
2048,ssp585,SSP5-8.5 (High),0.373,low,Low estimate (50% density),11575.0,9.036046545,95272788.0,58197105.0,80308670.0,9.2698,1.0645,10.3343
2049,ssp585,SSP5-8.5 (High),0.3865,low,Low estimate (50% density),12219.0,9.549647036,95369909.0,58197105.0,80976954.0,9.7842,1.1255,10.9097
2050,ssp585,SSP5-8.5 (High),0.4,low,Low estimate (50% density),12871.0,10.074000135,97283644.0,60202531.0,82902951.0,10.3144,1.1883,11.502699999999999
2051,ssp585,SSP5-8.5 (High),0.412,low,Low estimate (50% density),13455.0,10.543807179,97398362.0,62225576.0,83509645.0,10.7869,1.2445,12.0314
2052,ssp585,SSP5-8.5 (High),0.424,low,Low estimate (50% density),14045.0,11.020241838,97616776.0,62225576.0,85029049.0,11.2651,1.3017,12.5668
2053,ssp585,SSP5-8.5 (High),0.436,low,Low estimate (50% density),14649.0,11.508376012,98047505.0,62225576.0,88025422.0,11.7567,1.3602,13.116900000000001
2054,ssp585,SSP5-8.5 (High),0.448,low,Low estimate (50% density),15272.0,12.009822869,98047505.0,62225576.0,88025422.0,12.2581,1.4202,13.6783
2055,ssp585,SSP5-8.5 (High),0.46,low,Low estimate (50% density),15901.0,12.519823934,99764688.0,62225576.0,91836179.0,12.7737,1.4815,14.2552
2056,ssp585,SSP5-8.5 (High),0.472,low,Low estimate (50% density),16550.0,13.047138927,100005857.0,62225576.0,93513876.0,13.3029,1.5449,14.8478
2057,ssp585,SSP5-8.5 (High),0.484,low,Low estimate (50% density),17217.0,13.593151194,100006864.0,62225576.0,93520881.0,13.8489,1.6108,15.4597
2058,ssp585,SSP5-8.5 (High),0.496,low,Low estimate (50% density),17881.0,14.130250158,103103426.0,62225576.0,102679528.0,14.3983,1.6754,16.073700000000002
2059,ssp585,SSP5-8.5 (High),0.508,low,Low estimate (50% density),19816.0,15.453345468,111905517.0,66197060.0,112534001.0,15.744,1.8003,17.5443
2060,ssp585,SSP5-8.5 (High),0.52,low,Low estimate (50% density),20524.0,16.035075032,111993013.0,66197060.0,113142668.0,16.3264,1.8709,18.1973
2061,ssp585,SSP5-8.5 (High),0.532,low,Low estimate (50% density),21232.0,16.615567097,112966713.0,66197060.0,118522271.0,16.9133,1.9412,18.854499999999998
2062,ssp585,SSP5-8.5 (High),0.544,low,Low estimate (50% density),21931.0,17.187889095,114058195.0,66197060.0,123209762.0,17.4914,2.0103,19.5017
2063,ssp585,SSP5-8.5 (High),0.556,low,Low estimate (50% density),22664.0,17.794176371,139641440.0,66197060.0,133892735.0,18.1339,2.0841,20.218
2064,ssp585,SSP5-8.5 (High),0.568,low,Low estimate (50% density),23393.0,18.398203372,139813538.0,66197060.0,135044546.0,18.7393,2.1577,20.897
2065,ssp585,SSP5-8.5 (High),0.58,low,Low estimate (50% density),24135.0,19.008385821,140026054.0,69547363.0,135940335.0,19.3539,2.2316,21.5855
2066,ssp585,SSP5-8.5 (High),0.592,low,Low estimate (50% density),24888.0,19.637314162,140168442.0,69547363.0,136420978.0,19.9835,2.3087,22.2922
2067,ssp585,SSP5-8.5 (High),0.604,low,Low estimate (50% density),25633.0,20.256081388,296062556.0,69547363.0,138107661.0,20.7598,2.3842,23.144
2068,ssp585,SSP5-8.5 (High),0.616,low,Low estimate (50% density),26391.0,20.884743445,297593802.0,112864847.0,139525473.0,21.4347,2.461,23.895699999999998
2069,ssp585,SSP5-8.5 (High),0.628,low,Low estimate (50% density),27152.0,21.522164486,300918733.0,112864847.0,150516935.0,22.0865,2.5396,24.6261
2070,ssp585,SSP5-8.5 (High),0.64,low,Low estimate (50% density),27902.0,22.145539552,302574327.0,113510110.0,160204591.0,22.7218,2.6156,25.337400000000002
2071,ssp585,SSP5-8.5 (High),0.652,low,Low estimate (50% density),28677.0,22.790849645,302703136.0,113510110.0,161100654.0,23.3682,2.6944,26.062600000000003
2072,ssp585,SSP5-8.5 (High),0.664,low,Low estimate (50% density),29465.0,23.449983258,302991123.0,113510110.0,163104045.0,24.0296,2.7753,26.8049
2073,ssp585,SSP5-8.5 (High),0.676,low,Low estimate (50% density),30249.0,24.105973772,303150781.0,113510110.0,163691178.0,24.6863,2.856,27.542299999999997
2074,ssp585,SSP5-8.5 (High),0.688,low,Low estimate (50% density),31041.0,24.775941388,304071310.0,113510110.0,167951040.0,25.3615,2.9388,28.3003
2075,ssp585,SSP5-8.5 (High),0.7,low,Low estimate (50% density),31844.0,25.448958185,304982291.0,113510110.0,170518892.0,26.038,3.0214,29.0594
2076,ssp585,SSP5-8.5 (High),0.712,low,Low estimate (50% density),32629.0,26.108607422,305274123.0,113510110.0,171905176.0,26.6993,3.1025,29.8018
2077,ssp585,SSP5-8.5 (High),0.724,low,Low estimate (50% density),33435.0,26.790861997,305860762.0,129647643.0,175392543.0,27.4018,3.187,30.588800000000003
2078,ssp585,SSP5-8.5 (High),0.736,low,Low estimate (50% density),34214.0,27.447481941,306847893.0,129647643.0,179194798.0,28.0632,3.268,31.3312
2079,ssp585,SSP5-8.5 (High),0.748,low,Low estimate (50% density),35001.0,28.107679213,307377759.0,129647643.0,182415761.0,28.7271,3.3491,32.0762
2080,ssp585,SSP5-8.5 (High),0.76,low,Low estimate (50% density),35823.0,28.804468501,308026077.0,129647643.0,184751183.0,29.4269,3.4355,32.8624
2081,ssp585,SSP5-8.5 (High),0.772,low,Low estimate (50% density),36641.0,29.500406641,308880294.0,129647643.0,188137391.0,30.1271,3.522,33.6491
2082,ssp585,SSP5-8.5 (High),0.784,low,Low estimate (50% density),37450.0,30.187126155,308983469.0,131249593.0,188855131.0,30.8162,3.6071,34.4233
2083,ssp585,SSP5-8.5 (High),0.796,low,Low estimate (50% density),38240.0,30.854805872,309794555.0,131249593.0,192272678.0,31.4881,3.6897,35.1778
2084,ssp585,SSP5-8.5 (High),0.808,low,Low estimate (50% density),39047.0,31.540872752,311478476.0,131249593.0,193222383.0,32.1768,3.7748,35.9516
2085,ssp585,SSP5-8.5 (High),0.82,low,Low estimate (50% density),39873.0,32.24763532,312289507.0,131249593.0,197173028.0,32.8883,3.8631,36.751400000000004
2086,ssp585,SSP5-8.5 (High),0.832,low,Low estimate (50% density),40677.0,32.93291661,312479728.0,131694826.0,198325184.0,33.5754,3.9484,37.5238
2087,ssp585,SSP5-8.5 (High),0.844,low,Low estimate (50% density),41517.0,33.653813176,312710443.0,131694826.0,199767933.0,34.298,4.0387,38.3367
2088,ssp585,SSP5-8.5 (High),0.856,low,Low estimate (50% density),42373.0,34.390375146,316088156.0,138937083.0,203180701.0,35.0486,4.1311,39.1797
2089,ssp585,SSP5-8.5 (High),0.868,low,Low estimate (50% density),43189.0,35.092156414,317031097.0,138937083.0,208256879.0,35.7564,4.219,39.9754
2090,ssp585,SSP5-8.5 (High),0.88,low,Low estimate (50% density),44060.0,35.846354208,317722296.0,138937083.0,210250762.0,36.5133,4.3143,40.827600000000004
2091,ssp585,SSP5-8.5 (High),0.892,low,Low estimate (50% density),44874.0,36.547598122,318730289.0,138937083.0,211244696.0,37.2165,4.4025,41.619
2092,ssp585,SSP5-8.5 (High),0.904,low,Low estimate (50% density),45726.0,37.280947384,331664847.0,146400869.0,217864859.0,37.9769,4.4944,42.4713
2093,ssp585,SSP5-8.5 (High),0.916,low,Low estimate (50% density),46558.0,38.00241482,331849138.0,163437812.0,219146881.0,38.7168,4.5857,43.3025
2094,ssp585,SSP5-8.5 (High),0.928,low,Low estimate (50% density),47395.0,38.72524461,333997867.0,163836340.0,223626323.0,39.4467,4.6765,44.1232
2095,ssp585,SSP5-8.5 (High),0.94,low,Low estimate (50% density),48239.0,39.454571265,334701218.0,164649925.0,224214176.0,40.1781,4.7685,44.946600000000004
2096,ssp585,SSP5-8.5 (High),0.952,low,Low estimate (50% density),49092.0,40.194826947,335207296.0,164649925.0,226634018.0,40.9213,4.8621,45.7834
2097,ssp585,SSP5-8.5 (High),0.964,low,Low estimate (50% density),49931.0,40.923380902,342299544.0,171157043.0,231953816.0,41.6688,4.9544,46.6232
2098,ssp585,SSP5-8.5 (High),0.976,low,Low estimate (50% density),50792.0,41.673587765,351525662.0,171157043.0,238441900.0,42.4347,5.0494,47.4841
2099,ssp585,SSP5-8.5 (High),0.988,low,Low estimate (50% density),51631.0,42.400797046,353701349.0,174956176.0,241560059.0,43.171,5.1413,48.3123
2100,ssp585,SSP5-8.5 (High),1.0,low,Low estimate (50% density),52904.0,43.42689938,372395436.0,205987459.0,250173701.0,44.2555,5.2637,49.5192
