lat,lon,elev_m,flood_zone,zone_notes
37.015467,-7.937635,2.341,Faro–Ria Formosa Crossing,"Rail embankment across Ria Formosa backbarrier lagoon; low-lying marsh, tidal influence, storm surge pathway"
37.011175,-7.93166,2.498,Faro–Ria Formosa Crossing,"Rail embankment across Ria Formosa backbarrier lagoon; low-lying marsh, tidal influence, storm surge pathway"
37.015062,-7.93739,2.551,Faro–Ria Formosa Crossing,"Rail embankment across Ria Formosa backbarrier lagoon; low-lying marsh, tidal influence, storm surge pathway"
37.01385,-7.936649,2.672,Faro–Ria Formosa Crossing,"Rail embankment across Ria Formosa backbarrier lagoon; low-lying marsh, tidal influence, storm surge pathway"
37.013444,-7.936407,2.818,Faro–Ria Formosa Crossing,"Rail embankment across Ria Formosa backbarrier lagoon; low-lying marsh, tidal influence, storm surge pathway"
37.014253,-7.936898,2.902,Faro–Ria Formosa Crossing,"Rail embankment across Ria Formosa backbarrier lagoon; low-lying marsh, tidal influence, storm surge pathway"
37.014656,-7.937146,2.936,Faro–Ria Formosa Crossing,"Rail embankment across Ria Formosa backbarrier lagoon; low-lying marsh, tidal influence, storm surge pathway"
37.013038,-7.936163,2.966,Faro–Ria Formosa Crossing,"Rail embankment across Ria Formosa backbarrier lagoon; low-lying marsh, tidal influence, storm surge pathway"
37.015872,-7.937879,2.972,Faro–Ria Formosa Crossing,"Rail embankment across Ria Formosa backbarrier lagoon; low-lying marsh, tidal influence, storm surge pathway"
37.023757,-7.944334,3.008,Faro–Ria Formosa Crossing,"Rail embankment across Ria Formosa backbarrier lagoon; low-lying marsh, tidal influence, storm surge pathway"
37.016276,-7.938125,3.009,Faro–Ria Formosa Crossing,"Rail embankment across Ria Formosa backbarrier lagoon; low-lying marsh, tidal influence, storm surge pathway"
37.01136,-7.931148,3.014,Faro–Ria Formosa Crossing,"Rail embankment across Ria Formosa backbarrier lagoon; low-lying marsh, tidal influence, storm surge pathway"
37.011065,-7.932206,3.11,Faro–Ria Formosa Crossing,"Rail embankment across Ria Formosa backbarrier lagoon; low-lying marsh, tidal influence, storm surge pathway"
37.02335,-7.899924,3.308,Faro–Ria Formosa Crossing,"Rail embankment across Ria Formosa backbarrier lagoon; low-lying marsh, tidal influence, storm surge pathway"
37.018934,-7.940213,3.348,Faro–Ria Formosa Crossing,"Rail embankment across Ria Formosa backbarrier lagoon; low-lying marsh, tidal influence, storm surge pathway"
37.023394,-7.944001,3.397,Faro–Ria Formosa Crossing,"Rail embankment across Ria Formosa backbarrier lagoon; low-lying marsh, tidal influence, storm surge pathway"
37.024119,-7.944668,3.473,Faro–Ria Formosa Crossing,"Rail embankment across Ria Formosa backbarrier lagoon; low-lying marsh, tidal influence, storm surge pathway"
37.01668,-7.938372,3.5,Faro–Ria Formosa Crossing,"Rail embankment across Ria Formosa backbarrier lagoon; low-lying marsh, tidal influence, storm surge pathway"
37.026982,-7.870665,3.511,Faro–Ria Formosa Crossing,"Rail embankment across Ria Formosa backbarrier lagoon; low-lying marsh, tidal influence, storm surge pathway"
37.026588,-7.864489,3.583,Faro–Ria Formosa Crossing,"Rail embankment across Ria Formosa backbarrier lagoon; low-lying marsh, tidal influence, storm surge pathway"
37.026552,-7.863928,3.583,Faro–Ria Formosa Crossing,"Rail embankment across Ria Formosa backbarrier lagoon; low-lying marsh, tidal influence, storm surge pathway"
37.02345,-7.899375,3.586,Faro–Ria Formosa Crossing,"Rail embankment across Ria Formosa backbarrier lagoon; low-lying marsh, tidal influence, storm surge pathway"
37.018572,-7.939879,3.587,Faro–Ria Formosa Crossing,"Rail embankment across Ria Formosa backbarrier lagoon; low-lying marsh, tidal influence, storm surge pathway"
37.023247,-7.900473,3.594,Faro–Ria Formosa Crossing,"Rail embankment across Ria Formosa backbarrier lagoon; low-lying marsh, tidal influence, storm surge pathway"
37.019297,-7.940546,3.62,Faro–Ria Formosa Crossing,"Rail embankment across Ria Formosa backbarrier lagoon; low-lying marsh, tidal influence, storm surge pathway"
37.027184,-7.853922,3.838,Olhão Station Approaches,Approaches to Olhão station; proximity to Ria Formosa east
37.02199,-7.905865,3.872,Faro–Ria Formosa Crossing,"Rail embankment across Ria Formosa backbarrier lagoon; low-lying marsh, tidal influence, storm surge pathway"
37.017085,-7.938617,3.891,Faro–Ria Formosa Crossing,"Rail embankment across Ria Formosa backbarrier lagoon; low-lying marsh, tidal influence, storm surge pathway"
37.023144,-7.901021,3.928,Faro–Ria Formosa Crossing,"Rail embankment across Ria Formosa backbarrier lagoon; low-lying marsh, tidal influence, storm surge pathway"
37.027212,-7.854483,3.931,Olhão Station Approaches,Approaches to Olhão station; proximity to Ria Formosa east
37.026947,-7.870103,3.948,Faro–Ria Formosa Crossing,"Rail embankment across Ria Formosa backbarrier lagoon; low-lying marsh, tidal influence, storm surge pathway"
37.027115,-7.853365,3.986,Olhão Station Approaches,Approaches to Olhão station; proximity to Ria Formosa east
37.012636,-7.935911,4.019,Faro–Ria Formosa Crossing,"Rail embankment across Ria Formosa backbarrier lagoon; low-lying marsh, tidal influence, storm surge pathway"
37.024864,-7.891692,4.031,Faro–Ria Formosa Crossing,"Rail embankment across Ria Formosa backbarrier lagoon; low-lying marsh, tidal influence, storm surge pathway"
37.026731,-7.866735,4.034,Faro–Ria Formosa Crossing,"Rail embankment across Ria Formosa backbarrier lagoon; low-lying marsh, tidal influence, storm surge pathway"
37.018211,-7.939544,4.054,Faro–Ria Formosa Crossing,"Rail embankment across Ria Formosa backbarrier lagoon; low-lying marsh, tidal influence, storm surge pathway"
37.022164,-7.905346,4.096,Faro–Ria Formosa Crossing,"Rail embankment across Ria Formosa backbarrier lagoon; low-lying marsh, tidal influence, storm surge pathway"
37.027029,-7.852812,4.097,Olhão Station Approaches,Approaches to Olhão station; proximity to Ria Formosa east
37.011611,-7.930682,4.117,Faro–Ria Formosa Crossing,"Rail embankment across Ria Formosa backbarrier lagoon; low-lying marsh, tidal influence, storm surge pathway"
37.01966,-7.940879,4.138,Faro–Ria Formosa Crossing,"Rail embankment across Ria Formosa backbarrier lagoon; low-lying marsh, tidal influence, storm surge pathway"
37.02355,-7.898826,4.165,Faro–Ria Formosa Crossing,"Rail embankment across Ria Formosa backbarrier lagoon; low-lying marsh, tidal influence, storm surge pathway"
37.012251,-7.935623,4.218,Faro–Ria Formosa Crossing,"Rail embankment across Ria Formosa backbarrier lagoon; low-lying marsh, tidal influence, storm surge pathway"
37.027018,-7.871226,4.23,Faro–Ria Formosa Crossing,"Rail embankment across Ria Formosa backbarrier lagoon; low-lying marsh, tidal influence, storm surge pathway"
37.027191,-7.855046,4.259,Olhão Station Approaches,Approaches to Olhão station; proximity to Ria Formosa east
37.023041,-7.901569,4.262,Faro–Ria Formosa Crossing,"Rail embankment across Ria Formosa backbarrier lagoon; low-lying marsh, tidal influence, storm surge pathway"
37.024967,-7.891144,4.274,Faro–Ria Formosa Crossing,"Rail embankment across Ria Formosa backbarrier lagoon; low-lying marsh, tidal influence, storm surge pathway"
37.021815,-7.906385,4.29,Faro–Ria Formosa Crossing,"Rail embankment across Ria Formosa backbarrier lagoon; low-lying marsh, tidal influence, storm surge pathway"
37.023033,-7.943665,4.322,Faro–Ria Formosa Crossing,"Rail embankment across Ria Formosa backbarrier lagoon; low-lying marsh, tidal influence, storm surge pathway"
37.021118,-7.908461,4.328,Faro–Ria Formosa Crossing,"Rail embankment across Ria Formosa backbarrier lagoon; low-lying marsh, tidal influence, storm surge pathway"
37.037184,-7.80945,4.337,Olhão Station Approaches,Approaches to Olhão station; proximity to Ria Formosa east
37.017477,-7.938894,4.376,Faro–Ria Formosa Crossing,"Rail embankment across Ria Formosa backbarrier lagoon; low-lying marsh, tidal influence, storm surge pathway"
37.026911,-7.869542,4.403,Faro–Ria Formosa Crossing,"Rail embankment across Ria Formosa backbarrier lagoon; low-lying marsh, tidal influence, storm surge pathway"
37.026695,-7.866173,4.43,Faro–Ria Formosa Crossing,"Rail embankment across Ria Formosa backbarrier lagoon; low-lying marsh, tidal influence, storm surge pathway"
37.027197,-7.874034,4.44,Faro–Ria Formosa Crossing,"Rail embankment across Ria Formosa backbarrier lagoon; low-lying marsh, tidal influence, storm surge pathway"
37.020943,-7.90898,4.471,Faro–Ria Formosa Crossing,"Rail embankment across Ria Formosa backbarrier lagoon; low-lying marsh, tidal influence, storm surge pathway"
37.02709,-7.872349,4.487,Faro–Ria Formosa Crossing,"Rail embankment across Ria Formosa backbarrier lagoon; low-lying marsh, tidal influence, storm surge pathway"
37.021292,-7.907942,4.487,Faro–Ria Formosa Crossing,"Rail embankment across Ria Formosa backbarrier lagoon; low-lying marsh, tidal influence, storm surge pathway"
37.024247,-7.894982,4.51,Faro–Ria Formosa Crossing,"Rail embankment across Ria Formosa backbarrier lagoon; low-lying marsh, tidal influence, storm surge pathway"
37.026767,-7.867296,4.534,Faro–Ria Formosa Crossing,"Rail embankment across Ria Formosa backbarrier lagoon; low-lying marsh, tidal influence, storm surge pathway"
37.026803,-7.867858,4.556,Faro–Ria Formosa Crossing,"Rail embankment across Ria Formosa backbarrier lagoon; low-lying marsh, tidal influence, storm surge pathway"
37.037469,-7.809014,4.573,Olhão Station Approaches,Approaches to Olhão station; proximity to Ria Formosa east
37.026839,-7.868419,4.583,Faro–Ria Formosa Crossing,"Rail embankment across Ria Formosa backbarrier lagoon; low-lying marsh, tidal influence, storm surge pathway"
37.022337,-7.904826,4.591,Faro–Ria Formosa Crossing,"Rail embankment across Ria Formosa backbarrier lagoon; low-lying marsh, tidal influence, storm surge pathway"
37.027162,-7.873472,4.596,Faro–Ria Formosa Crossing,"Rail embankment across Ria Formosa backbarrier lagoon; low-lying marsh, tidal influence, storm surge pathway"
37.027054,-7.871788,4.624,Faro–Ria Formosa Crossing,"Rail embankment across Ria Formosa backbarrier lagoon; low-lying marsh, tidal influence, storm surge pathway"
37.024761,-7.89224,4.628,Faro–Ria Formosa Crossing,"Rail embankment across Ria Formosa backbarrier lagoon; low-lying marsh, tidal influence, storm surge pathway"
37.026519,-7.863366,4.628,Faro–Ria Formosa Crossing,"Rail embankment across Ria Formosa backbarrier lagoon; low-lying marsh, tidal influence, storm surge pathway"
37.022669,-7.943335,4.635,Faro–Ria Formosa Crossing,"Rail embankment across Ria Formosa backbarrier lagoon; low-lying marsh, tidal influence, storm surge pathway"
37.024147,-7.895531,4.639,Faro–Ria Formosa Crossing,"Rail embankment across Ria Formosa backbarrier lagoon; low-lying marsh, tidal influence, storm surge pathway"
37.027123,-7.855602,4.643,Olhão Station Approaches,Approaches to Olhão station; proximity to Ria Formosa east
37.027126,-7.872911,4.66,Faro–Ria Formosa Crossing,"Rail embankment across Ria Formosa backbarrier lagoon; low-lying marsh, tidal influence, storm surge pathway"
37.011898,-7.930248,4.663,Faro–Ria Formosa Crossing,"Rail embankment across Ria Formosa backbarrier lagoon; low-lying marsh, tidal influence, storm surge pathway"
37.026875,-7.868981,4.669,Faro–Ria Formosa Crossing,"Rail embankment across Ria Formosa backbarrier lagoon; low-lying marsh, tidal influence, storm surge pathway"
37.023949,-7.89663,4.671,Faro–Ria Formosa Crossing,"Rail embankment across Ria Formosa backbarrier lagoon; low-lying marsh, tidal influence, storm surge pathway"
37.017848,-7.939212,4.674,Faro–Ria Formosa Crossing,"Rail embankment across Ria Formosa backbarrier lagoon; low-lying marsh, tidal influence, storm surge pathway"
37.021467,-7.907423,4.689,Faro–Ria Formosa Crossing,"Rail embankment across Ria Formosa backbarrier lagoon; low-lying marsh, tidal influence, storm surge pathway"
37.021641,-7.906904,4.698,Faro–Ria Formosa Crossing,"Rail embankment across Ria Formosa backbarrier lagoon; low-lying marsh, tidal influence, storm surge pathway"
37.024349,-7.894433,4.706,Faro–Ria Formosa Crossing,"Rail embankment across Ria Formosa backbarrier lagoon; low-lying marsh, tidal influence, storm surge pathway"
37.024048,-7.89608,4.71,Faro–Ria Formosa Crossing,"Rail embankment across Ria Formosa backbarrier lagoon; low-lying marsh, tidal influence, storm surge pathway"
37.0119,-7.935271,4.719,Faro–Ria Formosa Crossing,"Rail embankment across Ria Formosa backbarrier lagoon; low-lying marsh, tidal influence, storm surge pathway"
37.023851,-7.897179,4.721,Faro–Ria Formosa Crossing,"Rail embankment across Ria Formosa backbarrier lagoon; low-lying marsh, tidal influence, storm surge pathway"
37.02694,-7.85226,4.75,Olhão Station Approaches,Approaches to Olhão station; proximity to Ria Formosa east
37.027229,-7.874595,4.771,Faro–Ria Formosa Crossing,"Rail embankment across Ria Formosa backbarrier lagoon; low-lying marsh, tidal influence, storm surge pathway"
37.036898,-7.809884,4.787,Olhão Station Approaches,Approaches to Olhão station; proximity to Ria Formosa east
37.024452,-7.893885,4.795,Faro–Ria Formosa Crossing,"Rail embankment across Ria Formosa backbarrier lagoon; low-lying marsh, tidal influence, storm surge pathway"
37.026624,-7.86505,4.812,Faro–Ria Formosa Crossing,"Rail embankment across Ria Formosa backbarrier lagoon; low-lying marsh, tidal influence, storm surge pathway"
37.022938,-7.902117,4.857,Faro–Ria Formosa Crossing,"Rail embankment across Ria Formosa backbarrier lagoon; low-lying marsh, tidal influence, storm surge pathway"
37.025991,-7.885659,4.876,Faro–Ria Formosa Crossing,"Rail embankment across Ria Formosa backbarrier lagoon; low-lying marsh, tidal influence, storm surge pathway"
37.027355,-7.876843,4.885,Faro–Ria Formosa Crossing,"Rail embankment across Ria Formosa backbarrier lagoon; low-lying marsh, tidal influence, storm surge pathway"
37.0225,-7.904301,4.886,Faro–Ria Formosa Crossing,"Rail embankment across Ria Formosa backbarrier lagoon; low-lying marsh, tidal influence, storm surge pathway"
37.02375,-7.897728,4.91,Faro–Ria Formosa Crossing,"Rail embankment across Ria Formosa backbarrier lagoon; low-lying marsh, tidal influence, storm surge pathway"
37.027023,-7.856151,4.924,Olhão Station Approaches,Approaches to Olhão station; proximity to Ria Formosa east
37.02507,-7.890595,4.933,Faro–Ria Formosa Crossing,"Rail embankment across Ria Formosa backbarrier lagoon; low-lying marsh, tidal influence, storm surge pathway"
37.020769,-7.909499,4.942,Faro–Ria Formosa Crossing,"Rail embankment across Ria Formosa backbarrier lagoon; low-lying marsh, tidal influence, storm surge pathway"
37.02589,-7.886208,4.944,Faro–Ria Formosa Crossing,"Rail embankment across Ria Formosa backbarrier lagoon; low-lying marsh, tidal influence, storm surge pathway"
37.02365,-7.898277,4.951,Faro–Ria Formosa Crossing,"Rail embankment across Ria Formosa backbarrier lagoon; low-lying marsh, tidal influence, storm surge pathway"
37.024658,-7.892788,4.997,Faro–Ria Formosa Crossing,"Rail embankment across Ria Formosa backbarrier lagoon; low-lying marsh, tidal influence, storm surge pathway"
37.024555,-7.893337,5.0,Faro–Ria Formosa Crossing,"Rail embankment across Ria Formosa backbarrier lagoon; low-lying marsh, tidal influence, storm surge pathway"
