idx,lat,lon,elev_m,below_threshold,flood_zone,zone_notes
0,37.148846,-8.559071,42.707,False,Arade Estuary Bridge Crossing,Rail bridge over tidal Arade estuary; mesotidal range 2-3 m; storm surge and compound flood exposure
1,37.148471,-8.558759,42.278,False,Arade Estuary Bridge Crossing,Rail bridge over tidal Arade estuary; mesotidal range 2-3 m; storm surge and compound flood exposure
2,37.148112,-8.558424,41.234,False,Arade Estuary Bridge Crossing,Rail bridge over tidal Arade estuary; mesotidal range 2-3 m; storm surge and compound flood exposure
3,37.147805,-8.558012,40.459,False,Arade Estuary Bridge Crossing,Rail bridge over tidal Arade estuary; mesotidal range 2-3 m; storm surge and compound flood exposure
4,37.147511,-8.557585,39.909,False,Arade Estuary Bridge Crossing,Rail bridge over tidal Arade estuary; mesotidal range 2-3 m; storm surge and compound flood exposure
5,37.147282,-8.557104,37.054,False,Arade Estuary Bridge Crossing,Rail bridge over tidal Arade estuary; mesotidal range 2-3 m; storm surge and compound flood exposure
6,37.147101,-8.556589,34.558,False,Arade Estuary Bridge Crossing,Rail bridge over tidal Arade estuary; mesotidal range 2-3 m; storm surge and compound flood exposure
7,37.146964,-8.556051,31.771,False,Arade Estuary Bridge Crossing,Rail bridge over tidal Arade estuary; mesotidal range 2-3 m; storm surge and compound flood exposure
8,37.146905,-8.555493,28.944,False,Arade Estuary Bridge Crossing,Rail bridge over tidal Arade estuary; mesotidal range 2-3 m; storm surge and compound flood exposure
9,37.146881,-8.554931,27.132,False,Arade Estuary Bridge Crossing,Rail bridge over tidal Arade estuary; mesotidal range 2-3 m; storm surge and compound flood exposure
10,37.146898,-8.554368,26.063,False,Arade Estuary Bridge Crossing,Rail bridge over tidal Arade estuary; mesotidal range 2-3 m; storm surge and compound flood exposure
11,37.146901,-8.553804,24.589,False,Arade Estuary Bridge Crossing,Rail bridge over tidal Arade estuary; mesotidal range 2-3 m; storm surge and compound flood exposure
12,37.14689,-8.55324,23.355,False,Arade Estuary Bridge Crossing,Rail bridge over tidal Arade estuary; mesotidal range 2-3 m; storm surge and compound flood exposure
13,37.146842,-8.55268,22.662,False,Arade Estuary Bridge Crossing,Rail bridge over tidal Arade estuary; mesotidal range 2-3 m; storm surge and compound flood exposure
14,37.146756,-8.552127,23.046,False,Arade Estuary Bridge Crossing,Rail bridge over tidal Arade estuary; mesotidal range 2-3 m; storm surge and compound flood exposure
15,37.146621,-8.551589,25.056,False,Arade Estuary Bridge Crossing,Rail bridge over tidal Arade estuary; mesotidal range 2-3 m; storm surge and compound flood exposure
16,37.146455,-8.551065,25.789,False,Arade Estuary Bridge Crossing,Rail bridge over tidal Arade estuary; mesotidal range 2-3 m; storm surge and compound flood exposure
17,37.146288,-8.550541,24.763,False,Arade Estuary Bridge Crossing,Rail bridge over tidal Arade estuary; mesotidal range 2-3 m; storm surge and compound flood exposure
18,37.146128,-8.550014,22.669,False,Arade Estuary Bridge Crossing,Rail bridge over tidal Arade estuary; mesotidal range 2-3 m; storm surge and compound flood exposure
19,37.14599,-8.549478,22.111,False,Arade Estuary Bridge Crossing,Rail bridge over tidal Arade estuary; mesotidal range 2-3 m; storm surge and compound flood exposure
20,37.145905,-8.548924,22.396,False,Arade Estuary Bridge Crossing,Rail bridge over tidal Arade estuary; mesotidal range 2-3 m; storm surge and compound flood exposure
21,37.145855,-8.548364,21.836,False,Arade Estuary Bridge Crossing,Rail bridge over tidal Arade estuary; mesotidal range 2-3 m; storm surge and compound flood exposure
22,37.145828,-8.547801,19.224,False,Arade Estuary Bridge Crossing,Rail bridge over tidal Arade estuary; mesotidal range 2-3 m; storm surge and compound flood exposure
23,37.1458,-8.547238,16.65,False,Arade Estuary Bridge Crossing,Rail bridge over tidal Arade estuary; mesotidal range 2-3 m; storm surge and compound flood exposure
24,37.145772,-8.546675,15.518,False,Arade Estuary Bridge Crossing,Rail bridge over tidal Arade estuary; mesotidal range 2-3 m; storm surge and compound flood exposure
25,37.145745,-8.546112,15.274,False,Arade Estuary Bridge Crossing,Rail bridge over tidal Arade estuary; mesotidal range 2-3 m; storm surge and compound flood exposure
26,37.145717,-8.545549,15.007,False,Arade Estuary Bridge Crossing,Rail bridge over tidal Arade estuary; mesotidal range 2-3 m; storm surge and compound flood exposure
27,37.145691,-8.544985,15.082,False,Arade Estuary Bridge Crossing,Rail bridge over tidal Arade estuary; mesotidal range 2-3 m; storm surge and compound flood exposure
28,37.145667,-8.544422,14.655,False,Arade Estuary Bridge Crossing,Rail bridge over tidal Arade estuary; mesotidal range 2-3 m; storm surge and compound flood exposure
29,37.145642,-8.543859,13.119,False,Arade Estuary Bridge Crossing,Rail bridge over tidal Arade estuary; mesotidal range 2-3 m; storm surge and compound flood exposure
30,37.145617,-8.543296,11.773,False,Arade Estuary Bridge Crossing,Rail bridge over tidal Arade estuary; mesotidal range 2-3 m; storm surge and compound flood exposure
31,37.145589,-8.542733,11.118,False,Arade Estuary Bridge Crossing,Rail bridge over tidal Arade estuary; mesotidal range 2-3 m; storm surge and compound flood exposure
32,37.145547,-8.542171,11.665,False,Arade Estuary Bridge Crossing,Rail bridge over tidal Arade estuary; mesotidal range 2-3 m; storm surge and compound flood exposure
33,37.145481,-8.541613,12.536,False,Arade Estuary Bridge Crossing,Rail bridge over tidal Arade estuary; mesotidal range 2-3 m; storm surge and compound flood exposure
34,37.145378,-8.541064,12.354,False,Arade Estuary Bridge Crossing,Rail bridge over tidal Arade estuary; mesotidal range 2-3 m; storm surge and compound flood exposure
35,37.145272,-8.540516,11.006,False,Arade Estuary Bridge Crossing,Rail bridge over tidal Arade estuary; mesotidal range 2-3 m; storm surge and compound flood exposure
36,37.145164,-8.539969,9.54,False,Arade Estuary Bridge Crossing,Rail bridge over tidal Arade estuary; mesotidal range 2-3 m; storm surge and compound flood exposure
37,37.145055,-8.539421,7.833,False,Arade Estuary Bridge Crossing,Rail bridge over tidal Arade estuary; mesotidal range 2-3 m; storm surge and compound flood exposure
38,37.144946,-8.538874,6.303,False,Arade Estuary Bridge Crossing,Rail bridge over tidal Arade estuary; mesotidal range 2-3 m; storm surge and compound flood exposure
39,37.144837,-8.538327,6.159,False,Arade Estuary Bridge Crossing,Rail bridge over tidal Arade estuary; mesotidal range 2-3 m; storm surge and compound flood exposure
40,37.144729,-8.537779,5.405,False,Arade Estuary Bridge Crossing,Rail bridge over tidal Arade estuary; mesotidal range 2-3 m; storm surge and compound flood exposure
41,37.14462,-8.537232,4.789,True,Arade Estuary Bridge Crossing,Rail bridge over tidal Arade estuary; mesotidal range 2-3 m; storm surge and compound flood exposure
42,37.144513,-8.536684,4.903,True,Arade Estuary Bridge Crossing,Rail bridge over tidal Arade estuary; mesotidal range 2-3 m; storm surge and compound flood exposure
43,37.144405,-8.536136,4.241,True,Arade Estuary Bridge Crossing,Rail bridge over tidal Arade estuary; mesotidal range 2-3 m; storm surge and compound flood exposure
44,37.144297,-8.535589,3.39,True,Arade Estuary Bridge Crossing,Rail bridge over tidal Arade estuary; mesotidal range 2-3 m; storm surge and compound flood exposure
45,37.144189,-8.535041,3.095,True,Arade Estuary Bridge Crossing,Rail bridge over tidal Arade estuary; mesotidal range 2-3 m; storm surge and compound flood exposure
46,37.144082,-8.534493,2.764,True,Arade Estuary Bridge Crossing,Rail bridge over tidal Arade estuary; mesotidal range 2-3 m; storm surge and compound flood exposure
47,37.143974,-8.533945,2.151,True,Arade Estuary Bridge Crossing,Rail bridge over tidal Arade estuary; mesotidal range 2-3 m; storm surge and compound flood exposure
48,37.143867,-8.533398,1.287,True,Arade Estuary Bridge Crossing,Rail bridge over tidal Arade estuary; mesotidal range 2-3 m; storm surge and compound flood exposure
49,37.143751,-8.532853,1.596,True,Arade Estuary Bridge Crossing,Rail bridge over tidal Arade estuary; mesotidal range 2-3 m; storm surge and compound flood exposure
50,37.143592,-8.532326,2.421,True,Arade Estuary Bridge Crossing,Rail bridge over tidal Arade estuary; mesotidal range 2-3 m; storm surge and compound flood exposure
51,37.143369,-8.531837,2.769,True,Arade Estuary Bridge Crossing,Rail bridge over tidal Arade estuary; mesotidal range 2-3 m; storm surge and compound flood exposure
52,37.143084,-8.531402,2.685,True,Arade Estuary Bridge Crossing,Rail bridge over tidal Arade estuary; mesotidal range 2-3 m; storm surge and compound flood exposure
53,37.142757,-8.531015,2.457,True,Arade Estuary Bridge Crossing,Rail bridge over tidal Arade estuary; mesotidal range 2-3 m; storm surge and compound flood exposure
54,37.142413,-8.530651,2.211,True,Arade Estuary Bridge Crossing,Rail bridge over tidal Arade estuary; mesotidal range 2-3 m; storm surge and compound flood exposure
55,37.142068,-8.530289,0.62,True,Arade Estuary Bridge Crossing,Rail bridge over tidal Arade estuary; mesotidal range 2-3 m; storm surge and compound flood exposure
56,37.138662,-8.526607,4.24,True,Arade Estuary Bridge Crossing,Rail bridge over tidal Arade estuary; mesotidal range 2-3 m; storm surge and compound flood exposure
57,37.13833,-8.526226,5.094,False,Arade Estuary Bridge Crossing,Rail bridge over tidal Arade estuary; mesotidal range 2-3 m; storm surge and compound flood exposure
58,37.138041,-8.525795,5.149,False,Arade Estuary Bridge Crossing,Rail bridge over tidal Arade estuary; mesotidal range 2-3 m; storm surge and compound flood exposure
59,37.137813,-8.52531,4.729,True,Arade Estuary Bridge Crossing,Rail bridge over tidal Arade estuary; mesotidal range 2-3 m; storm surge and compound flood exposure
60,37.137652,-8.524784,3.859,True,Arade Estuary Bridge Crossing,Rail bridge over tidal Arade estuary; mesotidal range 2-3 m; storm surge and compound flood exposure
61,37.137565,-8.524232,2.799,True,Arade Estuary Bridge Crossing,Rail bridge over tidal Arade estuary; mesotidal range 2-3 m; storm surge and compound flood exposure
62,37.137554,-8.523669,1.469,True,Arade Estuary Bridge Crossing,Rail bridge over tidal Arade estuary; mesotidal range 2-3 m; storm surge and compound flood exposure
63,37.137619,-8.523111,0.585,True,Arade Estuary Bridge Crossing,Rail bridge over tidal Arade estuary; mesotidal range 2-3 m; storm surge and compound flood exposure
64,37.137749,-8.522572,0.876,True,Arade Estuary Bridge Crossing,Rail bridge over tidal Arade estuary; mesotidal range 2-3 m; storm surge and compound flood exposure
65,37.1379,-8.522041,1.391,True,Arade Estuary Bridge Crossing,Rail bridge over tidal Arade estuary; mesotidal range 2-3 m; storm surge and compound flood exposure
66,37.138061,-8.521514,2.099,True,Arade Estuary Bridge Crossing,Rail bridge over tidal Arade estuary; mesotidal range 2-3 m; storm surge and compound flood exposure
67,37.138217,-8.520985,2.07,True,Arade Estuary Bridge Crossing,Rail bridge over tidal Arade estuary; mesotidal range 2-3 m; storm surge and compound flood exposure
68,37.138372,-8.520455,2.78,True,Arade Estuary Bridge Crossing,Rail bridge over tidal Arade estuary; mesotidal range 2-3 m; storm surge and compound flood exposure
69,37.138526,-8.519926,3.791,True,Arade Estuary Bridge Crossing,Rail bridge over tidal Arade estuary; mesotidal range 2-3 m; storm surge and compound flood exposure
70,37.138681,-8.519396,4.154,True,Arade Estuary Bridge Crossing,Rail bridge over tidal Arade estuary; mesotidal range 2-3 m; storm surge and compound flood exposure
71,37.138835,-8.518866,4.289,True,Arade Estuary Bridge Crossing,Rail bridge over tidal Arade estuary; mesotidal range 2-3 m; storm surge and compound flood exposure
72,37.138988,-8.518336,4.524,True,Arade Estuary Bridge Crossing,Rail bridge over tidal Arade estuary; mesotidal range 2-3 m; storm surge and compound flood exposure
73,37.139141,-8.517805,5.706,False,Arade Estuary Bridge Crossing,Rail bridge over tidal Arade estuary; mesotidal range 2-3 m; storm surge and compound flood exposure
74,37.139295,-8.517275,6.97,False,Arade Estuary Bridge Crossing,Rail bridge over tidal Arade estuary; mesotidal range 2-3 m; storm surge and compound flood exposure
75,37.139448,-8.516745,7.318,False,Arade Estuary Bridge Crossing,Rail bridge over tidal Arade estuary; mesotidal range 2-3 m; storm surge and compound flood exposure
76,37.139601,-8.516215,6.917,False,Arade Estuary Bridge Crossing,Rail bridge over tidal Arade estuary; mesotidal range 2-3 m; storm surge and compound flood exposure
77,37.139755,-8.515684,6.162,False,Arade Estuary Bridge Crossing,Rail bridge over tidal Arade estuary; mesotidal range 2-3 m; storm surge and compound flood exposure
78,37.139909,-8.515155,5.831,False,Arade Estuary Bridge Crossing,Rail bridge over tidal Arade estuary; mesotidal range 2-3 m; storm surge and compound flood exposure
79,37.140063,-8.514625,5.49,False,Arade Estuary Bridge Crossing,Rail bridge over tidal Arade estuary; mesotidal range 2-3 m; storm surge and compound flood exposure
80,37.140217,-8.514095,5.499,False,Arade Estuary Bridge Crossing,Rail bridge over tidal Arade estuary; mesotidal range 2-3 m; storm surge and compound flood exposure
81,37.140371,-8.513565,7.348,False,Arade Estuary Bridge Crossing,Rail bridge over tidal Arade estuary; mesotidal range 2-3 m; storm surge and compound flood exposure
82,37.140525,-8.513035,9.294,False,Arade Estuary Bridge Crossing,Rail bridge over tidal Arade estuary; mesotidal range 2-3 m; storm surge and compound flood exposure
83,37.14068,-8.512505,9.815,False,Arade Estuary Bridge Crossing,Rail bridge over tidal Arade estuary; mesotidal range 2-3 m; storm surge and compound flood exposure
84,37.140837,-8.511976,9.447,False,Arade Estuary Bridge Crossing,Rail bridge over tidal Arade estuary; mesotidal range 2-3 m; storm surge and compound flood exposure
85,37.140994,-8.511448,8.51,False,Arade Estuary Bridge Crossing,Rail bridge over tidal Arade estuary; mesotidal range 2-3 m; storm surge and compound flood exposure
86,37.141148,-8.510918,9.455,False,Arade Estuary Bridge Crossing,Rail bridge over tidal Arade estuary; mesotidal range 2-3 m; storm surge and compound flood exposure
87,37.141296,-8.510386,10.874,False,Arade Estuary Bridge Crossing,Rail bridge over tidal Arade estuary; mesotidal range 2-3 m; storm surge and compound flood exposure
88,37.141436,-8.509849,11.73,False,Portimão Station Approaches,Urban approaches to Portimão station east of the Arade; coastal urban area at mouth of estuary
89,37.141561,-8.509308,12.518,False,Portimão Station Approaches,Urban approaches to Portimão station east of the Arade; coastal urban area at mouth of estuary
90,37.141672,-8.508761,13.335,False,Portimão Station Approaches,Urban approaches to Portimão station east of the Arade; coastal urban area at mouth of estuary
91,37.141777,-8.508213,14.246,False,Portimão Station Approaches,Urban approaches to Portimão station east of the Arade; coastal urban area at mouth of estuary
92,37.141848,-8.507656,14.803,False,Portimão Station Approaches,Urban approaches to Portimão station east of the Arade; coastal urban area at mouth of estuary
93,37.141905,-8.507096,13.973,False,Portimão Station Approaches,Urban approaches to Portimão station east of the Arade; coastal urban area at mouth of estuary
94,37.141952,-8.506535,12.871,False,Portimão Station Approaches,Urban approaches to Portimão station east of the Arade; coastal urban area at mouth of estuary
95,37.142001,-8.505975,12.175,False,Portimão Station Approaches,Urban approaches to Portimão station east of the Arade; coastal urban area at mouth of estuary
96,37.14205,-8.505414,12.29,False,Portimão Station Approaches,Urban approaches to Portimão station east of the Arade; coastal urban area at mouth of estuary
97,37.142094,-8.504852,12.672,False,Portimão Station Approaches,Urban approaches to Portimão station east of the Arade; coastal urban area at mouth of estuary
98,37.142137,-8.504291,11.929,False,Portimão Station Approaches,Urban approaches to Portimão station east of the Arade; coastal urban area at mouth of estuary
99,37.142179,-8.503729,11.965,False,Portimão Station Approaches,Urban approaches to Portimão station east of the Arade; coastal urban area at mouth of estuary
100,37.142222,-8.503168,13.268,False,Portimão Station Approaches,Urban approaches to Portimão station east of the Arade; coastal urban area at mouth of estuary
101,37.142261,-8.502606,15.055,False,Portimão Station Approaches,Urban approaches to Portimão station east of the Arade; coastal urban area at mouth of estuary
102,37.142283,-8.502043,16.742,False,Portimão Station Approaches,Urban approaches to Portimão station east of the Arade; coastal urban area at mouth of estuary
103,37.142245,-8.501481,17.63,False,Portimão Station Approaches,Urban approaches to Portimão station east of the Arade; coastal urban area at mouth of estuary
104,37.142138,-8.500934,17.581,False,Portimão Station Approaches,Urban approaches to Portimão station east of the Arade; coastal urban area at mouth of estuary
105,37.141967,-8.500413,17.562,False,Portimão Station Approaches,Urban approaches to Portimão station east of the Arade; coastal urban area at mouth of estuary
106,37.141756,-8.499915,18.282,False,Portimão Station Approaches,Urban approaches to Portimão station east of the Arade; coastal urban area at mouth of estuary
107,37.141529,-8.499428,19.356,False,Portimão Station Approaches,Urban approaches to Portimão station east of the Arade; coastal urban area at mouth of estuary
108,37.141325,-8.498926,20.479,False,Portimão Station Approaches,Urban approaches to Portimão station east of the Arade; coastal urban area at mouth of estuary
109,37.141172,-8.498396,21.833,False,Portimão Station Approaches,Urban approaches to Portimão station east of the Arade; coastal urban area at mouth of estuary
110,37.141095,-8.497841,23.508,False,Portimão Station Approaches,Urban approaches to Portimão station east of the Arade; coastal urban area at mouth of estuary
111,37.141097,-8.497278,24.517,False,Portimão Station Approaches,Urban approaches to Portimão station east of the Arade; coastal urban area at mouth of estuary
112,37.141169,-8.496723,23.52,False,Portimão Station Approaches,Urban approaches to Portimão station east of the Arade; coastal urban area at mouth of estuary
113,37.141312,-8.496189,22.394,False,Portimão Station Approaches,Urban approaches to Portimão station east of the Arade; coastal urban area at mouth of estuary
114,37.141528,-8.495695,21.141,False,Portimão Station Approaches,Urban approaches to Portimão station east of the Arade; coastal urban area at mouth of estuary
115,37.141799,-8.495246,20.18,False,Portimão Station Approaches,Urban approaches to Portimão station east of the Arade; coastal urban area at mouth of estuary
116,37.142085,-8.494811,19.608,False,Portimão Station Approaches,Urban approaches to Portimão station east of the Arade; coastal urban area at mouth of estuary
117,37.142374,-8.494378,17.929,False,Portimão Station Approaches,Urban approaches to Portimão station east of the Arade; coastal urban area at mouth of estuary
118,37.142662,-8.493945,17.167,False,Portimão Station Approaches,Urban approaches to Portimão station east of the Arade; coastal urban area at mouth of estuary
119,37.142919,-8.493483,18.306,False,Portimão Station Approaches,Urban approaches to Portimão station east of the Arade; coastal urban area at mouth of estuary
120,37.14313,-8.492985,19.831,False,Portimão Station Approaches,Urban approaches to Portimão station east of the Arade; coastal urban area at mouth of estuary
121,37.143294,-8.49246,20.176,False,Portimão Station Approaches,Urban approaches to Portimão station east of the Arade; coastal urban area at mouth of estuary
122,37.143393,-8.491911,18.786,False,Portimão Station Approaches,Urban approaches to Portimão station east of the Arade; coastal urban area at mouth of estuary
123,37.143441,-8.49135,17.576,False,Portimão Station Approaches,Urban approaches to Portimão station east of the Arade; coastal urban area at mouth of estuary
124,37.143445,-8.490786,17.471,False,Portimão Station Approaches,Urban approaches to Portimão station east of the Arade; coastal urban area at mouth of estuary
125,37.143447,-8.490222,17.924,False,Portimão Station Approaches,Urban approaches to Portimão station east of the Arade; coastal urban area at mouth of estuary
126,37.143442,-8.489658,19.001,False,Portimão Station Approaches,Urban approaches to Portimão station east of the Arade; coastal urban area at mouth of estuary
127,37.143434,-8.489094,20.253,False,Portimão Station Approaches,Urban approaches to Portimão station east of the Arade; coastal urban area at mouth of estuary
128,37.143445,-8.48853,17.789,False,Portimão Station Approaches,Urban approaches to Portimão station east of the Arade; coastal urban area at mouth of estuary
129,37.143448,-8.487966,16.673,False,Portimão Station Approaches,Urban approaches to Portimão station east of the Arade; coastal urban area at mouth of estuary
130,37.14344,-8.487402,17.237,False,Portimão Station Approaches,Urban approaches to Portimão station east of the Arade; coastal urban area at mouth of estuary
131,37.143431,-8.486838,17.459,False,Portimão Station Approaches,Urban approaches to Portimão station east of the Arade; coastal urban area at mouth of estuary
132,37.14343,-8.486274,18.852,False,Portimão Station Approaches,Urban approaches to Portimão station east of the Arade; coastal urban area at mouth of estuary
133,37.143428,-8.48571,18.547,False,Portimão Station Approaches,Urban approaches to Portimão station east of the Arade; coastal urban area at mouth of estuary
134,37.143429,-8.485146,16.448,False,Portimão Station Approaches,Urban approaches to Portimão station east of the Arade; coastal urban area at mouth of estuary
135,37.143432,-8.484582,15.192,False,Portimão Station Approaches,Urban approaches to Portimão station east of the Arade; coastal urban area at mouth of estuary
136,37.143437,-8.484018,14.809,False,Portimão Station Approaches,Urban approaches to Portimão station east of the Arade; coastal urban area at mouth of estuary
137,37.143482,-8.483457,15.347,False,Portimão Station Approaches,Urban approaches to Portimão station east of the Arade; coastal urban area at mouth of estuary
138,37.143597,-8.482912,16.682,False,Portimão Station Approaches,Urban approaches to Portimão station east of the Arade; coastal urban area at mouth of estuary
139,37.143765,-8.482389,18.531,False,Portimão Station Approaches,Urban approaches to Portimão station east of the Arade; coastal urban area at mouth of estuary
140,37.143946,-8.481873,19.934,False,Portimão Station Approaches,Urban approaches to Portimão station east of the Arade; coastal urban area at mouth of estuary
141,37.14413,-8.481358,20.389,False,Portimão Station Approaches,Urban approaches to Portimão station east of the Arade; coastal urban area at mouth of estuary
142,37.144314,-8.480843,20.09,False,Portimão Station Approaches,Urban approaches to Portimão station east of the Arade; coastal urban area at mouth of estuary
143,37.144498,-8.480329,20.441,False,Portimão Station Approaches,Urban approaches to Portimão station east of the Arade; coastal urban area at mouth of estuary
144,37.144682,-8.479814,20.538,False,Portimão Station Approaches,Urban approaches to Portimão station east of the Arade; coastal urban area at mouth of estuary
145,37.144877,-8.479306,20.564,False,Portimão Station Approaches,Urban approaches to Portimão station east of the Arade; coastal urban area at mouth of estuary
146,37.145083,-8.478805,21.598,False,Portimão Station Approaches,Urban approaches to Portimão station east of the Arade; coastal urban area at mouth of estuary
147,37.145289,-8.478304,23.667,False,Portimão Station Approaches,Urban approaches to Portimão station east of the Arade; coastal urban area at mouth of estuary
148,37.145496,-8.477802,26.058,False,Portimão Station Approaches,Urban approaches to Portimão station east of the Arade; coastal urban area at mouth of estuary
149,37.145702,-8.477301,27.364,False,Portimão Station Approaches,Urban approaches to Portimão station east of the Arade; coastal urban area at mouth of estuary
150,37.145911,-8.476802,27.832,False,Portimão Station Approaches,Urban approaches to Portimão station east of the Arade; coastal urban area at mouth of estuary
151,37.14612,-8.476302,26.544,False,Portimão Station Approaches,Urban approaches to Portimão station east of the Arade; coastal urban area at mouth of estuary
152,37.14633,-8.475803,25.356,False,Portimão Station Approaches,Urban approaches to Portimão station east of the Arade; coastal urban area at mouth of estuary
153,37.146539,-8.475304,25.795,False,Portimão Station Approaches,Urban approaches to Portimão station east of the Arade; coastal urban area at mouth of estuary
154,37.146742,-8.474801,27.423,False,Portimão Station Approaches,Urban approaches to Portimão station east of the Arade; coastal urban area at mouth of estuary
155,37.146945,-8.474297,29.11,False,Portimão Station Approaches,Urban approaches to Portimão station east of the Arade; coastal urban area at mouth of estuary
156,37.147148,-8.473794,30.563,False,Portimão Station Approaches,Urban approaches to Portimão station east of the Arade; coastal urban area at mouth of estuary
157,37.147351,-8.47329,31.17,False,Portimão Station Approaches,Urban approaches to Portimão station east of the Arade; coastal urban area at mouth of estuary
158,37.147569,-8.472798,32.846,False,Portimão Station Approaches,Urban approaches to Portimão station east of the Arade; coastal urban area at mouth of estuary
159,37.147812,-8.472324,34.43,False,Portimão Station Approaches,Urban approaches to Portimão station east of the Arade; coastal urban area at mouth of estuary
160,37.148131,-8.471927,34.184,False,Portimão Station Approaches,Urban approaches to Portimão station east of the Arade; coastal urban area at mouth of estuary
161,37.148546,-8.471817,30.682,False,Portimão Station Approaches,Urban approaches to Portimão station east of the Arade; coastal urban area at mouth of estuary
162,37.148995,-8.471812,27.669,False,Portimão Station Approaches,Urban approaches to Portimão station east of the Arade; coastal urban area at mouth of estuary
163,37.149445,-8.471807,25.778,False,Portimão Station Approaches,Urban approaches to Portimão station east of the Arade; coastal urban area at mouth of estuary
164,37.149895,-8.471802,25.569,False,Portimão Station Approaches,Urban approaches to Portimão station east of the Arade; coastal urban area at mouth of estuary
165,37.150344,-8.471797,27.041,False,Portimão Station Approaches,Urban approaches to Portimão station east of the Arade; coastal urban area at mouth of estuary
166,37.150794,-8.471792,28.894,False,Portimão Station Approaches,Urban approaches to Portimão station east of the Arade; coastal urban area at mouth of estuary
167,37.151244,-8.471787,30.581,False,Portimão Station Approaches,Urban approaches to Portimão station east of the Arade; coastal urban area at mouth of estuary
168,37.151693,-8.471782,31.279,False,Portimão Station Approaches,Urban approaches to Portimão station east of the Arade; coastal urban area at mouth of estuary
169,37.152143,-8.471776,32.469,False,Portimão Station Approaches,Urban approaches to Portimão station east of the Arade; coastal urban area at mouth of estuary
170,37.152593,-8.471771,34.082,False,Portimão Station Approaches,Urban approaches to Portimão station east of the Arade; coastal urban area at mouth of estuary
171,37.153042,-8.471766,34.906,False,Portimão Station Approaches,Urban approaches to Portimão station east of the Arade; coastal urban area at mouth of estuary
172,37.153492,-8.471761,37.204,False,Portimão Station Approaches,Urban approaches to Portimão station east of the Arade; coastal urban area at mouth of estuary
173,37.153578,-8.471744,37.799,False,Portimão Station Approaches,Urban approaches to Portimão station east of the Arade; coastal urban area at mouth of estuary
174,37.153129,-8.471709,35.644,False,Portimão Station Approaches,Urban approaches to Portimão station east of the Arade; coastal urban area at mouth of estuary
175,37.153261,-8.471695,36.286,False,Portimão Station Approaches,Urban approaches to Portimão station east of the Arade; coastal urban area at mouth of estuary
176,37.153711,-8.471694,38.813,False,Portimão Station Approaches,Urban approaches to Portimão station east of the Arade; coastal urban area at mouth of estuary
177,37.154161,-8.471693,42.526,False,Portimão Station Approaches,Urban approaches to Portimão station east of the Arade; coastal urban area at mouth of estuary
178,37.154607,-8.471654,45.083,False,Portimão Station Approaches,Urban approaches to Portimão station east of the Arade; coastal urban area at mouth of estuary
179,37.154798,-8.471554,45.633,False,Portimão Station Approaches,Urban approaches to Portimão station east of the Arade; coastal urban area at mouth of estuary
180,37.154348,-8.471545,43.342,False,Portimão Station Approaches,Urban approaches to Portimão station east of the Arade; coastal urban area at mouth of estuary
181,37.153899,-8.471536,40.492,False,Portimão Station Approaches,Urban approaches to Portimão station east of the Arade; coastal urban area at mouth of estuary
182,37.153449,-8.471527,37.913,False,Portimão Station Approaches,Urban approaches to Portimão station east of the Arade; coastal urban area at mouth of estuary
183,37.153,-8.471518,36.476,False,Portimão Station Approaches,Urban approaches to Portimão station east of the Arade; coastal urban area at mouth of estuary
184,37.15255,-8.47151,35.839,False,Portimão Station Approaches,Urban approaches to Portimão station east of the Arade; coastal urban area at mouth of estuary
185,37.152135,-8.471501,34.2,False,Portimão Station Approaches,Urban approaches to Portimão station east of the Arade; coastal urban area at mouth of estuary
186,37.152585,-8.471496,36.01,False,Portimão Station Approaches,Urban approaches to Portimão station east of the Arade; coastal urban area at mouth of estuary
187,37.153034,-8.471491,36.739,False,Portimão Station Approaches,Urban approaches to Portimão station east of the Arade; coastal urban area at mouth of estuary
188,37.153484,-8.471487,38.214,False,Portimão Station Approaches,Urban approaches to Portimão station east of the Arade; coastal urban area at mouth of estuary
189,37.153934,-8.471482,40.778,False,Portimão Station Approaches,Urban approaches to Portimão station east of the Arade; coastal urban area at mouth of estuary
190,37.154383,-8.471477,43.36,False,Portimão Station Approaches,Urban approaches to Portimão station east of the Arade; coastal urban area at mouth of estuary
191,37.154833,-8.471473,45.464,False,Portimão Station Approaches,Urban approaches to Portimão station east of the Arade; coastal urban area at mouth of estuary
192,37.154992,-8.471469,46.217,False,Portimão Station Approaches,Urban approaches to Portimão station east of the Arade; coastal urban area at mouth of estuary
193,37.154543,-8.471467,44.12,False,Portimão Station Approaches,Urban approaches to Portimão station east of the Arade; coastal urban area at mouth of estuary
194,37.154093,-8.471466,41.752,False,Portimão Station Approaches,Urban approaches to Portimão station east of the Arade; coastal urban area at mouth of estuary
195,37.153643,-8.471464,39.097,False,Portimão Station Approaches,Urban approaches to Portimão station east of the Arade; coastal urban area at mouth of estuary
196,37.153194,-8.471463,37.252,False,Portimão Station Approaches,Urban approaches to Portimão station east of the Arade; coastal urban area at mouth of estuary
197,37.152744,-8.471461,36.57,False,Portimão Station Approaches,Urban approaches to Portimão station east of the Arade; coastal urban area at mouth of estuary
198,37.152295,-8.47146,35.217,False,Portimão Station Approaches,Urban approaches to Portimão station east of the Arade; coastal urban area at mouth of estuary
199,37.151845,-8.471458,33.595,False,Portimão Station Approaches,Urban approaches to Portimão station east of the Arade; coastal urban area at mouth of estuary
200,37.151395,-8.471457,32.567,False,Portimão Station Approaches,Urban approaches to Portimão station east of the Arade; coastal urban area at mouth of estuary
201,37.150946,-8.471455,31.167,False,Portimão Station Approaches,Urban approaches to Portimão station east of the Arade; coastal urban area at mouth of estuary
202,37.150496,-8.471454,29.001,False,Portimão Station Approaches,Urban approaches to Portimão station east of the Arade; coastal urban area at mouth of estuary
203,37.150046,-8.471452,27.148,False,Portimão Station Approaches,Urban approaches to Portimão station east of the Arade; coastal urban area at mouth of estuary
204,37.149597,-8.471451,27.097,False,Portimão Station Approaches,Urban approaches to Portimão station east of the Arade; coastal urban area at mouth of estuary
205,37.149147,-8.471449,28.608,False,Portimão Station Approaches,Urban approaches to Portimão station east of the Arade; coastal urban area at mouth of estuary
206,37.148718,-8.471447,31.266,False,Portimão Station Approaches,Urban approaches to Portimão station east of the Arade; coastal urban area at mouth of estuary
207,37.149167,-8.471442,28.57,False,Portimão Station Approaches,Urban approaches to Portimão station east of the Arade; coastal urban area at mouth of estuary
208,37.149617,-8.471437,27.118,False,Portimão Station Approaches,Urban approaches to Portimão station east of the Arade; coastal urban area at mouth of estuary
209,37.150067,-8.471432,27.307,False,Portimão Station Approaches,Urban approaches to Portimão station east of the Arade; coastal urban area at mouth of estuary
210,37.150516,-8.471426,29.219,False,Portimão Station Approaches,Urban approaches to Portimão station east of the Arade; coastal urban area at mouth of estuary
211,37.150966,-8.471421,31.481,False,Portimão Station Approaches,Urban approaches to Portimão station east of the Arade; coastal urban area at mouth of estuary
212,37.151416,-8.471416,32.851,False,Portimão Station Approaches,Urban approaches to Portimão station east of the Arade; coastal urban area at mouth of estuary
213,37.151865,-8.471411,33.965,False,Portimão Station Approaches,Urban approaches to Portimão station east of the Arade; coastal urban area at mouth of estuary
214,37.152315,-8.471406,35.719,False,Portimão Station Approaches,Urban approaches to Portimão station east of the Arade; coastal urban area at mouth of estuary
215,37.152765,-8.4714,37.002,False,Portimão Station Approaches,Urban approaches to Portimão station east of the Arade; coastal urban area at mouth of estuary
216,37.153214,-8.471395,37.641,False,Portimão Station Approaches,Urban approaches to Portimão station east of the Arade; coastal urban area at mouth of estuary
217,37.153664,-8.47139,39.454,False,Portimão Station Approaches,Urban approaches to Portimão station east of the Arade; coastal urban area at mouth of estuary
218,37.154113,-8.471385,41.781,False,Portimão Station Approaches,Urban approaches to Portimão station east of the Arade; coastal urban area at mouth of estuary
219,37.154563,-8.471379,43.95,False,Portimão Station Approaches,Urban approaches to Portimão station east of the Arade; coastal urban area at mouth of estuary
220,37.155013,-8.471374,46.07,False,Portimão Station Approaches,Urban approaches to Portimão station east of the Arade; coastal urban area at mouth of estuary
221,37.155226,-8.471367,47.033,False,Portimão Station Approaches,Urban approaches to Portimão station east of the Arade; coastal urban area at mouth of estuary
222,37.154776,-8.471354,44.842,False,Portimão Station Approaches,Urban approaches to Portimão station east of the Arade; coastal urban area at mouth of estuary
223,37.154327,-8.471341,42.777,False,Portimão Station Approaches,Urban approaches to Portimão station east of the Arade; coastal urban area at mouth of estuary
224,37.153877,-8.471329,40.535,False,Portimão Station Approaches,Urban approaches to Portimão station east of the Arade; coastal urban area at mouth of estuary
225,37.153428,-8.471316,38.689,False,Portimão Station Approaches,Urban approaches to Portimão station east of the Arade; coastal urban area at mouth of estuary
226,37.152978,-8.471303,37.694,False,Portimão Station Approaches,Urban approaches to Portimão station east of the Arade; coastal urban area at mouth of estuary
227,37.152529,-8.47129,37.258,False,Portimão Station Approaches,Urban approaches to Portimão station east of the Arade; coastal urban area at mouth of estuary
228,37.152079,-8.471277,35.752,False,Portimão Station Approaches,Urban approaches to Portimão station east of the Arade; coastal urban area at mouth of estuary
229,37.151629,-8.471265,34.199,False,Portimão Station Approaches,Urban approaches to Portimão station east of the Arade; coastal urban area at mouth of estuary
230,37.15118,-8.471252,33.354,False,Portimão Station Approaches,Urban approaches to Portimão station east of the Arade; coastal urban area at mouth of estuary
231,37.15073,-8.471236,31.597,False,Portimão Station Approaches,Urban approaches to Portimão station east of the Arade; coastal urban area at mouth of estuary
232,37.150281,-8.471213,28.99,False,Portimão Station Approaches,Urban approaches to Portimão station east of the Arade; coastal urban area at mouth of estuary
233,37.149832,-8.471191,28.24,False,Portimão Station Approaches,Urban approaches to Portimão station east of the Arade; coastal urban area at mouth of estuary
234,37.149383,-8.471169,29.244,False,Portimão Station Approaches,Urban approaches to Portimão station east of the Arade; coastal urban area at mouth of estuary
235,37.149791,-8.471164,28.453,False,Portimão Station Approaches,Urban approaches to Portimão station east of the Arade; coastal urban area at mouth of estuary
236,37.150241,-8.471161,29.135,False,Portimão Station Approaches,Urban approaches to Portimão station east of the Arade; coastal urban area at mouth of estuary
237,37.150691,-8.471157,31.775,False,Portimão Station Approaches,Urban approaches to Portimão station east of the Arade; coastal urban area at mouth of estuary
238,37.15114,-8.471154,33.793,False,Portimão Station Approaches,Urban approaches to Portimão station east of the Arade; coastal urban area at mouth of estuary
239,37.15159,-8.47115,34.89,False,Portimão Station Approaches,Urban approaches to Portimão station east of the Arade; coastal urban area at mouth of estuary
240,37.15204,-8.471146,36.442,False,Portimão Station Approaches,Urban approaches to Portimão station east of the Arade; coastal urban area at mouth of estuary
241,37.152489,-8.471143,38.047,False,Portimão Station Approaches,Urban approaches to Portimão station east of the Arade; coastal urban area at mouth of estuary
242,37.152939,-8.471139,38.354,False,Portimão Station Approaches,Urban approaches to Portimão station east of the Arade; coastal urban area at mouth of estuary
243,37.153389,-8.471136,38.678,False,Portimão Station Approaches,Urban approaches to Portimão station east of the Arade; coastal urban area at mouth of estuary
244,37.153838,-8.471132,40.415,False,Portimão Station Approaches,Urban approaches to Portimão station east of the Arade; coastal urban area at mouth of estuary
245,37.154288,-8.471128,42.203,False,Portimão Station Approaches,Urban approaches to Portimão station east of the Arade; coastal urban area at mouth of estuary
246,37.154737,-8.471125,44.182,False,Portimão Station Approaches,Urban approaches to Portimão station east of the Arade; coastal urban area at mouth of estuary
247,37.155187,-8.471121,46.499,False,Portimão Station Approaches,Urban approaches to Portimão station east of the Arade; coastal urban area at mouth of estuary
248,37.155637,-8.471118,48.522,False,Portimão Station Approaches,Urban approaches to Portimão station east of the Arade; coastal urban area at mouth of estuary
249,37.155555,-8.471115,48.179,False,Portimão Station Approaches,Urban approaches to Portimão station east of the Arade; coastal urban area at mouth of estuary
250,37.155106,-8.471112,46.057,False,Portimão Station Approaches,Urban approaches to Portimão station east of the Arade; coastal urban area at mouth of estuary
251,37.154656,-8.471109,43.795,False,Portimão Station Approaches,Urban approaches to Portimão station east of the Arade; coastal urban area at mouth of estuary
252,37.154206,-8.471107,41.829,False,Portimão Station Approaches,Urban approaches to Portimão station east of the Arade; coastal urban area at mouth of estuary
253,37.153757,-8.471104,40.057,False,Portimão Station Approaches,Urban approaches to Portimão station east of the Arade; coastal urban area at mouth of estuary
254,37.153307,-8.471102,38.493,False,Portimão Station Approaches,Urban approaches to Portimão station east of the Arade; coastal urban area at mouth of estuary
255,37.152857,-8.471099,38.453,False,Portimão Station Approaches,Urban approaches to Portimão station east of the Arade; coastal urban area at mouth of estuary
256,37.152408,-8.471097,38.16,False,Portimão Station Approaches,Urban approaches to Portimão station east of the Arade; coastal urban area at mouth of estuary
257,37.151958,-8.471094,36.382,False,Portimão Station Approaches,Urban approaches to Portimão station east of the Arade; coastal urban area at mouth of estuary
258,37.151508,-8.471091,35.131,False,Portimão Station Approaches,Urban approaches to Portimão station east of the Arade; coastal urban area at mouth of estuary
259,37.151059,-8.471089,33.975,False,Portimão Station Approaches,Urban approaches to Portimão station east of the Arade; coastal urban area at mouth of estuary
260,37.150609,-8.471086,31.595,False,Portimão Station Approaches,Urban approaches to Portimão station east of the Arade; coastal urban area at mouth of estuary
261,37.150159,-8.471084,29.272,False,Portimão Station Approaches,Urban approaches to Portimão station east of the Arade; coastal urban area at mouth of estuary
262,37.15039,-8.47106,30.34,False,Portimão Station Approaches,Urban approaches to Portimão station east of the Arade; coastal urban area at mouth of estuary
263,37.150839,-8.47103,33.372,False,Portimão Station Approaches,Urban approaches to Portimão station east of the Arade; coastal urban area at mouth of estuary
264,37.151288,-8.471,34.984,False,Portimão Station Approaches,Urban approaches to Portimão station east of the Arade; coastal urban area at mouth of estuary
265,37.151737,-8.47097,36.262,False,Portimão Station Approaches,Urban approaches to Portimão station east of the Arade; coastal urban area at mouth of estuary
266,37.152186,-8.47094,38.394,False,Portimão Station Approaches,Urban approaches to Portimão station east of the Arade; coastal urban area at mouth of estuary
267,37.152635,-8.47091,39.189,False,Portimão Station Approaches,Urban approaches to Portimão station east of the Arade; coastal urban area at mouth of estuary
268,37.153084,-8.47088,38.614,False,Portimão Station Approaches,Urban approaches to Portimão station east of the Arade; coastal urban area at mouth of estuary
269,37.153533,-8.47085,39.216,False,Portimão Station Approaches,Urban approaches to Portimão station east of the Arade; coastal urban area at mouth of estuary
270,37.153982,-8.47082,40.759,False,Portimão Station Approaches,Urban approaches to Portimão station east of the Arade; coastal urban area at mouth of estuary
271,37.154431,-8.47079,42.574,False,Portimão Station Approaches,Urban approaches to Portimão station east of the Arade; coastal urban area at mouth of estuary
272,37.15488,-8.47076,44.908,False,Portimão Station Approaches,Urban approaches to Portimão station east of the Arade; coastal urban area at mouth of estuary
273,37.155329,-8.47073,47.151,False,Portimão Station Approaches,Urban approaches to Portimão station east of the Arade; coastal urban area at mouth of estuary
274,37.155778,-8.4707,49.388,False,Portimão Station Approaches,Urban approaches to Portimão station east of the Arade; coastal urban area at mouth of estuary
275,37.156227,-8.47067,51.502,False,Portimão Station Approaches,Urban approaches to Portimão station east of the Arade; coastal urban area at mouth of estuary
276,37.156673,-8.47062,52.995,False,Portimão Station Approaches,Urban approaches to Portimão station east of the Arade; coastal urban area at mouth of estuary
277,37.157082,-8.470387,54.12,False,Portimão Station Approaches,Urban approaches to Portimão station east of the Arade; coastal urban area at mouth of estuary
278,37.157492,-8.470156,55.778,False,Portimão Station Approaches,Urban approaches to Portimão station east of the Arade; coastal urban area at mouth of estuary
279,37.157901,-8.46992,57.47,False,Portimão Station Approaches,Urban approaches to Portimão station east of the Arade; coastal urban area at mouth of estuary
280,37.158308,-8.46968,57.501,False,Portimão Station Approaches,Urban approaches to Portimão station east of the Arade; coastal urban area at mouth of estuary
281,37.158715,-8.469442,56.71,False,Portimão Station Approaches,Urban approaches to Portimão station east of the Arade; coastal urban area at mouth of estuary
282,37.159118,-8.469192,53.678,False,Portimão Station Approaches,Urban approaches to Portimão station east of the Arade; coastal urban area at mouth of estuary
283,37.159507,-8.46891,50.465,False,Portimão Station Approaches,Urban approaches to Portimão station east of the Arade; coastal urban area at mouth of estuary
284,37.159863,-8.468567,48.354,False,Portimão Station Approaches,Urban approaches to Portimão station east of the Arade; coastal urban area at mouth of estuary
285,37.160176,-8.468161,46.513,False,Portimão Station Approaches,Urban approaches to Portimão station east of the Arade; coastal urban area at mouth of estuary
286,37.160441,-8.467708,46.759,False,Portimão Station Approaches,Urban approaches to Portimão station east of the Arade; coastal urban area at mouth of estuary
287,37.160677,-8.467227,47.756,False,Portimão Station Approaches,Urban approaches to Portimão station east of the Arade; coastal urban area at mouth of estuary
288,37.160902,-8.466739,48.109,False,Portimão Station Approaches,Urban approaches to Portimão station east of the Arade; coastal urban area at mouth of estuary
289,37.161127,-8.46625,49.299,False,Portimão Station Approaches,Urban approaches to Portimão station east of the Arade; coastal urban area at mouth of estuary
290,37.161351,-8.465761,49.893,False,Portimão Station Approaches,Urban approaches to Portimão station east of the Arade; coastal urban area at mouth of estuary
291,37.161571,-8.465269,51.006,False,Portimão Station Approaches,Urban approaches to Portimão station east of the Arade; coastal urban area at mouth of estuary
292,37.161791,-8.464777,52.015,False,Portimão Station Approaches,Urban approaches to Portimão station east of the Arade; coastal urban area at mouth of estuary
293,37.162011,-8.464285,51.213,False,Portimão Station Approaches,Urban approaches to Portimão station east of the Arade; coastal urban area at mouth of estuary
294,37.162231,-8.463793,47.752,False,Portimão Station Approaches,Urban approaches to Portimão station east of the Arade; coastal urban area at mouth of estuary
295,37.162455,-8.463304,44.494,False,Portimão Station Approaches,Urban approaches to Portimão station east of the Arade; coastal urban area at mouth of estuary
296,37.162683,-8.462817,44.947,False,Portimão Station Approaches,Urban approaches to Portimão station east of the Arade; coastal urban area at mouth of estuary
297,37.162895,-8.46232,47.014,False,Portimão Station Approaches,Urban approaches to Portimão station east of the Arade; coastal urban area at mouth of estuary
298,37.16307,-8.461801,49.399,False,Portimão Station Approaches,Urban approaches to Portimão station east of the Arade; coastal urban area at mouth of estuary
299,37.163203,-8.461262,50.944,False,Portimão Station Approaches,Urban approaches to Portimão station east of the Arade; coastal urban area at mouth of estuary
300,37.163285,-8.460708,53.337,False,Portimão Station Approaches,Urban approaches to Portimão station east of the Arade; coastal urban area at mouth of estuary
