section,section_type,scenario,variant,year,slr_m,return_period_yr,closure_days_yr,barrier_breached,annual_cost_mid_eur,annual_cost_low_eur,annual_cost_high_eur,cumulative_cost_mid_eur,cumulative_cost_low_eur,cumulative_cost_high_eur
Ria de Aveiro — Cacia–Estarreja (km 265–275),railway,SSP1-2.6,Baseline,2025,0.035,2.3538,2.273,False,2727560.0,1363780.0,4773230.0,2727560.0,1363780.0,4773230.0
Ria de Aveiro — Cacia–Estarreja (km 265–275),railway,SSP1-2.6,Baseline,2026,0.042,2.2423,2.417,False,2900627.0,1450313.0,5076097.0,5628187.0,2814093.0,9849327.0
Ria de Aveiro — Cacia–Estarreja (km 265–275),railway,SSP1-2.6,Baseline,2027,0.049,2.1361,2.57,False,3084161.0,1542080.0,5397282.0,8712348.0,4356174.0,15246608.0
Ria de Aveiro — Cacia–Estarreja (km 265–275),railway,SSP1-2.6,Baseline,2028,0.056,2.0349,2.732,False,3278775.0,1639387.0,5737856.0,11991122.0,5995561.0,20984464.0
Ria de Aveiro — Cacia–Estarreja (km 265–275),railway,SSP1-2.6,Baseline,2029,0.063,1.9385,2.904,False,3485116.0,1742558.0,6098954.0,15476239.0,7738119.0,27083418.0
Ria de Aveiro — Cacia–Estarreja (km 265–275),railway,SSP1-2.6,Baseline,2030,0.07,1.8467,3.087,False,3703871.0,1851935.0,6481774.0,19180110.0,9590055.0,33565192.0
Ria de Aveiro — Cacia–Estarreja (km 265–275),railway,SSP1-2.6,Baseline,2031,0.0765,1.7654,3.266,False,3918747.0,1959374.0,6857808.0,23098857.0,11549428.0,40423000.0
Ria de Aveiro — Cacia–Estarreja (km 265–275),railway,SSP1-2.6,Baseline,2032,0.083,1.6876,3.455,False,4145562.0,2072781.0,7254734.0,27244419.0,13622210.0,47677733.0
Ria de Aveiro — Cacia–Estarreja (km 265–275),railway,SSP1-2.6,Baseline,2033,0.0895,1.6132,3.654,False,4384960.0,2192480.0,7673680.0,31629379.0,15814690.0,55351414.0
Ria de Aveiro — Cacia–Estarreja (km 265–275),railway,SSP1-2.6,Baseline,2034,0.096,1.5422,3.865,False,4637619.0,2318809.0,8115833.0,36266998.0,18133499.0,63467247.0
Ria de Aveiro — Cacia–Estarreja (km 265–275),railway,SSP1-2.6,Baseline,2035,0.1025,1.4742,4.087,False,4904252.0,2452126.0,8582441.0,41171250.0,20585625.0,72049688.0
Ria de Aveiro — Cacia–Estarreja (km 265–275),railway,SSP1-2.6,Baseline,2036,0.109,1.4093,4.321,False,5185612.0,2592806.0,9074820.0,46356862.0,23178431.0,81124508.0
Ria de Aveiro — Cacia–Estarreja (km 265–275),railway,SSP1-2.6,Baseline,2037,0.1155,1.3472,4.569,False,5482488.0,2741244.0,9594354.0,51839350.0,25919675.0,90718862.0
Ria de Aveiro — Cacia–Estarreja (km 265–275),railway,SSP1-2.6,Baseline,2038,0.122,1.2878,4.83,False,5795714.0,2897857.0,10142500.0,57635064.0,28817532.0,100861362.0
Ria de Aveiro — Cacia–Estarreja (km 265–275),railway,SSP1-2.6,Baseline,2039,0.1285,1.2311,5.105,False,6126167.0,3063083.0,10720792.0,63761231.0,31880615.0,111582154.0
Ria de Aveiro — Cacia–Estarreja (km 265–275),railway,SSP1-2.6,Baseline,2040,0.135,1.1769,5.396,False,6474768.0,3237384.0,11330844.0,70235999.0,35117999.0,122912998.0
Ria de Aveiro — Cacia–Estarreja (km 265–275),railway,SSP1-2.6,Baseline,2041,0.1415,1.125,5.702,False,6842489.0,3421244.0,11974355.0,77078488.0,38539244.0,134887353.0
Ria de Aveiro — Cacia–Estarreja (km 265–275),railway,SSP1-2.6,Baseline,2042,0.148,1.0755,6.025,False,7230351.0,3615176.0,12653115.0,84308839.0,42154419.0,147540468.0
Ria de Aveiro — Cacia–Estarreja (km 265–275),railway,SSP1-2.6,Baseline,2043,0.1545,1.0281,6.366,False,7639431.0,3819715.0,13369003.0,91948269.0,45974135.0,160909471.0
Ria de Aveiro — Cacia–Estarreja (km 265–275),railway,SSP1-2.6,Baseline,2044,0.161,0.9828,6.726,False,8070859.0,4035429.0,14124003.0,100019128.0,50009564.0,175033474.0
Ria de Aveiro — Cacia–Estarreja (km 265–275),railway,SSP1-2.6,Baseline,2045,0.1675,0.9395,7.105,False,8525827.0,4262913.0,14920197.0,108544955.0,54272477.0,189953671.0
Ria de Aveiro — Cacia–Estarreja (km 265–275),railway,SSP1-2.6,Baseline,2046,0.174,0.8981,7.505,False,9005588.0,4502794.0,15759779.0,117550543.0,58775271.0,205713450.0
Ria de Aveiro — Cacia–Estarreja (km 265–275),railway,SSP1-2.6,Baseline,2047,0.1805,0.8585,7.926,False,9511462.0,4755731.0,16645058.0,127062005.0,63531002.0,222358508.0
Ria de Aveiro — Cacia–Estarreja (km 265–275),railway,SSP1-2.6,Baseline,2048,0.187,0.8207,8.371,False,10044835.0,5022418.0,17578462.0,137106840.0,68553420.0,239936970.0
Ria de Aveiro — Cacia–Estarreja (km 265–275),railway,SSP1-2.6,Baseline,2049,0.1935,0.7846,8.839,False,10607169.0,5303585.0,18562546.0,147714009.0,73857005.0,258499516.0
Ria de Aveiro — Cacia–Estarreja (km 265–275),railway,SSP1-2.6,Baseline,2050,0.2,0.75,9.333,False,11200000.0,5600000.0,19600000.0,158914009.0,79457005.0,278099516.0
Ria de Aveiro — Cacia–Estarreja (km 265–275),railway,SSP1-2.6,Baseline,2051,0.204,0.7295,9.651,False,11580674.0,5790337.0,20266180.0,170494683.0,85247342.0,298365696.0
Ria de Aveiro — Cacia–Estarreja (km 265–275),railway,SSP1-2.6,Baseline,2052,0.208,0.7095,9.978,False,11973900.0,5986950.0,20954326.0,182468584.0,91234292.0,319320021.0
Ria de Aveiro — Cacia–Estarreja (km 265–275),railway,SSP1-2.6,Baseline,2053,0.212,0.6901,10.317,False,12380084.0,6190042.0,21665146.0,194848667.0,97424334.0,340985168.0
Ria de Aveiro — Cacia–Estarreja (km 265–275),railway,SSP1-2.6,Baseline,2054,0.216,0.6713,10.666,False,12799641.0,6399821.0,22399373.0,207648309.0,103824154.0,363384540.0
Ria de Aveiro — Cacia–Estarreja (km 265–275),railway,SSP1-2.6,Baseline,2055,0.22,0.6529,11.028,False,13233005.0,6616503.0,23157759.0,220881314.0,110440657.0,386542299.0
Ria de Aveiro — Cacia–Estarreja (km 265–275),railway,SSP1-2.6,Baseline,2056,0.224,0.6351,11.401,False,13680619.0,6840309.0,23941083.0,234561933.0,117280966.0,410483382.0
Ria de Aveiro — Cacia–Estarreja (km 265–275),railway,SSP1-2.6,Baseline,2057,0.228,0.6177,11.786,False,14142942.0,7071471.0,24750149.0,248704875.0,124352437.0,435233531.0
Ria de Aveiro — Cacia–Estarreja (km 265–275),railway,SSP1-2.6,Baseline,2058,0.232,0.6008,12.184,False,14620447.0,7310224.0,25585783.0,263325322.0,131662661.0,460819314.0
Ria de Aveiro — Cacia–Estarreja (km 265–275),railway,SSP1-2.6,Baseline,2059,0.236,0.5844,12.595,False,15113623.0,7556812.0,26448841.0,278438945.0,139219473.0,487268155.0
Ria de Aveiro — Cacia–Estarreja (km 265–275),railway,SSP1-2.6,Baseline,2060,0.24,0.5684,13.019,False,15622974.0,7811487.0,27340204.0,294061919.0,147030960.0,514608359.0
Ria de Aveiro — Cacia–Estarreja (km 265–275),railway,SSP1-2.6,Baseline,2061,0.244,0.5529,13.458,False,16149018.0,8074509.0,28260781.0,310210937.0,155105469.0,542869140.0
Ria de Aveiro — Cacia–Estarreja (km 265–275),railway,SSP1-2.6,Baseline,2062,0.248,0.5377,13.91,False,16692292.0,8346146.0,29211511.0,326903229.0,163451615.0,572080651.0
Ria de Aveiro — Cacia–Estarreja (km 265–275),railway,SSP1-2.6,Baseline,2063,0.252,0.523,14.378,False,17253350.0,8626675.0,30193362.0,344156579.0,172078289.0,602274013.0
Ria de Aveiro — Cacia–Estarreja (km 265–275),railway,SSP1-2.6,Baseline,2064,0.256,0.5087,14.861,False,17832760.0,8916380.0,31207331.0,361989339.0,180994670.0,633481344.0
Ria de Aveiro — Cacia–Estarreja (km 265–275),railway,SSP1-2.6,Baseline,2065,0.26,0.4948,15.359,False,18431113.0,9215557.0,32254449.0,380420453.0,190210226.0,665735792.0
Ria de Aveiro — Cacia–Estarreja (km 265–275),railway,SSP1-2.6,Baseline,2066,0.264,0.4813,15.874,False,19049016.0,9524508.0,33335777.0,399469468.0,199734734.0,699071570.0
Ria de Aveiro — Cacia–Estarreja (km 265–275),railway,SSP1-2.6,Baseline,2067,0.268,0.4681,16.406,False,19687093.0,9843547.0,34452413.0,419156562.0,209578281.0,733523983.0
Ria de Aveiro — Cacia–Estarreja (km 265–275),railway,SSP1-2.6,Baseline,2068,0.272,0.4553,16.955,False,20345992.0,10172996.0,35605487.0,439502554.0,219751277.0,769129470.0
Ria de Aveiro — Cacia–Estarreja (km 265–275),railway,SSP1-2.6,Baseline,2069,0.276,0.4429,17.522,False,21026380.0,10513190.0,36796164.0,460528934.0,230264467.0,805925634.0
Ria de Aveiro — Cacia–Estarreja (km 265–275),railway,SSP1-2.6,Baseline,2070,0.28,0.4308,18.107,False,21728942.0,10864471.0,38025649.0,482257876.0,241128938.0,843951283.0
Ria de Aveiro — Cacia–Estarreja (km 265–275),railway,SSP1-2.6,Baseline,2071,0.284,0.419,18.712,False,22454389.0,11227194.0,39295181.0,504712265.0,252356132.0,883246463.0
Ria de Aveiro — Cacia–Estarreja (km 265–275),railway,SSP1-2.6,Baseline,2072,0.288,0.4075,19.336,False,23203452.0,11601726.0,40606041.0,527915717.0,263957858.0,923852504.0
Ria de Aveiro — Cacia–Estarreja (km 265–275),railway,SSP1-2.6,Baseline,2073,0.292,0.3964,19.981,False,23976885.0,11988442.0,41959549.0,551892602.0,275946301.0,965812053.0
Ria de Aveiro — Cacia–Estarreja (km 265–275),railway,SSP1-2.6,Baseline,2074,0.296,0.3855,20.646,False,24775467.0,12387733.0,43357067.0,576668068.0,288334034.0,1009169120.0
Ria de Aveiro — Cacia–Estarreja (km 265–275),railway,SSP1-2.6,Baseline,2075,0.3,0.375,21.333,False,25600000.0,12800000.0,44800000.0,602268068.0,301134034.0,1053969120.0
Ria de Aveiro — Cacia–Estarreja (km 265–275),railway,SSP1-2.6,Baseline,2076,0.304,0.3647,22.043,False,26451313.0,13225656.0,46289797.0,628719381.0,314359690.0,1100258917.0
Ria de Aveiro — Cacia–Estarreja (km 265–275),railway,SSP1-2.6,Baseline,2077,0.308,0.3548,22.775,False,27330258.0,13665129.0,47827952.0,656049639.0,328024820.0,1148086869.0
Ria de Aveiro — Cacia–Estarreja (km 265–275),railway,SSP1-2.6,Baseline,2078,0.312,0.3451,23.531,False,28237719.0,14118859.0,49416008.0,684287358.0,342143679.0,1197502877.0
Ria de Aveiro — Cacia–Estarreja (km 265–275),railway,SSP1-2.6,Baseline,2079,0.316,0.3356,24.312,False,29174602.0,14587301.0,51055553.0,713461960.0,356730980.0,1248558430.0
Ria de Aveiro — Cacia–Estarreja (km 265–275),railway,SSP1-2.6,Baseline,2080,0.32,0.3265,25.118,False,30141845.0,15070922.0,52748228.0,743603805.0,371801902.0,1301306658.0
Ria de Aveiro — Cacia–Estarreja (km 265–275),railway,SSP1-2.6,Baseline,2081,0.324,0.3175,25.95,False,31140414.0,15570207.0,54495725.0,774744219.0,387372110.0,1355802384.0
Ria de Aveiro — Cacia–Estarreja (km 265–275),railway,SSP1-2.6,Baseline,2082,0.328,0.3088,26.809,False,32171308.0,16085654.0,56299788.0,806915527.0,403457763.0,1412102172.0
Ria de Aveiro — Cacia–Estarreja (km 265–275),railway,SSP1-2.6,Baseline,2083,0.332,0.3004,27.696,False,33235553.0,16617776.0,58162217.0,840151079.0,420075540.0,1470264389.0
Ria de Aveiro — Cacia–Estarreja (km 265–275),railway,SSP1-2.6,Baseline,2084,0.336,0.2922,28.612,False,34334210.0,17167105.0,60084867.0,874485289.0,437242644.0,1530349256.0
Ria de Aveiro — Cacia–Estarreja (km 265–275),railway,SSP1-2.6,Baseline,2085,0.34,0.2842,29.557,False,35468373.0,17734186.0,62069652.0,909953662.0,454976831.0,1592418908.0
Ria de Aveiro — Cacia–Estarreja (km 265–275),railway,SSP1-2.6,Baseline,2086,0.344,0.2764,30.533,False,36639170.0,18319585.0,64118547.0,946592831.0,473296416.0,1656537455.0
Ria de Aveiro — Cacia–Estarreja (km 265–275),railway,SSP1-2.6,Baseline,2087,0.348,0.2689,31.54,False,37847764.0,18923882.0,66233587.0,984440595.0,492220298.0,1722771042.0
Ria de Aveiro — Cacia–Estarreja (km 265–275),railway,SSP1-2.6,Baseline,2088,0.352,0.2615,32.579,False,39095356.0,19547678.0,68416873.0,1023535951.0,511767976.0,1791187915.0
Ria de Aveiro — Cacia–Estarreja (km 265–275),railway,SSP1-2.6,Baseline,2089,0.356,0.2544,33.653,False,40383182.0,20191591.0,70670569.0,1063919134.0,531959567.0,1861858484.0
Ria de Aveiro — Cacia–Estarreja (km 265–275),railway,SSP1-2.6,Baseline,2090,0.36,0.2474,34.76,False,41712520.0,20856260.0,72996910.0,1105631654.0,552815827.0,1934855394.0
Ria de Aveiro — Cacia–Estarreja (km 265–275),railway,SSP1-2.6,Baseline,2091,0.364,0.2406,35.904,False,43084685.0,21542342.0,75398198.0,1148716338.0,574358169.0,2010253592.0
Ria de Aveiro — Cacia–Estarreja (km 265–275),railway,SSP1-2.6,Baseline,2092,0.368,0.2341,37.084,False,44501034.0,22250517.0,77876809.0,1193217372.0,596608686.0,2088130401.0
Ria de Aveiro — Cacia–Estarreja (km 265–275),railway,SSP1-2.6,Baseline,2093,0.372,0.2277,38.302,False,45962967.0,22981484.0,80435193.0,1239180340.0,619590170.0,2168565594.0
Ria de Aveiro — Cacia–Estarreja (km 265–275),railway,SSP1-2.6,Baseline,2094,0.376,0.2214,39.56,False,47471929.0,23735965.0,83075876.0,1286652269.0,643326134.0,2251641470.0
Ria de Aveiro — Cacia–Estarreja (km 265–275),railway,SSP1-2.6,Baseline,2095,0.38,0.2154,40.858,False,49029408.0,24514704.0,85801464.0,1335681676.0,667840838.0,2337442934.0
Ria de Aveiro — Cacia–Estarreja (km 265–275),railway,SSP1-2.6,Baseline,2096,0.384,0.2095,42.197,False,50636938.0,25318469.0,88614642.0,1386318615.0,693159307.0,2426057576.0
Ria de Aveiro — Cacia–Estarreja (km 265–275),railway,SSP1-2.6,Baseline,2097,0.388,0.2038,43.58,False,52296105.0,26148052.0,91518183.0,1438614719.0,719307360.0,2517575759.0
Ria de Aveiro — Cacia–Estarreja (km 265–275),railway,SSP1-2.6,Baseline,2098,0.392,0.1982,45.007,False,54008539.0,27004269.0,94514943.0,1492623258.0,746311629.0,2612090702.0
Ria de Aveiro — Cacia–Estarreja (km 265–275),railway,SSP1-2.6,Baseline,2099,0.396,0.1928,46.48,False,55775925.0,27887963.0,97607869.0,1548399184.0,774199592.0,2709698571.0
Ria de Aveiro — Cacia–Estarreja (km 265–275),railway,SSP1-2.6,Baseline,2100,0.4,0.1875,48.0,False,57600000.0,28800000.0,100800000.0,1605999184.0,802999592.0,2810498571.0
Ria de Aveiro — Cacia–Estarreja (km 265–275),railway,SSP1-2.6,+Geoid,2025,0.11,1.3995,4.359,False,5230254.0,2615127.0,9152945.0,5230254.0,2615127.0,9152945.0
Ria de Aveiro — Cacia–Estarreja (km 265–275),railway,SSP1-2.6,+Geoid,2026,0.132,1.2016,5.26,False,6311559.0,3155780.0,11045229.0,11541814.0,5770907.0,20198174.0
Ria de Aveiro — Cacia–Estarreja (km 265–275),railway,SSP1-2.6,+Geoid,2027,0.154,1.0317,6.339,False,7607184.0,3803592.0,13312572.0,19148998.0,9574499.0,33510746.0
Ria de Aveiro — Cacia–Estarreja (km 265–275),railway,SSP1-2.6,+Geoid,2028,0.176,0.8857,7.632,False,9158397.0,4579199.0,16027195.0,28307395.0,14153698.0,49537942.0
Ria de Aveiro — Cacia–Estarreja (km 265–275),railway,SSP1-2.6,+Geoid,2029,0.198,0.7605,9.179,False,11014247.0,5507123.0,19274932.0,39321642.0,19660821.0,68812874.0
Ria de Aveiro — Cacia–Estarreja (km 265–275),railway,SSP1-2.6,+Geoid,2030,0.22,0.6529,11.028,False,13233005.0,6616503.0,23157759.0,52554647.0,26277324.0,91970633.0
Ria de Aveiro — Cacia–Estarreja (km 265–275),railway,SSP1-2.6,+Geoid,2031,0.2265,0.6241,11.64,False,13967817.0,6983909.0,24443681.0,66522465.0,33261232.0,116414313.0
Ria de Aveiro — Cacia–Estarreja (km 265–275),railway,SSP1-2.6,+Geoid,2032,0.233,0.5967,12.285,False,14742253.0,7371126.0,25798942.0,81264717.0,40632359.0,142213256.0
Ria de Aveiro — Cacia–Estarreja (km 265–275),railway,SSP1-2.6,+Geoid,2033,0.2395,0.5704,12.965,False,15558403.0,7779201.0,27227205.0,96823120.0,48411560.0,169440460.0
Ria de Aveiro — Cacia–Estarreja (km 265–275),railway,SSP1-2.6,+Geoid,2034,0.246,0.5452,13.682,False,16418467.0,8209234.0,28732317.0,113241587.0,56620794.0,198172778.0
Ria de Aveiro — Cacia–Estarreja (km 265–275),railway,SSP1-2.6,+Geoid,2035,0.2525,0.5212,14.437,False,17324760.0,8662380.0,30318331.0,130566348.0,65283174.0,228491108.0
Ria de Aveiro — Cacia–Estarreja (km 265–275),railway,SSP1-2.6,+Geoid,2036,0.259,0.4983,15.233,False,18279717.0,9139858.0,31989504.0,148846064.0,74423032.0,260480612.0
Ria de Aveiro — Cacia–Estarreja (km 265–275),railway,SSP1-2.6,+Geoid,2037,0.2655,0.4763,16.072,False,19285896.0,9642948.0,33750318.0,168131960.0,84065980.0,294230931.0
Ria de Aveiro — Cacia–Estarreja (km 265–275),railway,SSP1-2.6,+Geoid,2038,0.272,0.4553,16.955,False,20345992.0,10172996.0,35605487.0,188477953.0,94238976.0,329836417.0
Ria de Aveiro — Cacia–Estarreja (km 265–275),railway,SSP1-2.6,+Geoid,2039,0.2785,0.4353,17.886,False,21462838.0,10731419.0,37559966.0,209940791.0,104970395.0,367396384.0
Ria de Aveiro — Cacia–Estarreja (km 265–275),railway,SSP1-2.6,+Geoid,2040,0.285,0.4161,18.866,False,22639412.0,11319706.0,39618970.0,232580202.0,116290101.0,407015354.0
Ria de Aveiro — Cacia–Estarreja (km 265–275),railway,SSP1-2.6,+Geoid,2041,0.2915,0.3978,19.899,False,23878847.0,11939423.0,41787982.0,256459049.0,128229525.0,448803336.0
Ria de Aveiro — Cacia–Estarreja (km 265–275),railway,SSP1-2.6,+Geoid,2042,0.298,0.3802,20.987,False,25184438.0,12592219.0,44072767.0,281643487.0,140821744.0,492876103.0
Ria de Aveiro — Cacia–Estarreja (km 265–275),railway,SSP1-2.6,+Geoid,2043,0.3045,0.3635,22.133,False,26559652.0,13279826.0,46479391.0,308203139.0,154101570.0,539355494.0
Ria de Aveiro — Cacia–Estarreja (km 265–275),railway,SSP1-2.6,+Geoid,2044,0.311,0.3475,23.34,False,28008131.0,14004066.0,49014230.0,336211270.0,168105635.0,588369723.0
Ria de Aveiro — Cacia–Estarreja (km 265–275),railway,SSP1-2.6,+Geoid,2045,0.3175,0.3322,24.611,False,29533709.0,14766854.0,51683990.0,365744979.0,182872490.0,640053714.0
Ria de Aveiro — Cacia–Estarreja (km 265–275),railway,SSP1-2.6,+Geoid,2046,0.324,0.3175,25.95,False,31140414.0,15570207.0,54495725.0,396885394.0,198442697.0,694549439.0
Ria de Aveiro — Cacia–Estarreja (km 265–275),railway,SSP1-2.6,+Geoid,2047,0.3305,0.3035,27.36,False,32832486.0,16416243.0,57456850.0,429717879.0,214858940.0,752006289.0
Ria de Aveiro — Cacia–Estarreja (km 265–275),railway,SSP1-2.6,+Geoid,2048,0.337,0.2902,28.845,False,34614378.0,17307189.0,60575162.0,464332258.0,232166129.0,812581451.0
Ria de Aveiro — Cacia–Estarreja (km 265–275),railway,SSP1-2.6,+Geoid,2049,0.3435,0.2774,30.409,False,36490777.0,18245389.0,63858860.0,500823035.0,250411517.0,876440311.0
Ria de Aveiro — Cacia–Estarreja (km 265–275),railway,SSP1-2.6,+Geoid,2050,0.35,0.2652,32.056,False,38466609.0,19233304.0,67316566.0,539289644.0,269644822.0,943756877.0
Ria de Aveiro — Cacia–Estarreja (km 265–275),railway,SSP1-2.6,+Geoid,2051,0.354,0.2579,33.112,False,39734161.0,19867080.0,69534782.0,579023805.0,289511902.0,1013291658.0
Ria de Aveiro — Cacia–Estarreja (km 265–275),railway,SSP1-2.6,+Geoid,2052,0.358,0.2509,34.202,False,41042581.0,20521290.0,71824517.0,620066386.0,310033193.0,1085116175.0
Ria de Aveiro — Cacia–Estarreja (km 265–275),railway,SSP1-2.6,+Geoid,2053,0.362,0.244,35.328,False,42393165.0,21196583.0,74188039.0,662459551.0,331229775.0,1159304214.0
Ria de Aveiro — Cacia–Estarreja (km 265–275),railway,SSP1-2.6,+Geoid,2054,0.366,0.2373,36.489,False,43787250.0,21893625.0,76627687.0,706246800.0,353123400.0,1235931901.0
Ria de Aveiro — Cacia–Estarreja (km 265–275),railway,SSP1-2.6,+Geoid,2055,0.37,0.2308,37.689,False,45226213.0,22613107.0,79145874.0,751473014.0,375736507.0,1315077774.0
Ria de Aveiro — Cacia–Estarreja (km 265–275),railway,SSP1-2.6,+Geoid,2056,0.374,0.2245,38.926,False,46711478.0,23355739.0,81745086.0,798184492.0,399092246.0,1396822860.0
Ria de Aveiro — Cacia–Estarreja (km 265–275),railway,SSP1-2.6,+Geoid,2057,0.378,0.2184,40.204,False,48244509.0,24122255.0,84427891.0,846429001.0,423214500.0,1481250751.0
Ria de Aveiro — Cacia–Estarreja (km 265–275),railway,SSP1-2.6,+Geoid,2058,0.382,0.2124,41.522,False,49826819.0,24913409.0,87196933.0,896255819.0,448127910.0,1568447684.0
Ria de Aveiro — Cacia–Estarreja (km 265–275),railway,SSP1-2.6,+Geoid,2059,0.386,0.2066,42.883,False,51459966.0,25729983.0,90054941.0,947715786.0,473857893.0,1658502625.0
Ria de Aveiro — Cacia–Estarreja (km 265–275),railway,SSP1-2.6,+Geoid,2060,0.39,0.201,44.288,False,53145559.0,26572780.0,93004729.0,1000861345.0,500430672.0,1751507353.0
Ria de Aveiro — Cacia–Estarreja (km 265–275),railway,SSP1-2.6,+Geoid,2061,0.394,0.1955,45.738,False,54885256.0,27442628.0,96049198.0,1055746601.0,527873300.0,1847556551.0
Ria de Aveiro — Cacia–Estarreja (km 265–275),railway,SSP1-2.6,+Geoid,2062,0.398,0.1901,47.234,False,56680766.0,28340383.0,99191340.0,1112427367.0,556213683.0,1946747892.0
Ria de Aveiro — Cacia–Estarreja (km 265–275),railway,SSP1-2.6,+Geoid,2063,0.402,0.1849,48.778,False,58533853.0,29266926.0,102434242.0,1170961219.0,585480610.0,2049182134.0
Ria de Aveiro — Cacia–Estarreja (km 265–275),railway,SSP1-2.6,+Geoid,2064,0.406,0.1799,50.372,False,60446335.0,30223167.0,105781086.0,1231407554.0,615703777.0,2154963220.0
Ria de Aveiro — Cacia–Estarreja (km 265–275),railway,SSP1-2.6,+Geoid,2065,0.41,0.1749,52.017,False,62420086.0,31210043.0,109235151.0,1293827641.0,646913820.0,2264198371.0
Ria de Aveiro — Cacia–Estarreja (km 265–275),railway,SSP1-2.6,+Geoid,2066,0.414,0.1702,53.714,False,64457042.0,32228521.0,112799823.0,1358284682.0,679142341.0,2376998194.0
Ria de Aveiro — Cacia–Estarreja (km 265–275),railway,SSP1-2.6,+Geoid,2067,0.418,0.1655,55.466,False,66559194.0,33279597.0,116478590.0,1424843876.0,712421938.0,2493476783.0
Ria de Aveiro — Cacia–Estarreja (km 265–275),railway,SSP1-2.6,+Geoid,2068,0.422,0.161,57.274,False,68728599.0,34364300.0,120275049.0,1493572476.0,746786238.0,2613751833.0
Ria de Aveiro — Cacia–Estarreja (km 265–275),railway,SSP1-2.6,+Geoid,2069,0.426,0.1566,59.139,False,70967378.0,35483689.0,124192911.0,1564539854.0,782269927.0,2737944744.0
Ria de Aveiro — Cacia–Estarreja (km 265–275),railway,SSP1-2.6,+Geoid,2070,0.43,0.1523,61.065,False,73277715.0,36638858.0,128236002.0,1637817569.0,818908785.0,2866180746.0
Ria de Aveiro — Cacia–Estarreja (km 265–275),railway,SSP1-2.6,+Geoid,2071,0.434,0.1481,63.052,False,75661866.0,37830933.0,132408266.0,1713479435.0,856739718.0,2998589012.0
Ria de Aveiro — Cacia–Estarreja (km 265–275),railway,SSP1-2.6,+Geoid,2072,0.438,0.1441,65.102,False,78122154.0,39061077.0,136713770.0,1791601590.0,895800795.0,3135302782.0
Ria de Aveiro — Cacia–Estarreja (km 265–275),railway,SSP1-2.6,+Geoid,2073,0.442,0.1401,67.217,False,80660976.0,40330488.0,141156709.0,1872262566.0,936131283.0,3276459491.0
Ria de Aveiro — Cacia–Estarreja (km 265–275),railway,SSP1-2.6,+Geoid,2074,0.446,0.1363,69.401,False,83280804.0,41640402.0,145741407.0,1955543370.0,977771685.0,3422200897.0
Ria de Aveiro — Cacia–Estarreja (km 265–275),railway,SSP1-2.6,+Geoid,2075,0.45,0.1326,71.653,False,85984185.0,42992092.0,150472323.0,2041527554.0,1020763777.0,3572673220.0
Ria de Aveiro — Cacia–Estarreja (km 265–275),railway,SSP1-2.6,+Geoid,2076,0.454,0.129,73.978,False,88773746.0,44386873.0,155354056.0,2130301300.0,1065150650.0,3728027276.0
Ria de Aveiro — Cacia–Estarreja (km 265–275),railway,SSP1-2.6,+Geoid,2077,0.458,0.1254,76.377,False,91652197.0,45826099.0,160391345.0,2221953498.0,1110976749.0,3888418621.0
Ria de Aveiro — Cacia–Estarreja (km 265–275),railway,SSP1-2.6,+Geoid,2078,0.462,0.122,78.852,False,94622331.0,47311166.0,165589080.0,2316575829.0,1158287914.0,4054007700.0
Ria de Aveiro — Cacia–Estarreja (km 265–275),railway,SSP1-2.6,+Geoid,2079,0.466,0.1187,81.406,False,97687028.0,48843514.0,170952299.0,2414262857.0,1207131428.0,4224960000.0
Ria de Aveiro — Cacia–Estarreja (km 265–275),railway,SSP1-2.6,+Geoid,2080,0.47,0.1154,84.041,False,100849258.0,50424629.0,176486201.0,2515112114.0,1257556057.0,4401446200.0
Ria de Aveiro — Cacia–Estarreja (km 265–275),railway,SSP1-2.6,+Geoid,2081,0.474,0.1123,86.76,False,104112081.0,52056041.0,182196142.0,2619224196.0,1309612098.0,4583642342.0
Ria de Aveiro — Cacia–Estarreja (km 265–275),railway,SSP1-2.6,+Geoid,2082,0.478,0.1092,89.566,False,107478656.0,53739328.0,188087647.0,2726702851.0,1363351426.0,4771729989.0
Ria de Aveiro — Cacia–Estarreja (km 265–275),railway,SSP1-2.6,+Geoid,2083,0.482,0.1062,92.46,False,110952236.0,55476118.0,194166413.0,2837655087.0,1418827543.0,4965896402.0
Ria de Aveiro — Cacia–Estarreja (km 265–275),railway,SSP1-2.6,+Geoid,2084,0.486,0.1033,95.447,False,114536178.0,57268089.0,200438311.0,2952191264.0,1476095632.0,5166334713.0
Ria de Aveiro — Cacia–Estarreja (km 265–275),railway,SSP1-2.6,+Geoid,2085,0.49,0.1005,98.528,False,118233941.0,59116970.0,206909396.0,3070425205.0,1535212603.0,5373244109.0
Ria de Aveiro — Cacia–Estarreja (km 265–275),railway,SSP1-2.6,+Geoid,2086,0.494,0.0977,101.708,False,122049092.0,61024546.0,213585912.0,3192474298.0,1596237149.0,5586830021.0
Ria de Aveiro — Cacia–Estarreja (km 265–275),railway,SSP1-2.6,+Geoid,2087,0.498,0.0951,104.988,False,125985311.0,62992655.0,220474294.0,3318459608.0,1659229804.0,5807304314.0
Ria de Aveiro — Cacia–Estarreja (km 265–275),railway,SSP1-2.6,+Geoid,2088,0.502,0.0925,108.372,False,130046387.0,65023194.0,227581177.0,3448505995.0,1724252998.0,6034885492.0
Ria de Aveiro — Cacia–Estarreja (km 265–275),railway,SSP1-2.6,+Geoid,2089,0.506,0.0899,111.864,False,134236231.0,67118116.0,234913404.0,3582742226.0,1791371113.0,6269798896.0
Ria de Aveiro — Cacia–Estarreja (km 265–275),railway,SSP1-2.6,+Geoid,2090,0.51,0.0875,115.466,False,138558873.0,69279437.0,242478028.0,3721301100.0,1860650550.0,6512276924.0
Ria de Aveiro — Cacia–Estarreja (km 265–275),railway,SSP1-2.6,+Geoid,2091,0.514,0.0851,119.182,False,143018469.0,71509234.0,250282320.0,3864319568.0,1932159784.0,6762559245.0
Ria de Aveiro — Cacia–Estarreja (km 265–275),railway,SSP1-2.6,+Geoid,2092,0.518,0.0828,123.016,False,147619302.0,73809651.0,258333778.0,4011938870.0,2005969435.0,7020893023.0
Ria de Aveiro — Cacia–Estarreja (km 265–275),railway,SSP1-2.6,+Geoid,2093,0.522,0.0805,126.971,False,152365789.0,76182894.0,266640130.0,4164304659.0,2082152330.0,7287533153.0
Ria de Aveiro — Cacia–Estarreja (km 265–275),railway,SSP1-2.6,+Geoid,2094,0.526,0.0783,131.052,False,157262483.0,78631242.0,275209346.0,4321567142.0,2160783571.0,7562742499.0
Ria de Aveiro — Cacia–Estarreja (km 265–275),railway,SSP1-2.6,+Geoid,2095,0.53,0.0761,135.262,False,162314079.0,81157040.0,284049639.0,4483881222.0,2241940611.0,7846792138.0
Ria de Aveiro — Cacia–Estarreja (km 265–275),railway,SSP1-2.6,+Geoid,2096,0.534,0.0741,139.605,False,167525417.0,83762708.0,293169479.0,4651406639.0,2325703319.0,8139961617.0
Ria de Aveiro — Cacia–Estarreja (km 265–275),railway,SSP1-2.6,+Geoid,2097,0.538,0.072,144.085,False,172901484.0,86450742.0,302577597.0,4824308123.0,2412154061.0,8442539215.0
Ria de Aveiro — Cacia–Estarreja (km 265–275),railway,SSP1-2.6,+Geoid,2098,0.542,0.0701,148.706,False,178447426.0,89223713.0,312282995.0,5002755548.0,2501377774.0,8754822210.0
Ria de Aveiro — Cacia–Estarreja (km 265–275),railway,SSP1-2.6,+Geoid,2099,0.546,0.0682,153.474,False,184168543.0,92084271.0,322294950.0,5186924091.0,2593462046.0,9077117160.0
Ria de Aveiro — Cacia–Estarreja (km 265–275),railway,SSP1-2.6,+Geoid,2100,0.55,0.0663,158.392,False,190070303.0,95035151.0,332623030.0,5376994394.0,2688497197.0,9409740190.0
Ria de Aveiro — Cacia–Estarreja (km 265–275),railway,SSP2-4.5,Baseline,2025,0.05,2.1213,2.593,False,3111270.0,1555635.0,5444722.0,3111270.0,1555635.0,5444722.0
Ria de Aveiro — Cacia–Estarreja (km 265–275),railway,SSP2-4.5,Baseline,2026,0.06,1.9793,2.829,False,3395205.0,1697603.0,5941609.0,6506475.0,3253237.0,11386331.0
Ria de Aveiro — Cacia–Estarreja (km 265–275),railway,SSP2-4.5,Baseline,2027,0.07,1.8467,3.087,False,3703871.0,1851935.0,6481774.0,10210346.0,5105173.0,17868105.0
Ria de Aveiro — Cacia–Estarreja (km 265–275),railway,SSP2-4.5,Baseline,2028,0.08,1.723,3.366,False,4039355.0,2019677.0,7068871.0,14249700.0,7124850.0,24936976.0
Ria de Aveiro — Cacia–Estarreja (km 265–275),railway,SSP2-4.5,Baseline,2029,0.09,1.6077,3.67,False,4403916.0,2201958.0,7706853.0,18653616.0,9326808.0,32643828.0
Ria de Aveiro — Cacia–Estarreja (km 265–275),railway,SSP2-4.5,Baseline,2030,0.1,1.5,4.0,False,4800000.0,2400000.0,8400000.0,23453616.0,11726808.0,41043828.0
Ria de Aveiro — Cacia–Estarreja (km 265–275),railway,SSP2-4.5,Baseline,2031,0.11,1.3995,4.359,False,5230254.0,2615127.0,9152945.0,28683871.0,14341935.0,50196774.0
Ria de Aveiro — Cacia–Estarreja (km 265–275),railway,SSP2-4.5,Baseline,2032,0.12,1.3058,4.748,False,5697544.0,2848772.0,9970702.0,34381415.0,17190707.0,60167475.0
Ria de Aveiro — Cacia–Estarreja (km 265–275),railway,SSP2-4.5,Baseline,2033,0.13,1.2184,5.171,False,6204968.0,3102484.0,10858694.0,40586382.0,20293191.0,71026169.0
Ria de Aveiro — Cacia–Estarreja (km 265–275),railway,SSP2-4.5,Baseline,2034,0.14,1.1368,5.63,False,6755881.0,3377940.0,11822791.0,47342263.0,23671131.0,82848960.0
Ria de Aveiro — Cacia–Estarreja (km 265–275),railway,SSP2-4.5,Baseline,2035,0.15,1.0607,6.128,False,7353911.0,3676955.0,12869343.0,54696173.0,27348087.0,95718303.0
Ria de Aveiro — Cacia–Estarreja (km 265–275),railway,SSP2-4.5,Baseline,2036,0.16,0.9896,6.669,False,8002983.0,4001492.0,14005221.0,62699157.0,31349578.0,109723525.0
Ria de Aveiro — Cacia–Estarreja (km 265–275),railway,SSP2-4.5,Baseline,2037,0.17,0.9234,7.256,False,8707346.0,4353673.0,15237855.0,71406503.0,35703251.0,124961380.0
Ria de Aveiro — Cacia–Estarreja (km 265–275),railway,SSP2-4.5,Baseline,2038,0.18,0.8615,7.893,False,9471590.0,4735795.0,16575283.0,80878093.0,40439046.0,141536662.0
Ria de Aveiro — Cacia–Estarreja (km 265–275),railway,SSP2-4.5,Baseline,2039,0.19,0.8038,8.584,False,10300684.0,5150342.0,18026197.0,91178777.0,45589388.0,159562860.0
Ria de Aveiro — Cacia–Estarreja (km 265–275),railway,SSP2-4.5,Baseline,2040,0.2,0.75,9.333,False,11200000.0,5600000.0,19600000.0,102378777.0,51189388.0,179162860.0
Ria de Aveiro — Cacia–Estarreja (km 265–275),railway,SSP2-4.5,Baseline,2041,0.21,0.6998,10.146,False,12175347.0,6087673.0,21306856.0,114554123.0,57277062.0,200469716.0
Ria de Aveiro — Cacia–Estarreja (km 265–275),railway,SSP2-4.5,Baseline,2042,0.22,0.6529,11.028,False,13233005.0,6616503.0,23157759.0,127787129.0,63893564.0,223627475.0
Ria de Aveiro — Cacia–Estarreja (km 265–275),railway,SSP2-4.5,Baseline,2043,0.23,0.6092,11.983,False,14379767.0,7189883.0,25164592.0,142166895.0,71083448.0,248792067.0
Ria de Aveiro — Cacia–Estarreja (km 265–275),railway,SSP2-4.5,Baseline,2044,0.24,0.5684,13.019,False,15622974.0,7811487.0,27340204.0,157789869.0,78894934.0,276132271.0
Ria de Aveiro — Cacia–Estarreja (km 265–275),railway,SSP2-4.5,Baseline,2045,0.25,0.5303,14.142,False,16970563.0,8485281.0,29698485.0,174760432.0,87380216.0,305830755.0
Ria de Aveiro — Cacia–Estarreja (km 265–275),railway,SSP2-4.5,Baseline,2046,0.26,0.4948,15.359,False,18431113.0,9215557.0,32254449.0,193191545.0,96595773.0,338085204.0
Ria de Aveiro — Cacia–Estarreja (km 265–275),railway,SSP2-4.5,Baseline,2047,0.27,0.4617,16.678,False,20013899.0,10006950.0,35024323.0,213205444.0,106602722.0,373109527.0
Ria de Aveiro — Cacia–Estarreja (km 265–275),railway,SSP2-4.5,Baseline,2048,0.28,0.4308,18.107,False,21728942.0,10864471.0,38025649.0,234934386.0,117467193.0,411135176.0
Ria de Aveiro — Cacia–Estarreja (km 265–275),railway,SSP2-4.5,Baseline,2049,0.29,0.4019,19.656,False,23587074.0,11793537.0,41277380.0,258521460.0,129260730.0,452412555.0
Ria de Aveiro — Cacia–Estarreja (km 265–275),railway,SSP2-4.5,Baseline,2050,0.3,0.375,21.333,False,25600000.0,12800000.0,44800000.0,284121460.0,142060730.0,497212555.0
Ria de Aveiro — Cacia–Estarreja (km 265–275),railway,SSP2-4.5,Baseline,2051,0.306,0.3597,22.406,False,26887277.0,13443638.0,47052735.0,311008737.0,155504369.0,544265290.0
Ria de Aveiro — Cacia–Estarreja (km 265–275),railway,SSP2-4.5,Baseline,2052,0.312,0.3451,23.531,False,28237719.0,14118859.0,49416008.0,339246456.0,169623228.0,593681298.0
Ria de Aveiro — Cacia–Estarreja (km 265–275),railway,SSP2-4.5,Baseline,2053,0.318,0.331,24.712,False,29654369.0,14827184.0,51895145.0,368900824.0,184450412.0,645576443.0
Ria de Aveiro — Cacia–Estarreja (km 265–275),railway,SSP2-4.5,Baseline,2054,0.324,0.3175,25.95,False,31140414.0,15570207.0,54495725.0,400041239.0,200020619.0,700072168.0
Ria de Aveiro — Cacia–Estarreja (km 265–275),railway,SSP2-4.5,Baseline,2055,0.33,0.3046,27.249,False,32699196.0,16349598.0,57223592.0,432740435.0,216370217.0,757295760.0
Ria de Aveiro — Cacia–Estarreja (km 265–275),railway,SSP2-4.5,Baseline,2056,0.336,0.2922,28.612,False,34334210.0,17167105.0,60084867.0,467074644.0,233537322.0,817380627.0
Ria de Aveiro — Cacia–Estarreja (km 265–275),railway,SSP2-4.5,Baseline,2057,0.342,0.2803,30.041,False,36049120.0,18024560.0,63085960.0,503123764.0,251561882.0,880466587.0
Ria de Aveiro — Cacia–Estarreja (km 265–275),railway,SSP2-4.5,Baseline,2058,0.348,0.2689,31.54,False,37847764.0,18923882.0,66233587.0,540971528.0,270485764.0,946700175.0
Ria de Aveiro — Cacia–Estarreja (km 265–275),railway,SSP2-4.5,Baseline,2059,0.354,0.2579,33.112,False,39734161.0,19867080.0,69534782.0,580705689.0,290352845.0,1016234956.0
Ria de Aveiro — Cacia–Estarreja (km 265–275),railway,SSP2-4.5,Baseline,2060,0.36,0.2474,34.76,False,41712520.0,20856260.0,72996910.0,622418209.0,311209105.0,1089231866.0
Ria de Aveiro — Cacia–Estarreja (km 265–275),railway,SSP2-4.5,Baseline,2061,0.366,0.2373,36.489,False,43787250.0,21893625.0,76627687.0,666205459.0,333102729.0,1165859553.0
Ria de Aveiro — Cacia–Estarreja (km 265–275),railway,SSP2-4.5,Baseline,2062,0.372,0.2277,38.302,False,45962967.0,22981484.0,80435193.0,712168426.0,356084213.0,1246294746.0
Ria de Aveiro — Cacia–Estarreja (km 265–275),railway,SSP2-4.5,Baseline,2063,0.378,0.2184,40.204,False,48244509.0,24122255.0,84427891.0,760412935.0,380206468.0,1330722637.0
Ria de Aveiro — Cacia–Estarreja (km 265–275),railway,SSP2-4.5,Baseline,2064,0.384,0.2095,42.197,False,50636938.0,25318469.0,88614642.0,811049874.0,405524937.0,1419337279.0
Ria de Aveiro — Cacia–Estarreja (km 265–275),railway,SSP2-4.5,Baseline,2065,0.39,0.201,44.288,False,53145559.0,26572780.0,93004729.0,864195433.0,432097716.0,1512342008.0
Ria de Aveiro — Cacia–Estarreja (km 265–275),railway,SSP2-4.5,Baseline,2066,0.396,0.1928,46.48,False,55775925.0,27887963.0,97607869.0,919971358.0,459985679.0,1609949877.0
Ria de Aveiro — Cacia–Estarreja (km 265–275),railway,SSP2-4.5,Baseline,2067,0.402,0.1849,48.778,False,58533853.0,29266926.0,102434242.0,978505211.0,489252606.0,1712384119.0
Ria de Aveiro — Cacia–Estarreja (km 265–275),railway,SSP2-4.5,Baseline,2068,0.408,0.1774,51.188,False,61425432.0,30712716.0,107494507.0,1039930643.0,519965322.0,1819878626.0
Ria de Aveiro — Cacia–Estarreja (km 265–275),railway,SSP2-4.5,Baseline,2069,0.414,0.1702,53.714,False,64457042.0,32228521.0,112799823.0,1104387685.0,552193843.0,1932678449.0
Ria de Aveiro — Cacia–Estarreja (km 265–275),railway,SSP2-4.5,Baseline,2070,0.42,0.1632,56.363,False,67635359.0,33817680.0,118361878.0,1172023044.0,586011522.0,2051040327.0
Ria de Aveiro — Cacia–Estarreja (km 265–275),railway,SSP2-4.5,Baseline,2071,0.426,0.1566,59.139,False,70967378.0,35483689.0,124192911.0,1242990422.0,621495211.0,2175233239.0
Ria de Aveiro — Cacia–Estarreja (km 265–275),railway,SSP2-4.5,Baseline,2072,0.432,0.1502,62.05,False,74460421.0,37230210.0,130305736.0,1317450843.0,658725421.0,2305538975.0
Ria de Aveiro — Cacia–Estarreja (km 265–275),railway,SSP2-4.5,Baseline,2073,0.438,0.1441,65.102,False,78122154.0,39061077.0,136713770.0,1395572997.0,697786499.0,2442252745.0
Ria de Aveiro — Cacia–Estarreja (km 265–275),railway,SSP2-4.5,Baseline,2074,0.444,0.1382,68.301,False,81960607.0,40980304.0,143431062.0,1477533604.0,738766802.0,2585683807.0
Ria de Aveiro — Cacia–Estarreja (km 265–275),railway,SSP2-4.5,Baseline,2075,0.45,0.1326,71.653,False,85984185.0,42992092.0,150472323.0,1563517789.0,781758894.0,2736156130.0
Ria de Aveiro — Cacia–Estarreja (km 265–275),railway,SSP2-4.5,Baseline,2076,0.456,0.1272,75.168,False,90201688.0,45100844.0,157852954.0,1653719476.0,826859738.0,2894009084.0
Ria de Aveiro — Cacia–Estarreja (km 265–275),railway,SSP2-4.5,Baseline,2077,0.462,0.122,78.852,False,94622331.0,47311166.0,165589080.0,1748341808.0,874170904.0,3059598163.0
Ria de Aveiro — Cacia–Estarreja (km 265–275),railway,SSP2-4.5,Baseline,2078,0.468,0.117,82.713,False,99255762.0,49627881.0,173697584.0,1847597570.0,923798785.0,3233295747.0
Ria de Aveiro — Cacia–Estarreja (km 265–275),railway,SSP2-4.5,Baseline,2079,0.474,0.1123,86.76,False,104112081.0,52056041.0,182196142.0,1951709651.0,975854825.0,3415491889.0
Ria de Aveiro — Cacia–Estarreja (km 265–275),railway,SSP2-4.5,Baseline,2080,0.48,0.1077,91.002,False,109201863.0,54600931.0,191103260.0,2060911514.0,1030455757.0,3606595149.0
Ria de Aveiro — Cacia–Estarreja (km 265–275),railway,SSP2-4.5,Baseline,2081,0.486,0.1033,95.447,False,114536178.0,57268089.0,200438311.0,2175447691.0,1087723846.0,3807033459.0
Ria de Aveiro — Cacia–Estarreja (km 265–275),railway,SSP2-4.5,Baseline,2082,0.492,0.0991,100.106,False,120126616.0,60063308.0,210221578.0,2295574307.0,1147787153.0,4017255037.0
Ria de Aveiro — Cacia–Estarreja (km 265–275),railway,SSP2-4.5,Baseline,2083,0.498,0.0951,104.988,False,125985311.0,62992655.0,220474294.0,2421559617.0,1210779809.0,4237729331.0
Ria de Aveiro — Cacia–Estarreja (km 265–275),railway,SSP2-4.5,Baseline,2084,0.504,0.0912,110.104,False,132124964.0,66062482.0,231218687.0,2553684582.0,1276842291.0,4468948018.0
Ria de Aveiro — Cacia–Estarreja (km 265–275),railway,SSP2-4.5,Baseline,2085,0.51,0.0875,115.466,False,138558873.0,69279437.0,242478028.0,2692243455.0,1346121727.0,4711426046.0
Ria de Aveiro — Cacia–Estarreja (km 265–275),railway,SSP2-4.5,Baseline,2086,0.516,0.0839,121.084,False,145300958.0,72650479.0,254276676.0,2837544412.0,1418772206.0,4965702722.0
Ria de Aveiro — Cacia–Estarreja (km 265–275),railway,SSP2-4.5,Baseline,2087,0.522,0.0805,126.971,False,152365789.0,76182894.0,266640130.0,2989910201.0,1494955101.0,5232342852.0
Ria de Aveiro — Cacia–Estarreja (km 265–275),railway,SSP2-4.5,Baseline,2088,0.528,0.0772,133.141,False,159768620.0,79884310.0,279595084.0,3149678821.0,1574839411.0,5511937937.0
Ria de Aveiro — Cacia–Estarreja (km 265–275),railway,SSP2-4.5,Baseline,2089,0.534,0.0741,139.605,False,167525417.0,83762708.0,293169479.0,3317204238.0,1658602119.0,5805107416.0
Ria de Aveiro — Cacia–Estarreja (km 265–275),railway,SSP2-4.5,Baseline,2090,0.54,0.071,146.377,False,175652893.0,87826447.0,307392563.0,3492857131.0,1746428565.0,6112499979.0
Ria de Aveiro — Cacia–Estarreja (km 265–275),railway,SSP2-4.5,Baseline,2091,0.546,0.0682,153.474,False,184168543.0,92084271.0,322294950.0,3677025674.0,1838512837.0,6434794929.0
Ria de Aveiro — Cacia–Estarreja (km 265–275),railway,SSP2-4.5,Baseline,2092,0.552,0.0654,160.909,False,193090678.0,96545339.0,337908686.0,3870116352.0,1935058176.0,6772703615.0
Ria de Aveiro — Cacia–Estarreja (km 265–275),railway,SSP2-4.5,Baseline,2093,0.558,0.0627,168.699,False,202438465.0,101219232.0,354267313.0,4072554816.0,2036277408.0,7126970928.0
Ria de Aveiro — Cacia–Estarreja (km 265–275),railway,SSP2-4.5,Baseline,2094,0.564,0.0602,176.86,False,212231965.0,106115982.0,371405939.0,4284786781.0,2142393391.0,7498376867.0
Ria de Aveiro — Cacia–Estarreja (km 265–275),railway,SSP2-4.5,Baseline,2095,0.57,0.0577,185.41,False,222492176.0,111246088.0,389361309.0,4507278958.0,2253639479.0,7887738176.0
Ria de Aveiro — Cacia–Estarreja (km 265–275),railway,SSP2-4.5,Baseline,2096,0.576,0.0554,194.368,False,233241077.0,116620538.0,408171884.0,4740520034.0,2370260017.0,8295910060.0
Ria de Aveiro — Cacia–Estarreja (km 265–275),railway,SSP2-4.5,Baseline,2097,0.582,0.0531,203.751,False,244501668.0,122250834.0,427877920.0,4985021703.0,2492510851.0,8723787980.0
Ria de Aveiro — Cacia–Estarreja (km 265–275),railway,SSP2-4.5,Baseline,2098,0.588,0.0509,213.582,False,256298026.0,128149013.0,448521545.0,5241319729.0,2620659864.0,9172309525.0
Ria de Aveiro — Cacia–Estarreja (km 265–275),railway,SSP2-4.5,Baseline,2099,0.594,0.0489,223.879,False,268655346.0,134327673.0,470146856.0,5509975075.0,2754987537.0,9642456381.0
Ria de Aveiro — Cacia–Estarreja (km 265–275),railway,SSP2-4.5,Baseline,2100,0.6,0.0469,365.0,True,438000000.0,219000000.0,766500000.0,5947975075.0,2973987537.0,10408956381.0
Ria de Aveiro — Cacia–Estarreja (km 265–275),railway,SSP2-4.5,+Geoid,2025,0.125,1.2613,4.955,False,5946036.0,2973018.0,10405562.0,5946036.0,2973018.0,10405562.0
Ria de Aveiro — Cacia–Estarreja (km 265–275),railway,SSP2-4.5,+Geoid,2026,0.15,1.0607,6.128,False,7353911.0,3676955.0,12869343.0,13299946.0,6649973.0,23274906.0
Ria de Aveiro — Cacia–Estarreja (km 265–275),railway,SSP2-4.5,+Geoid,2027,0.175,0.8919,7.568,False,9081681.0,4540841.0,15892942.0,22381627.0,11190814.0,39167848.0
Ria de Aveiro — Cacia–Estarreja (km 265–275),railway,SSP2-4.5,+Geoid,2028,0.2,0.75,9.333,False,11200000.0,5600000.0,19600000.0,33581627.0,16790814.0,58767848.0
Ria de Aveiro — Cacia–Estarreja (km 265–275),railway,SSP2-4.5,+Geoid,2029,0.225,0.6307,11.496,False,13794803.0,6897401.0,24140904.0,47376430.0,23688215.0,82908752.0
Ria de Aveiro — Cacia–Estarreja (km 265–275),railway,SSP2-4.5,+Geoid,2030,0.25,0.5303,14.142,False,16970563.0,8485281.0,29698485.0,64346993.0,32173496.0,112607237.0
Ria de Aveiro — Cacia–Estarreja (km 265–275),railway,SSP2-4.5,+Geoid,2031,0.26,0.4948,15.359,False,18431113.0,9215557.0,32254449.0,82778106.0,41389053.0,144861686.0
Ria de Aveiro — Cacia–Estarreja (km 265–275),railway,SSP2-4.5,+Geoid,2032,0.27,0.4617,16.678,False,20013899.0,10006950.0,35024323.0,102792005.0,51396003.0,179886009.0
Ria de Aveiro — Cacia–Estarreja (km 265–275),railway,SSP2-4.5,+Geoid,2033,0.28,0.4308,18.107,False,21728942.0,10864471.0,38025649.0,124520947.0,62260474.0,217911658.0
Ria de Aveiro — Cacia–Estarreja (km 265–275),railway,SSP2-4.5,+Geoid,2034,0.29,0.4019,19.656,False,23587074.0,11793537.0,41277380.0,148108021.0,74054011.0,259189037.0
Ria de Aveiro — Cacia–Estarreja (km 265–275),railway,SSP2-4.5,+Geoid,2035,0.3,0.375,21.333,False,25600000.0,12800000.0,44800000.0,173708021.0,86854011.0,303989037.0
Ria de Aveiro — Cacia–Estarreja (km 265–275),railway,SSP2-4.5,+Geoid,2036,0.31,0.3499,23.15,False,27780368.0,13890184.0,48615644.0,201488389.0,100744195.0,352604681.0
Ria de Aveiro — Cacia–Estarreja (km 265–275),railway,SSP2-4.5,+Geoid,2037,0.32,0.3265,25.118,False,30141845.0,15070922.0,52748228.0,231630234.0,115815117.0,405352910.0
Ria de Aveiro — Cacia–Estarreja (km 265–275),railway,SSP2-4.5,+Geoid,2038,0.33,0.3046,27.249,False,32699196.0,16349598.0,57223592.0,264329430.0,132164715.0,462576502.0
Ria de Aveiro — Cacia–Estarreja (km 265–275),railway,SSP2-4.5,+Geoid,2039,0.34,0.2842,29.557,False,35468373.0,17734186.0,62069652.0,299797802.0,149898901.0,524646154.0
Ria de Aveiro — Cacia–Estarreja (km 265–275),railway,SSP2-4.5,+Geoid,2040,0.35,0.2652,32.056,False,38466609.0,19233304.0,67316566.0,338264411.0,169132206.0,591962720.0
Ria de Aveiro — Cacia–Estarreja (km 265–275),railway,SSP2-4.5,+Geoid,2041,0.36,0.2474,34.76,False,41712520.0,20856260.0,72996910.0,379976931.0,189988466.0,664959630.0
Ria de Aveiro — Cacia–Estarreja (km 265–275),railway,SSP2-4.5,+Geoid,2042,0.37,0.2308,37.689,False,45226213.0,22613107.0,79145874.0,425203145.0,212601572.0,744105503.0
Ria de Aveiro — Cacia–Estarreja (km 265–275),railway,SSP2-4.5,+Geoid,2043,0.38,0.2154,40.858,False,49029408.0,24514704.0,85801464.0,474232552.0,237116276.0,829906967.0
Ria de Aveiro — Cacia–Estarreja (km 265–275),railway,SSP2-4.5,+Geoid,2044,0.39,0.201,44.288,False,53145559.0,26572780.0,93004729.0,527378112.0,263689056.0,922911695.0
Ria de Aveiro — Cacia–Estarreja (km 265–275),railway,SSP2-4.5,+Geoid,2045,0.4,0.1875,48.0,False,57600000.0,28800000.0,100800000.0,584978112.0,292489056.0,1023711695.0
Ria de Aveiro — Cacia–Estarreja (km 265–275),railway,SSP2-4.5,+Geoid,2046,0.41,0.1749,52.017,False,62420086.0,31210043.0,109235151.0,647398198.0,323699099.0,1132946847.0
Ria de Aveiro — Cacia–Estarreja (km 265–275),railway,SSP2-4.5,+Geoid,2047,0.42,0.1632,56.363,False,67635359.0,33817680.0,118361878.0,715033557.0,357516779.0,1251308725.0
Ria de Aveiro — Cacia–Estarreja (km 265–275),railway,SSP2-4.5,+Geoid,2048,0.43,0.1523,61.065,False,73277715.0,36638858.0,128236002.0,788311273.0,394155636.0,1379544727.0
Ria de Aveiro — Cacia–Estarreja (km 265–275),railway,SSP2-4.5,+Geoid,2049,0.44,0.1421,66.151,False,79381596.0,39690798.0,138917793.0,867692869.0,433846434.0,1518462520.0
Ria de Aveiro — Cacia–Estarreja (km 265–275),railway,SSP2-4.5,+Geoid,2050,0.45,0.1326,71.653,False,85984185.0,42992092.0,150472323.0,953677053.0,476838527.0,1668934843.0
Ria de Aveiro — Cacia–Estarreja (km 265–275),railway,SSP2-4.5,+Geoid,2051,0.456,0.1272,75.168,False,90201688.0,45100844.0,157852954.0,1043878741.0,521939371.0,1826787797.0
Ria de Aveiro — Cacia–Estarreja (km 265–275),railway,SSP2-4.5,+Geoid,2052,0.462,0.122,78.852,False,94622331.0,47311166.0,165589080.0,1138501072.0,569250536.0,1992376876.0
Ria de Aveiro — Cacia–Estarreja (km 265–275),railway,SSP2-4.5,+Geoid,2053,0.468,0.117,82.713,False,99255762.0,49627881.0,173697584.0,1237756834.0,618878417.0,2166074460.0
Ria de Aveiro — Cacia–Estarreja (km 265–275),railway,SSP2-4.5,+Geoid,2054,0.474,0.1123,86.76,False,104112081.0,52056041.0,182196142.0,1341868915.0,670934458.0,2348270602.0
Ria de Aveiro — Cacia–Estarreja (km 265–275),railway,SSP2-4.5,+Geoid,2055,0.48,0.1077,91.002,False,109201863.0,54600931.0,191103260.0,1451070778.0,725535389.0,2539373862.0
Ria de Aveiro — Cacia–Estarreja (km 265–275),railway,SSP2-4.5,+Geoid,2056,0.486,0.1033,95.447,False,114536178.0,57268089.0,200438311.0,1565606956.0,782803478.0,2739812172.0
Ria de Aveiro — Cacia–Estarreja (km 265–275),railway,SSP2-4.5,+Geoid,2057,0.492,0.0991,100.106,False,120126616.0,60063308.0,210221578.0,1685733571.0,842866786.0,2950033750.0
Ria de Aveiro — Cacia–Estarreja (km 265–275),railway,SSP2-4.5,+Geoid,2058,0.498,0.0951,104.988,False,125985311.0,62992655.0,220474294.0,1811718882.0,905859441.0,3170508043.0
Ria de Aveiro — Cacia–Estarreja (km 265–275),railway,SSP2-4.5,+Geoid,2059,0.504,0.0912,110.104,False,132124964.0,66062482.0,231218687.0,1943843846.0,971921923.0,3401726731.0
Ria de Aveiro — Cacia–Estarreja (km 265–275),railway,SSP2-4.5,+Geoid,2060,0.51,0.0875,115.466,False,138558873.0,69279437.0,242478028.0,2082402719.0,1041201360.0,3644204759.0
Ria de Aveiro — Cacia–Estarreja (km 265–275),railway,SSP2-4.5,+Geoid,2061,0.516,0.0839,121.084,False,145300958.0,72650479.0,254276676.0,2227703677.0,1113851839.0,3898481435.0
Ria de Aveiro — Cacia–Estarreja (km 265–275),railway,SSP2-4.5,+Geoid,2062,0.522,0.0805,126.971,False,152365789.0,76182894.0,266640130.0,2380069466.0,1190034733.0,4165121565.0
Ria de Aveiro — Cacia–Estarreja (km 265–275),railway,SSP2-4.5,+Geoid,2063,0.528,0.0772,133.141,False,159768620.0,79884310.0,279595084.0,2539838086.0,1269919043.0,4444716650.0
Ria de Aveiro — Cacia–Estarreja (km 265–275),railway,SSP2-4.5,+Geoid,2064,0.534,0.0741,139.605,False,167525417.0,83762708.0,293169479.0,2707363502.0,1353681751.0,4737886129.0
Ria de Aveiro — Cacia–Estarreja (km 265–275),railway,SSP2-4.5,+Geoid,2065,0.54,0.071,146.377,False,175652893.0,87826447.0,307392563.0,2883016395.0,1441508198.0,5045278692.0
Ria de Aveiro — Cacia–Estarreja (km 265–275),railway,SSP2-4.5,+Geoid,2066,0.546,0.0682,153.474,False,184168543.0,92084271.0,322294950.0,3067184938.0,1533592469.0,5367573642.0
Ria de Aveiro — Cacia–Estarreja (km 265–275),railway,SSP2-4.5,+Geoid,2067,0.552,0.0654,160.909,False,193090678.0,96545339.0,337908686.0,3260275616.0,1630137808.0,5705482328.0
Ria de Aveiro — Cacia–Estarreja (km 265–275),railway,SSP2-4.5,+Geoid,2068,0.558,0.0627,168.699,False,202438465.0,101219232.0,354267313.0,3462714081.0,1731357040.0,6059749641.0
Ria de Aveiro — Cacia–Estarreja (km 265–275),railway,SSP2-4.5,+Geoid,2069,0.564,0.0602,176.86,False,212231965.0,106115982.0,371405939.0,3674946046.0,1837473023.0,6431155580.0
Ria de Aveiro — Cacia–Estarreja (km 265–275),railway,SSP2-4.5,+Geoid,2070,0.57,0.0577,185.41,False,222492176.0,111246088.0,389361309.0,3897438222.0,1948719111.0,6820516889.0
Ria de Aveiro — Cacia–Estarreja (km 265–275),railway,SSP2-4.5,+Geoid,2071,0.576,0.0554,194.368,False,233241077.0,116620538.0,408171884.0,4130679299.0,2065339649.0,7228688773.0
Ria de Aveiro — Cacia–Estarreja (km 265–275),railway,SSP2-4.5,+Geoid,2072,0.582,0.0531,203.751,False,244501668.0,122250834.0,427877920.0,4375180967.0,2187590484.0,7656566693.0
Ria de Aveiro — Cacia–Estarreja (km 265–275),railway,SSP2-4.5,+Geoid,2073,0.588,0.0509,213.582,False,256298026.0,128149013.0,448521545.0,4631478993.0,2315739497.0,8105088238.0
Ria de Aveiro — Cacia–Estarreja (km 265–275),railway,SSP2-4.5,+Geoid,2074,0.594,0.0489,223.879,False,268655346.0,134327673.0,470146856.0,4900134339.0,2450067170.0,8575235094.0
Ria de Aveiro — Cacia–Estarreja (km 265–275),railway,SSP2-4.5,+Geoid,2075,0.6,0.0469,365.0,True,438000000.0,219000000.0,766500000.0,5338134339.0,2669067170.0,9341735094.0
Ria de Aveiro — Cacia–Estarreja (km 265–275),railway,SSP2-4.5,+Geoid,2076,0.606,0.045,365.0,True,438000000.0,219000000.0,766500000.0,5776134339.0,2888067170.0,10108235094.0
Ria de Aveiro — Cacia–Estarreja (km 265–275),railway,SSP2-4.5,+Geoid,2077,0.612,0.0431,365.0,True,438000000.0,219000000.0,766500000.0,6214134339.0,3107067170.0,10874735094.0
Ria de Aveiro — Cacia–Estarreja (km 265–275),railway,SSP2-4.5,+Geoid,2078,0.618,0.0414,365.0,True,438000000.0,219000000.0,766500000.0,6652134339.0,3326067170.0,11641235094.0
Ria de Aveiro — Cacia–Estarreja (km 265–275),railway,SSP2-4.5,+Geoid,2079,0.624,0.0397,365.0,True,438000000.0,219000000.0,766500000.0,7090134339.0,3545067170.0,12407735094.0
Ria de Aveiro — Cacia–Estarreja (km 265–275),railway,SSP2-4.5,+Geoid,2080,0.63,0.0381,365.0,True,438000000.0,219000000.0,766500000.0,7528134339.0,3764067170.0,13174235094.0
Ria de Aveiro — Cacia–Estarreja (km 265–275),railway,SSP2-4.5,+Geoid,2081,0.636,0.0365,365.0,True,438000000.0,219000000.0,766500000.0,7966134339.0,3983067170.0,13940735094.0
Ria de Aveiro — Cacia–Estarreja (km 265–275),railway,SSP2-4.5,+Geoid,2082,0.642,0.035,365.0,True,438000000.0,219000000.0,766500000.0,8404134339.0,4202067170.0,14707235094.0
Ria de Aveiro — Cacia–Estarreja (km 265–275),railway,SSP2-4.5,+Geoid,2083,0.648,0.0336,365.0,True,438000000.0,219000000.0,766500000.0,8842134339.0,4421067170.0,15473735094.0
Ria de Aveiro — Cacia–Estarreja (km 265–275),railway,SSP2-4.5,+Geoid,2084,0.654,0.0322,365.0,True,438000000.0,219000000.0,766500000.0,9280134339.0,4640067170.0,16240235094.0
Ria de Aveiro — Cacia–Estarreja (km 265–275),railway,SSP2-4.5,+Geoid,2085,0.66,0.0309,365.0,True,438000000.0,219000000.0,766500000.0,9718134339.0,4859067170.0,17006735094.0
Ria de Aveiro — Cacia–Estarreja (km 265–275),railway,SSP2-4.5,+Geoid,2086,0.666,0.0297,365.0,True,438000000.0,219000000.0,766500000.0,10156134339.0,5078067170.0,17773235094.0
Ria de Aveiro — Cacia–Estarreja (km 265–275),railway,SSP2-4.5,+Geoid,2087,0.672,0.0285,365.0,True,438000000.0,219000000.0,766500000.0,10594134339.0,5297067170.0,18539735094.0
Ria de Aveiro — Cacia–Estarreja (km 265–275),railway,SSP2-4.5,+Geoid,2088,0.678,0.0273,365.0,True,438000000.0,219000000.0,766500000.0,11032134339.0,5516067170.0,19306235094.0
Ria de Aveiro — Cacia–Estarreja (km 265–275),railway,SSP2-4.5,+Geoid,2089,0.684,0.0262,365.0,True,438000000.0,219000000.0,766500000.0,11470134339.0,5735067170.0,20072735094.0
Ria de Aveiro — Cacia–Estarreja (km 265–275),railway,SSP2-4.5,+Geoid,2090,0.69,0.0251,365.0,True,438000000.0,219000000.0,766500000.0,11908134339.0,5954067170.0,20839235094.0
Ria de Aveiro — Cacia–Estarreja (km 265–275),railway,SSP2-4.5,+Geoid,2091,0.696,0.0241,365.0,True,438000000.0,219000000.0,766500000.0,12346134339.0,6173067170.0,21605735094.0
Ria de Aveiro — Cacia–Estarreja (km 265–275),railway,SSP2-4.5,+Geoid,2092,0.702,0.0231,365.0,True,438000000.0,219000000.0,766500000.0,12784134339.0,6392067170.0,22372235094.0
Ria de Aveiro — Cacia–Estarreja (km 265–275),railway,SSP2-4.5,+Geoid,2093,0.708,0.0222,365.0,True,438000000.0,219000000.0,766500000.0,13222134339.0,6611067170.0,23138735094.0
Ria de Aveiro — Cacia–Estarreja (km 265–275),railway,SSP2-4.5,+Geoid,2094,0.714,0.0213,365.0,True,438000000.0,219000000.0,766500000.0,13660134339.0,6830067170.0,23905235094.0
Ria de Aveiro — Cacia–Estarreja (km 265–275),railway,SSP2-4.5,+Geoid,2095,0.72,0.0204,365.0,True,438000000.0,219000000.0,766500000.0,14098134339.0,7049067170.0,24671735094.0
Ria de Aveiro — Cacia–Estarreja (km 265–275),railway,SSP2-4.5,+Geoid,2096,0.726,0.0196,365.0,True,438000000.0,219000000.0,766500000.0,14536134339.0,7268067170.0,25438235094.0
Ria de Aveiro — Cacia–Estarreja (km 265–275),railway,SSP2-4.5,+Geoid,2097,0.732,0.0188,365.0,True,438000000.0,219000000.0,766500000.0,14974134339.0,7487067170.0,26204735094.0
Ria de Aveiro — Cacia–Estarreja (km 265–275),railway,SSP2-4.5,+Geoid,2098,0.738,0.018,365.0,True,438000000.0,219000000.0,766500000.0,15412134339.0,7706067170.0,26971235094.0
Ria de Aveiro — Cacia–Estarreja (km 265–275),railway,SSP2-4.5,+Geoid,2099,0.744,0.0173,365.0,True,438000000.0,219000000.0,766500000.0,15850134339.0,7925067170.0,27737735094.0
Ria de Aveiro — Cacia–Estarreja (km 265–275),railway,SSP2-4.5,+Geoid,2100,0.75,0.0166,365.0,True,438000000.0,219000000.0,766500000.0,16288134339.0,8144067170.0,28504235094.0
Ria de Aveiro — Cacia–Estarreja (km 265–275),railway,SSP5-8.5,Baseline,2025,0.065,1.9118,2.955,False,3546320.0,1773160.0,6206060.0,3546320.0,1773160.0,6206060.0
Ria de Aveiro — Cacia–Estarreja (km 265–275),railway,SSP5-8.5,Baseline,2026,0.078,1.7471,3.308,False,3970007.0,1985003.0,6947512.0,7516327.0,3758163.0,13153572.0
Ria de Aveiro — Cacia–Estarreja (km 265–275),railway,SSP5-8.5,Baseline,2027,0.091,1.5966,3.702,False,4442064.0,2221032.0,7773611.0,11958390.0,5979195.0,20927183.0
Ria de Aveiro — Cacia–Estarreja (km 265–275),railway,SSP5-8.5,Baseline,2028,0.104,1.459,4.14,False,4967846.0,2483923.0,8693731.0,16926236.0,8463118.0,29620913.0
Ria de Aveiro — Cacia–Estarreja (km 265–275),railway,SSP5-8.5,Baseline,2029,0.117,1.3333,4.628,False,5553289.0,2776644.0,9718255.0,22479525.0,11239762.0,39339169.0
Ria de Aveiro — Cacia–Estarreja (km 265–275),railway,SSP5-8.5,Baseline,2030,0.13,1.2184,5.171,False,6204968.0,3102484.0,10858694.0,28684493.0,14342246.0,50197862.0
Ria de Aveiro — Cacia–Estarreja (km 265–275),railway,SSP5-8.5,Baseline,2031,0.1435,1.1095,5.8,False,6959637.0,3479818.0,12179365.0,35644130.0,17822065.0,62377227.0
Ria de Aveiro — Cacia–Estarreja (km 265–275),railway,SSP5-8.5,Baseline,2032,0.157,1.0104,6.502,False,7802656.0,3901328.0,13654648.0,43446786.0,21723393.0,76031875.0
Ria de Aveiro — Cacia–Estarreja (km 265–275),railway,SSP5-8.5,Baseline,2033,0.1705,0.9202,7.287,False,8744096.0,4372048.0,15302168.0,52190882.0,26095441.0,91334043.0
Ria de Aveiro — Cacia–Estarreja (km 265–275),railway,SSP5-8.5,Baseline,2034,0.184,0.838,8.163,False,9795154.0,4897577.0,17141520.0,61986036.0,30993018.0,108475563.0
Ria de Aveiro — Cacia–Estarreja (km 265–275),railway,SSP5-8.5,Baseline,2035,0.1975,0.7631,9.14,False,10968278.0,5484139.0,19194486.0,72954314.0,36477157.0,127670049.0
Ria de Aveiro — Cacia–Estarreja (km 265–275),railway,SSP5-8.5,Baseline,2036,0.211,0.6949,10.231,False,12277300.0,6138650.0,21485276.0,85231614.0,42615807.0,149155325.0
Ria de Aveiro — Cacia–Estarreja (km 265–275),railway,SSP5-8.5,Baseline,2037,0.2245,0.6329,11.448,False,13737595.0,6868798.0,24040792.0,98969210.0,49484605.0,173196117.0
Ria de Aveiro — Cacia–Estarreja (km 265–275),railway,SSP5-8.5,Baseline,2038,0.238,0.5763,12.805,False,15366245.0,7683122.0,26890928.0,114335454.0,57167727.0,200087045.0
Ria de Aveiro — Cacia–Estarreja (km 265–275),railway,SSP5-8.5,Baseline,2039,0.2515,0.5248,14.319,False,17182226.0,8591113.0,30068895.0,131517680.0,65758840.0,230155940.0
Ria de Aveiro — Cacia–Estarreja (km 265–275),railway,SSP5-8.5,Baseline,2040,0.265,0.478,16.006,False,19206619.0,9603309.0,33611583.0,150724299.0,75362149.0,263767523.0
Ria de Aveiro — Cacia–Estarreja (km 265–275),railway,SSP5-8.5,Baseline,2041,0.2785,0.4353,17.886,False,21462838.0,10731419.0,37559966.0,172187137.0,86093568.0,301327489.0
Ria de Aveiro — Cacia–Estarreja (km 265–275),railway,SSP5-8.5,Baseline,2042,0.292,0.3964,19.981,False,23976885.0,11988442.0,41959549.0,196164022.0,98082011.0,343287038.0
Ria de Aveiro — Cacia–Estarreja (km 265–275),railway,SSP5-8.5,Baseline,2043,0.3055,0.361,22.315,False,26777632.0,13388816.0,46860856.0,222941654.0,111470827.0,390147894.0
Ria de Aveiro — Cacia–Estarreja (km 265–275),railway,SSP5-8.5,Baseline,2044,0.319,0.3287,24.914,False,29897135.0,14948568.0,52319987.0,252838789.0,126419395.0,442467881.0
Ria de Aveiro — Cacia–Estarreja (km 265–275),railway,SSP5-8.5,Baseline,2045,0.3325,0.2994,27.809,False,33370981.0,16685490.0,58399216.0,286209770.0,143104885.0,500867097.0
Ria de Aveiro — Cacia–Estarreja (km 265–275),railway,SSP5-8.5,Baseline,2046,0.346,0.2726,31.032,False,37238668.0,18619334.0,65167669.0,323448438.0,161724219.0,566034766.0
Ria de Aveiro — Cacia–Estarreja (km 265–275),railway,SSP5-8.5,Baseline,2047,0.3595,0.2483,34.62,False,41544038.0,20772019.0,72702066.0,364992476.0,182496238.0,638736833.0
Ria de Aveiro — Cacia–Estarreja (km 265–275),railway,SSP5-8.5,Baseline,2048,0.373,0.2261,38.613,False,46335742.0,23167871.0,81087548.0,411328218.0,205664109.0,719824381.0
Ria de Aveiro — Cacia–Estarreja (km 265–275),railway,SSP5-8.5,Baseline,2049,0.3865,0.2059,43.056,False,51667764.0,25833882.0,90418586.0,462995981.0,231497991.0,810242967.0
Ria de Aveiro — Cacia–Estarreja (km 265–275),railway,SSP5-8.5,Baseline,2050,0.4,0.1875,48.0,False,57600000.0,28800000.0,100800000.0,520595981.0,260297991.0,911042967.0
Ria de Aveiro — Cacia–Estarreja (km 265–275),railway,SSP5-8.5,Baseline,2051,0.412,0.1725,52.859,False,63430540.0,31715270.0,111003446.0,584026522.0,292013261.0,1022046413.0
Ria de Aveiro — Cacia–Estarreja (km 265–275),railway,SSP5-8.5,Baseline,2052,0.424,0.1588,58.199,False,69839182.0,34919591.0,122218569.0,653865704.0,326932852.0,1144264982.0
Ria de Aveiro — Cacia–Estarreja (km 265–275),railway,SSP5-8.5,Baseline,2053,0.436,0.1461,64.069,False,76882345.0,38441172.0,134544104.0,730748049.0,365374024.0,1278809085.0
Ria de Aveiro — Cacia–Estarreja (km 265–275),railway,SSP5-8.5,Baseline,2054,0.448,0.1344,70.518,False,84621888.0,42310944.0,148088304.0,815369936.0,407684968.0,1426897389.0
Ria de Aveiro — Cacia–Estarreja (km 265–275),railway,SSP5-8.5,Baseline,2055,0.46,0.1237,77.605,False,93125626.0,46562813.0,162969845.0,908495562.0,454247781.0,1589867234.0
Ria de Aveiro — Cacia–Estarreja (km 265–275),railway,SSP5-8.5,Baseline,2056,0.472,0.1138,85.39,False,102467900.0,51233950.0,179318825.0,1010963462.0,505481731.0,1769186059.0
Ria de Aveiro — Cacia–Estarreja (km 265–275),railway,SSP5-8.5,Baseline,2057,0.484,0.1047,93.942,False,112730198.0,56365099.0,197277846.0,1123693660.0,561846830.0,1966463905.0
Ria de Aveiro — Cacia–Estarreja (km 265–275),railway,SSP5-8.5,Baseline,2058,0.496,0.0964,103.335,False,124001834.0,62000917.0,217003209.0,1247695494.0,623847747.0,2183467115.0
Ria de Aveiro — Cacia–Estarreja (km 265–275),railway,SSP5-8.5,Baseline,2059,0.508,0.0887,113.651,False,136380696.0,68190348.0,238666217.0,1384076190.0,692038095.0,2422133332.0
Ria de Aveiro — Cacia–Estarreja (km 265–275),railway,SSP5-8.5,Baseline,2060,0.52,0.0816,124.978,False,149974057.0,74987029.0,262454600.0,1534050247.0,767025123.0,2684587932.0
Ria de Aveiro — Cacia–Estarreja (km 265–275),railway,SSP5-8.5,Baseline,2061,0.532,0.0751,137.416,False,164899472.0,82449736.0,288574076.0,1698949719.0,849474860.0,2973162008.0
Ria de Aveiro — Cacia–Estarreja (km 265–275),railway,SSP5-8.5,Baseline,2062,0.544,0.0691,151.071,False,181285749.0,90642875.0,317250062.0,1880235469.0,940117734.0,3290412070.0
Ria de Aveiro — Cacia–Estarreja (km 265–275),railway,SSP5-8.5,Baseline,2063,0.556,0.0636,166.062,False,199274022.0,99637011.0,348729538.0,2079509490.0,1039754745.0,3639141608.0
Ria de Aveiro — Cacia–Estarreja (km 265–275),railway,SSP5-8.5,Baseline,2064,0.568,0.0585,182.516,False,219018913.0,109509457.0,383283098.0,2298528403.0,1149264202.0,4022424706.0
Ria de Aveiro — Cacia–Estarreja (km 265–275),railway,SSP5-8.5,Baseline,2065,0.58,0.0538,200.575,False,240689820.0,120344910.0,421207185.0,2539218223.0,1269609111.0,4443631890.0
Ria de Aveiro — Cacia–Estarreja (km 265–275),railway,SSP5-8.5,Baseline,2066,0.592,0.0495,220.394,False,264472307.0,132236154.0,462826538.0,2803690530.0,1401845265.0,4906458428.0
Ria de Aveiro — Cacia–Estarreja (km 265–275),railway,SSP5-8.5,Baseline,2067,0.604,0.0456,365.0,True,438000000.0,219000000.0,766500000.0,3241690530.0,1620845265.0,5672958428.0
Ria de Aveiro — Cacia–Estarreja (km 265–275),railway,SSP5-8.5,Baseline,2068,0.616,0.042,365.0,True,438000000.0,219000000.0,766500000.0,3679690530.0,1839845265.0,6439458428.0
Ria de Aveiro — Cacia–Estarreja (km 265–275),railway,SSP5-8.5,Baseline,2069,0.628,0.0386,365.0,True,438000000.0,219000000.0,766500000.0,4117690530.0,2058845265.0,7205958428.0
Ria de Aveiro — Cacia–Estarreja (km 265–275),railway,SSP5-8.5,Baseline,2070,0.64,0.0355,365.0,True,438000000.0,219000000.0,766500000.0,4555690530.0,2277845265.0,7972458428.0
Ria de Aveiro — Cacia–Estarreja (km 265–275),railway,SSP5-8.5,Baseline,2071,0.652,0.0327,365.0,True,438000000.0,219000000.0,766500000.0,4993690530.0,2496845265.0,8738958428.0
Ria de Aveiro — Cacia–Estarreja (km 265–275),railway,SSP5-8.5,Baseline,2072,0.664,0.0301,365.0,True,438000000.0,219000000.0,766500000.0,5431690530.0,2715845265.0,9505458428.0
Ria de Aveiro — Cacia–Estarreja (km 265–275),railway,SSP5-8.5,Baseline,2073,0.676,0.0277,365.0,True,438000000.0,219000000.0,766500000.0,5869690530.0,2934845265.0,10271958428.0
Ria de Aveiro — Cacia–Estarreja (km 265–275),railway,SSP5-8.5,Baseline,2074,0.688,0.0255,365.0,True,438000000.0,219000000.0,766500000.0,6307690530.0,3153845265.0,11038458428.0
Ria de Aveiro — Cacia–Estarreja (km 265–275),railway,SSP5-8.5,Baseline,2075,0.7,0.0234,365.0,True,438000000.0,219000000.0,766500000.0,6745690530.0,3372845265.0,11804958428.0
Ria de Aveiro — Cacia–Estarreja (km 265–275),railway,SSP5-8.5,Baseline,2076,0.712,0.0216,365.0,True,438000000.0,219000000.0,766500000.0,7183690530.0,3591845265.0,12571458428.0
Ria de Aveiro — Cacia–Estarreja (km 265–275),railway,SSP5-8.5,Baseline,2077,0.724,0.0198,365.0,True,438000000.0,219000000.0,766500000.0,7621690530.0,3810845265.0,13337958428.0
Ria de Aveiro — Cacia–Estarreja (km 265–275),railway,SSP5-8.5,Baseline,2078,0.736,0.0183,365.0,True,438000000.0,219000000.0,766500000.0,8059690530.0,4029845265.0,14104458428.0
Ria de Aveiro — Cacia–Estarreja (km 265–275),railway,SSP5-8.5,Baseline,2079,0.748,0.0168,365.0,True,438000000.0,219000000.0,766500000.0,8497690530.0,4248845265.0,14870958428.0
Ria de Aveiro — Cacia–Estarreja (km 265–275),railway,SSP5-8.5,Baseline,2080,0.76,0.0155,365.0,True,438000000.0,219000000.0,766500000.0,8935690530.0,4467845265.0,15637458428.0
Ria de Aveiro — Cacia–Estarreja (km 265–275),railway,SSP5-8.5,Baseline,2081,0.772,0.0142,365.0,True,438000000.0,219000000.0,766500000.0,9373690530.0,4686845265.0,16403958428.0
Ria de Aveiro — Cacia–Estarreja (km 265–275),railway,SSP5-8.5,Baseline,2082,0.784,0.0131,365.0,True,438000000.0,219000000.0,766500000.0,9811690530.0,4905845265.0,17170458428.0
Ria de Aveiro — Cacia–Estarreja (km 265–275),railway,SSP5-8.5,Baseline,2083,0.796,0.012,365.0,True,438000000.0,219000000.0,766500000.0,10249690530.0,5124845265.0,17936958428.0
Ria de Aveiro — Cacia–Estarreja (km 265–275),railway,SSP5-8.5,Baseline,2084,0.808,0.0111,365.0,True,438000000.0,219000000.0,766500000.0,10687690530.0,5343845265.0,18703458428.0
Ria de Aveiro — Cacia–Estarreja (km 265–275),railway,SSP5-8.5,Baseline,2085,0.82,0.0102,365.0,True,438000000.0,219000000.0,766500000.0,11125690530.0,5562845265.0,19469958428.0
Ria de Aveiro — Cacia–Estarreja (km 265–275),railway,SSP5-8.5,Baseline,2086,0.832,0.0094,365.0,True,438000000.0,219000000.0,766500000.0,11563690530.0,5781845265.0,20236458428.0
Ria de Aveiro — Cacia–Estarreja (km 265–275),railway,SSP5-8.5,Baseline,2087,0.844,0.0086,365.0,True,438000000.0,219000000.0,766500000.0,12001690530.0,6000845265.0,21002958428.0
Ria de Aveiro — Cacia–Estarreja (km 265–275),railway,SSP5-8.5,Baseline,2088,0.856,0.0079,365.0,True,438000000.0,219000000.0,766500000.0,12439690530.0,6219845265.0,21769458428.0
Ria de Aveiro — Cacia–Estarreja (km 265–275),railway,SSP5-8.5,Baseline,2089,0.868,0.0073,365.0,True,438000000.0,219000000.0,766500000.0,12877690530.0,6438845265.0,22535958428.0
Ria de Aveiro — Cacia–Estarreja (km 265–275),railway,SSP5-8.5,Baseline,2090,0.88,0.0067,365.0,True,438000000.0,219000000.0,766500000.0,13315690530.0,6657845265.0,23302458428.0
Ria de Aveiro — Cacia–Estarreja (km 265–275),railway,SSP5-8.5,Baseline,2091,0.892,0.0062,365.0,True,438000000.0,219000000.0,766500000.0,13753690530.0,6876845265.0,24068958428.0
Ria de Aveiro — Cacia–Estarreja (km 265–275),railway,SSP5-8.5,Baseline,2092,0.904,0.0057,365.0,True,438000000.0,219000000.0,766500000.0,14191690530.0,7095845265.0,24835458428.0
Ria de Aveiro — Cacia–Estarreja (km 265–275),railway,SSP5-8.5,Baseline,2093,0.916,0.0052,365.0,True,438000000.0,219000000.0,766500000.0,14629690530.0,7314845265.0,25601958428.0
Ria de Aveiro — Cacia–Estarreja (km 265–275),railway,SSP5-8.5,Baseline,2094,0.928,0.0048,365.0,True,438000000.0,219000000.0,766500000.0,15067690530.0,7533845265.0,26368458428.0
Ria de Aveiro — Cacia–Estarreja (km 265–275),railway,SSP5-8.5,Baseline,2095,0.94,0.0044,365.0,True,438000000.0,219000000.0,766500000.0,15505690530.0,7752845265.0,27134958428.0
Ria de Aveiro — Cacia–Estarreja (km 265–275),railway,SSP5-8.5,Baseline,2096,0.952,0.0041,365.0,True,438000000.0,219000000.0,766500000.0,15943690530.0,7971845265.0,27901458428.0
Ria de Aveiro — Cacia–Estarreja (km 265–275),railway,SSP5-8.5,Baseline,2097,0.964,0.0038,365.0,True,438000000.0,219000000.0,766500000.0,16381690530.0,8190845265.0,28667958428.0
Ria de Aveiro — Cacia–Estarreja (km 265–275),railway,SSP5-8.5,Baseline,2098,0.976,0.0035,365.0,True,438000000.0,219000000.0,766500000.0,16819690530.0,8409845265.0,29434458428.0
Ria de Aveiro — Cacia–Estarreja (km 265–275),railway,SSP5-8.5,Baseline,2099,0.988,0.0032,365.0,True,438000000.0,219000000.0,766500000.0,17257690530.0,8628845265.0,30200958428.0
Ria de Aveiro — Cacia–Estarreja (km 265–275),railway,SSP5-8.5,Baseline,2100,1.0,0.0029,365.0,True,438000000.0,219000000.0,766500000.0,17695690530.0,8847845265.0,30967458428.0
Ria de Aveiro — Cacia–Estarreja (km 265–275),railway,SSP5-8.5,+Geoid,2025,0.14,1.1368,5.63,False,6755881.0,3377940.0,11822791.0,6755881.0,3377940.0,11822791.0
Ria de Aveiro — Cacia–Estarreja (km 265–275),railway,SSP5-8.5,+Geoid,2026,0.168,0.9362,7.135,False,8561835.0,4280917.0,14983211.0,15317715.0,7658858.0,26806002.0
Ria de Aveiro — Cacia–Estarreja (km 265–275),railway,SSP5-8.5,+Geoid,2027,0.196,0.7711,9.026,False,10831485.0,5415743.0,18955100.0,26149201.0,13074600.0,45761101.0
Ria de Aveiro — Cacia–Estarreja (km 265–275),railway,SSP5-8.5,+Geoid,2028,0.224,0.6351,11.401,False,13680619.0,6840309.0,23941083.0,39829820.0,19914910.0,69702185.0
Ria de Aveiro — Cacia–Estarreja (km 265–275),railway,SSP5-8.5,+Geoid,2029,0.252,0.523,14.378,False,17253350.0,8626675.0,30193362.0,57083169.0,28541585.0,99895546.0
Ria de Aveiro — Cacia–Estarreja (km 265–275),railway,SSP5-8.5,+Geoid,2030,0.28,0.4308,18.107,False,21728942.0,10864471.0,38025649.0,78812111.0,39406056.0,137921195.0
Ria de Aveiro — Cacia–Estarreja (km 265–275),railway,SSP5-8.5,+Geoid,2031,0.2935,0.3923,20.228,False,24273364.0,12136682.0,42478386.0,103085475.0,51542737.0,180399581.0
Ria de Aveiro — Cacia–Estarreja (km 265–275),railway,SSP5-8.5,+Geoid,2032,0.307,0.3572,22.59,False,27107884.0,13553942.0,47438796.0,130193359.0,65096679.0,227838378.0
Ria de Aveiro — Cacia–Estarreja (km 265–275),railway,SSP5-8.5,+Geoid,2033,0.3205,0.3253,25.221,False,30264933.0,15132466.0,52963632.0,160458291.0,80229146.0,280802010.0
Ria de Aveiro — Cacia–Estarreja (km 265–275),railway,SSP5-8.5,+Geoid,2034,0.334,0.2963,28.15,False,33780512.0,16890256.0,59115896.0,194238803.0,97119402.0,339917906.0
Ria de Aveiro — Cacia–Estarreja (km 265–275),railway,SSP5-8.5,+Geoid,2035,0.3475,0.2698,31.412,False,37694582.0,18847291.0,65965519.0,231933385.0,115966693.0,405883424.0
Ria de Aveiro — Cacia–Estarreja (km 265–275),railway,SSP5-8.5,+Geoid,2036,0.361,0.2457,35.043,False,42051494.0,21025747.0,73590114.0,273984879.0,136992440.0,479473538.0
Ria de Aveiro — Cacia–Estarreja (km 265–275),railway,SSP5-8.5,+Geoid,2037,0.3745,0.2238,39.084,False,46900464.0,23450232.0,82075812.0,320885343.0,160442672.0,561549350.0
Ria de Aveiro — Cacia–Estarreja (km 265–275),railway,SSP5-8.5,+Geoid,2038,0.388,0.2038,43.58,False,52296105.0,26148052.0,91518183.0,373181448.0,186590724.0,653067533.0
Ria de Aveiro — Cacia–Estarreja (km 265–275),railway,SSP5-8.5,+Geoid,2039,0.4015,0.1856,48.583,False,58299007.0,29149503.0,102023262.0,431480454.0,215740227.0,755090795.0
Ria de Aveiro — Cacia–Estarreja (km 265–275),railway,SSP5-8.5,+Geoid,2040,0.415,0.169,54.147,False,64976388.0,32488194.0,113708679.0,496456843.0,248228421.0,868799475.0
Ria de Aveiro — Cacia–Estarreja (km 265–275),railway,SSP5-8.5,+Geoid,2041,0.4285,0.1539,60.336,False,72402812.0,36201406.0,126704920.0,568859654.0,284429827.0,995504395.0
Ria de Aveiro — Cacia–Estarreja (km 265–275),railway,SSP5-8.5,+Geoid,2042,0.442,0.1401,67.217,False,80660976.0,40330488.0,141156709.0,649520631.0,324760315.0,1136661103.0
Ria de Aveiro — Cacia–Estarreja (km 265–275),railway,SSP5-8.5,+Geoid,2043,0.4555,0.1276,74.869,False,89842600.0,44921300.0,157224550.0,739363231.0,369681615.0,1293885654.0
Ria de Aveiro — Cacia–Estarreja (km 265–275),railway,SSP5-8.5,+Geoid,2044,0.469,0.1162,83.374,False,100049391.0,50024695.0,175086434.0,839412621.0,419706311.0,1468972088.0
Ria de Aveiro — Cacia–Estarreja (km 265–275),railway,SSP5-8.5,+Geoid,2045,0.4825,0.1058,92.828,False,111394123.0,55697062.0,194939716.0,950806745.0,475403372.0,1663911803.0
Ria de Aveiro — Cacia–Estarreja (km 265–275),railway,SSP5-8.5,+Geoid,2046,0.496,0.0964,103.335,False,124001834.0,62000917.0,217003209.0,1074808579.0,537404289.0,1880915013.0
Ria de Aveiro — Cacia–Estarreja (km 265–275),railway,SSP5-8.5,+Geoid,2047,0.5095,0.0878,115.009,False,138011140.0,69005570.0,241519495.0,1212819718.0,606409859.0,2122434507.0
Ria de Aveiro — Cacia–Estarreja (km 265–275),railway,SSP5-8.5,+Geoid,2048,0.523,0.0799,127.98,False,153575700.0,76787850.0,268757474.0,1366395418.0,683197709.0,2391191981.0
Ria de Aveiro — Cacia–Estarreja (km 265–275),railway,SSP5-8.5,+Geoid,2049,0.5365,0.0728,142.388,False,170865832.0,85432916.0,299015205.0,1537261250.0,768630625.0,2690207187.0
Ria de Aveiro — Cacia–Estarreja (km 265–275),railway,SSP5-8.5,+Geoid,2050,0.55,0.0663,158.392,False,190070303.0,95035151.0,332623030.0,1727331552.0,863665776.0,3022830217.0
Ria de Aveiro — Cacia–Estarreja (km 265–275),railway,SSP5-8.5,+Geoid,2051,0.562,0.061,174.097,False,208916665.0,104458332.0,365604163.0,1936248217.0,968124108.0,3388434380.0
Ria de Aveiro — Cacia–Estarreja (km 265–275),railway,SSP5-8.5,+Geoid,2052,0.574,0.0561,191.335,False,229602413.0,114801206.0,401804223.0,2165850630.0,1082925315.0,3790238602.0
Ria de Aveiro — Cacia–Estarreja (km 265–275),railway,SSP5-8.5,+Geoid,2053,0.586,0.0517,210.254,False,252304845.0,126152423.0,441533480.0,2418155475.0,1209077738.0,4231772082.0
Ria de Aveiro — Cacia–Estarreja (km 265–275),railway,SSP5-8.5,+Geoid,2054,0.598,0.0475,231.015,False,277218178.0,138609089.0,485131812.0,2695373654.0,1347686827.0,4716903894.0
Ria de Aveiro — Cacia–Estarreja (km 265–275),railway,SSP5-8.5,+Geoid,2055,0.61,0.0437,365.0,True,438000000.0,219000000.0,766500000.0,3133373654.0,1566686827.0,5483403894.0
Ria de Aveiro — Cacia–Estarreja (km 265–275),railway,SSP5-8.5,+Geoid,2056,0.622,0.0402,365.0,True,438000000.0,219000000.0,766500000.0,3571373654.0,1785686827.0,6249903894.0
Ria de Aveiro — Cacia–Estarreja (km 265–275),railway,SSP5-8.5,+Geoid,2057,0.634,0.037,365.0,True,438000000.0,219000000.0,766500000.0,4009373654.0,2004686827.0,7016403894.0
Ria de Aveiro — Cacia–Estarreja (km 265–275),railway,SSP5-8.5,+Geoid,2058,0.646,0.0341,365.0,True,438000000.0,219000000.0,766500000.0,4447373654.0,2223686827.0,7782903894.0
Ria de Aveiro — Cacia–Estarreja (km 265–275),railway,SSP5-8.5,+Geoid,2059,0.658,0.0314,365.0,True,438000000.0,219000000.0,766500000.0,4885373654.0,2442686827.0,8549403894.0
Ria de Aveiro — Cacia–Estarreja (km 265–275),railway,SSP5-8.5,+Geoid,2060,0.67,0.0289,365.0,True,438000000.0,219000000.0,766500000.0,5323373654.0,2661686827.0,9315903894.0
Ria de Aveiro — Cacia–Estarreja (km 265–275),railway,SSP5-8.5,+Geoid,2061,0.682,0.0266,365.0,True,438000000.0,219000000.0,766500000.0,5761373654.0,2880686827.0,10082403894.0
Ria de Aveiro — Cacia–Estarreja (km 265–275),railway,SSP5-8.5,+Geoid,2062,0.694,0.0244,365.0,True,438000000.0,219000000.0,766500000.0,6199373654.0,3099686827.0,10848903894.0
Ria de Aveiro — Cacia–Estarreja (km 265–275),railway,SSP5-8.5,+Geoid,2063,0.706,0.0225,365.0,True,438000000.0,219000000.0,766500000.0,6637373654.0,3318686827.0,11615403894.0
Ria de Aveiro — Cacia–Estarreja (km 265–275),railway,SSP5-8.5,+Geoid,2064,0.718,0.0207,365.0,True,438000000.0,219000000.0,766500000.0,7075373654.0,3537686827.0,12381903894.0
Ria de Aveiro — Cacia–Estarreja (km 265–275),railway,SSP5-8.5,+Geoid,2065,0.73,0.019,365.0,True,438000000.0,219000000.0,766500000.0,7513373654.0,3756686827.0,13148403894.0
Ria de Aveiro — Cacia–Estarreja (km 265–275),railway,SSP5-8.5,+Geoid,2066,0.742,0.0175,365.0,True,438000000.0,219000000.0,766500000.0,7951373654.0,3975686827.0,13914903894.0
Ria de Aveiro — Cacia–Estarreja (km 265–275),railway,SSP5-8.5,+Geoid,2067,0.754,0.0161,365.0,True,438000000.0,219000000.0,766500000.0,8389373654.0,4194686827.0,14681403894.0
Ria de Aveiro — Cacia–Estarreja (km 265–275),railway,SSP5-8.5,+Geoid,2068,0.766,0.0148,365.0,True,438000000.0,219000000.0,766500000.0,8827373654.0,4413686827.0,15447903894.0
Ria de Aveiro — Cacia–Estarreja (km 265–275),railway,SSP5-8.5,+Geoid,2069,0.778,0.0136,365.0,True,438000000.0,219000000.0,766500000.0,9265373654.0,4632686827.0,16214403894.0
Ria de Aveiro — Cacia–Estarreja (km 265–275),railway,SSP5-8.5,+Geoid,2070,0.79,0.0126,365.0,True,438000000.0,219000000.0,766500000.0,9703373654.0,4851686827.0,16980903894.0
Ria de Aveiro — Cacia–Estarreja (km 265–275),railway,SSP5-8.5,+Geoid,2071,0.802,0.0116,365.0,True,438000000.0,219000000.0,766500000.0,10141373654.0,5070686827.0,17747403894.0
Ria de Aveiro — Cacia–Estarreja (km 265–275),railway,SSP5-8.5,+Geoid,2072,0.814,0.0106,365.0,True,438000000.0,219000000.0,766500000.0,10579373654.0,5289686827.0,18513903894.0
Ria de Aveiro — Cacia–Estarreja (km 265–275),railway,SSP5-8.5,+Geoid,2073,0.826,0.0098,365.0,True,438000000.0,219000000.0,766500000.0,11017373654.0,5508686827.0,19280403894.0
Ria de Aveiro — Cacia–Estarreja (km 265–275),railway,SSP5-8.5,+Geoid,2074,0.838,0.009,365.0,True,438000000.0,219000000.0,766500000.0,11455373654.0,5727686827.0,20046903894.0
Ria de Aveiro — Cacia–Estarreja (km 265–275),railway,SSP5-8.5,+Geoid,2075,0.85,0.0083,365.0,True,438000000.0,219000000.0,766500000.0,11893373654.0,5946686827.0,20813403894.0
Ria de Aveiro — Cacia–Estarreja (km 265–275),railway,SSP5-8.5,+Geoid,2076,0.862,0.0076,365.0,True,438000000.0,219000000.0,766500000.0,12331373654.0,6165686827.0,21579903894.0
Ria de Aveiro — Cacia–Estarreja (km 265–275),railway,SSP5-8.5,+Geoid,2077,0.874,0.007,365.0,True,438000000.0,219000000.0,766500000.0,12769373654.0,6384686827.0,22346403894.0
Ria de Aveiro — Cacia–Estarreja (km 265–275),railway,SSP5-8.5,+Geoid,2078,0.886,0.0065,365.0,True,438000000.0,219000000.0,766500000.0,13207373654.0,6603686827.0,23112903894.0
Ria de Aveiro — Cacia–Estarreja (km 265–275),railway,SSP5-8.5,+Geoid,2079,0.898,0.0059,365.0,True,438000000.0,219000000.0,766500000.0,13645373654.0,6822686827.0,23879403894.0
Ria de Aveiro — Cacia–Estarreja (km 265–275),railway,SSP5-8.5,+Geoid,2080,0.91,0.0055,365.0,True,438000000.0,219000000.0,766500000.0,14083373654.0,7041686827.0,24645903894.0
Ria de Aveiro — Cacia–Estarreja (km 265–275),railway,SSP5-8.5,+Geoid,2081,0.922,0.005,365.0,True,438000000.0,219000000.0,766500000.0,14521373654.0,7260686827.0,25412403894.0
Ria de Aveiro — Cacia–Estarreja (km 265–275),railway,SSP5-8.5,+Geoid,2082,0.934,0.0046,365.0,True,438000000.0,219000000.0,766500000.0,14959373654.0,7479686827.0,26178903894.0
Ria de Aveiro — Cacia–Estarreja (km 265–275),railway,SSP5-8.5,+Geoid,2083,0.946,0.0043,365.0,True,438000000.0,219000000.0,766500000.0,15397373654.0,7698686827.0,26945403894.0
Ria de Aveiro — Cacia–Estarreja (km 265–275),railway,SSP5-8.5,+Geoid,2084,0.958,0.0039,365.0,True,438000000.0,219000000.0,766500000.0,15835373654.0,7917686827.0,27711903894.0
Ria de Aveiro — Cacia–Estarreja (km 265–275),railway,SSP5-8.5,+Geoid,2085,0.97,0.0036,365.0,True,438000000.0,219000000.0,766500000.0,16273373654.0,8136686827.0,28478403894.0
Ria de Aveiro — Cacia–Estarreja (km 265–275),railway,SSP5-8.5,+Geoid,2086,0.982,0.0033,365.0,True,438000000.0,219000000.0,766500000.0,16711373654.0,8355686827.0,29244903894.0
Ria de Aveiro — Cacia–Estarreja (km 265–275),railway,SSP5-8.5,+Geoid,2087,0.994,0.0031,365.0,True,438000000.0,219000000.0,766500000.0,17149373654.0,8574686827.0,30011403894.0
Ria de Aveiro — Cacia–Estarreja (km 265–275),railway,SSP5-8.5,+Geoid,2088,1.006,0.0028,365.0,True,438000000.0,219000000.0,766500000.0,17587373654.0,8793686827.0,30777903894.0
Ria de Aveiro — Cacia–Estarreja (km 265–275),railway,SSP5-8.5,+Geoid,2089,1.018,0.0026,365.0,True,438000000.0,219000000.0,766500000.0,18025373654.0,9012686827.0,31544403894.0
Ria de Aveiro — Cacia–Estarreja (km 265–275),railway,SSP5-8.5,+Geoid,2090,1.03,0.0024,365.0,True,438000000.0,219000000.0,766500000.0,18463373654.0,9231686827.0,32310903894.0
Ria de Aveiro — Cacia–Estarreja (km 265–275),railway,SSP5-8.5,+Geoid,2091,1.042,0.0022,365.0,True,438000000.0,219000000.0,766500000.0,18901373654.0,9450686827.0,33077403894.0
Ria de Aveiro — Cacia–Estarreja (km 265–275),railway,SSP5-8.5,+Geoid,2092,1.054,0.002,365.0,True,438000000.0,219000000.0,766500000.0,19339373654.0,9669686827.0,33843903894.0
Ria de Aveiro — Cacia–Estarreja (km 265–275),railway,SSP5-8.5,+Geoid,2093,1.066,0.0019,365.0,True,438000000.0,219000000.0,766500000.0,19777373654.0,9888686827.0,34610403894.0
Ria de Aveiro — Cacia–Estarreja (km 265–275),railway,SSP5-8.5,+Geoid,2094,1.078,0.0017,365.0,True,438000000.0,219000000.0,766500000.0,20215373654.0,10107686827.0,35376903894.0
Ria de Aveiro — Cacia–Estarreja (km 265–275),railway,SSP5-8.5,+Geoid,2095,1.09,0.0016,365.0,True,438000000.0,219000000.0,766500000.0,20653373654.0,10326686827.0,36143403894.0
Ria de Aveiro — Cacia–Estarreja (km 265–275),railway,SSP5-8.5,+Geoid,2096,1.102,0.0014,365.0,True,438000000.0,219000000.0,766500000.0,21091373654.0,10545686827.0,36909903894.0
Ria de Aveiro — Cacia–Estarreja (km 265–275),railway,SSP5-8.5,+Geoid,2097,1.114,0.0013,365.0,True,438000000.0,219000000.0,766500000.0,21529373654.0,10764686827.0,37676403894.0
Ria de Aveiro — Cacia–Estarreja (km 265–275),railway,SSP5-8.5,+Geoid,2098,1.126,0.0012,365.0,True,438000000.0,219000000.0,766500000.0,21967373654.0,10983686827.0,38442903894.0
Ria de Aveiro — Cacia–Estarreja (km 265–275),railway,SSP5-8.5,+Geoid,2099,1.138,0.0011,365.0,True,438000000.0,219000000.0,766500000.0,22405373654.0,11202686827.0,39209403894.0
Ria de Aveiro — Cacia–Estarreja (km 265–275),railway,SSP5-8.5,+Geoid,2100,1.15,0.001,365.0,True,438000000.0,219000000.0,766500000.0,22843373654.0,11421686827.0,39975903894.0
