lat,lon,elev_m,flood_zone
39.006478,-8.965915,1.806,"Carregado / Azambuja (events: 2022, 2026)"
39.006489,-8.965464,2.129,"Carregado / Azambuja (events: 2022, 2026)"
39.00669,-8.965819,2.359,"Carregado / Azambuja (events: 2022, 2026)"
39.006277,-8.96556,2.399,"Carregado / Azambuja (events: 2022, 2026)"
39.006266,-8.966012,2.502,"Carregado / Azambuja (events: 2022, 2026)"
39.041522,-8.949786,2.614,"Carregado / Azambuja (events: 2022, 2026)"
39.041731,-8.94968,2.675,"Carregado / Azambuja (events: 2022, 2026)"
39.041493,-8.949649,2.688,"Carregado / Azambuja (events: 2022, 2026)"
39.006701,-8.965369,2.7,"Carregado / Azambuja (events: 2022, 2026)"
39.041705,-8.949553,2.707,"Carregado / Azambuja (events: 2022, 2026)"
39.041673,-8.949925,2.743,"Carregado / Azambuja (events: 2022, 2026)"
39.041885,-8.949829,2.817,"Carregado / Azambuja (events: 2022, 2026)"
39.041461,-8.950021,2.861,"Carregado / Azambuja (events: 2022, 2026)"
39.041281,-8.949745,2.904,"Carregado / Azambuja (events: 2022, 2026)"
39.006409,-8.966527,2.913,"Carregado / Azambuja (events: 2022, 2026)"
39.04194,-8.949574,2.928,"Carregado / Azambuja (events: 2022, 2026)"
39.006455,-8.966505,2.937,"Carregado / Azambuja (events: 2022, 2026)"
39.041313,-8.949892,2.94,"Carregado / Azambuja (events: 2022, 2026)"
39.006233,-8.96655,2.979,"Carregado / Azambuja (events: 2022, 2026)"
39.001336,-8.967167,2.979,"Carregado / Azambuja (events: 2022, 2026)"
39.041917,-8.949457,3.026,"Carregado / Azambuja (events: 2022, 2026)"
39.006187,-8.966572,3.039,"Carregado / Azambuja (events: 2022, 2026)"
39.00156,-8.967146,3.066,"Carregado / Azambuja (events: 2022, 2026)"
39.042097,-8.949732,3.105,"Carregado / Azambuja (events: 2022, 2026)"
39.023461,-8.957796,3.13,"Carregado / Azambuja (events: 2022, 2026)"
39.006387,-8.966741,3.184,"Carregado / Azambuja (events: 2022, 2026)"
39.01052,-8.963643,3.185,"Carregado / Azambuja (events: 2022, 2026)"
39.006363,-8.966741,3.187,"Carregado / Azambuja (events: 2022, 2026)"
39.043793,-8.948962,3.188,"Carregado / Azambuja (events: 2022, 2026)"
39.001112,-8.967187,3.199,"Carregado / Azambuja (events: 2022, 2026)"
39.006324,-8.966757,3.212,"Carregado / Azambuja (events: 2022, 2026)"
39.001288,-8.967271,3.22,"Carregado / Azambuja (events: 2022, 2026)"
39.001513,-8.967293,3.229,"Carregado / Azambuja (events: 2022, 2026)"
39.006309,-8.966779,3.241,"Carregado / Azambuja (events: 2022, 2026)"
39.006163,-8.966758,3.243,"Carregado / Azambuja (events: 2022, 2026)"
39.041249,-8.950118,3.29,"Carregado / Azambuja (events: 2022, 2026)"
39.001464,-8.967351,3.291,"Carregado / Azambuja (events: 2022, 2026)"
39.006139,-8.966758,3.304,"Carregado / Azambuja (events: 2022, 2026)"
39.010732,-8.963547,3.308,"Carregado / Azambuja (events: 2022, 2026)"
39.001401,-8.96738,3.313,"Carregado / Azambuja (events: 2022, 2026)"
39.044005,-8.948866,3.316,"Carregado / Azambuja (events: 2022, 2026)"
39.04215,-8.949468,3.323,"Carregado / Azambuja (events: 2022, 2026)"
39.001422,-8.967386,3.33,"Carregado / Azambuja (events: 2022, 2026)"
39.006394,-8.966829,3.361,"Carregado / Azambuja (events: 2022, 2026)"
39.00617,-8.966853,3.376,"Carregado / Azambuja (events: 2022, 2026)"
39.041069,-8.94984,3.376,"Carregado / Azambuja (events: 2022, 2026)"
39.023249,-8.957892,3.383,"Carregado / Azambuja (events: 2022, 2026)"
39.04213,-8.949361,3.39,"Carregado / Azambuja (events: 2022, 2026)"
39.041104,-8.949999,3.391,"Carregado / Azambuja (events: 2022, 2026)"
39.006902,-8.965723,3.397,"Carregado / Azambuja (events: 2022, 2026)"
39.001625,-8.967361,3.412,"Carregado / Azambuja (events: 2022, 2026)"
39.006278,-8.966919,3.413,"Carregado / Azambuja (events: 2022, 2026)"
39.006065,-8.965656,3.417,"Carregado / Azambuja (events: 2022, 2026)"
39.006099,-8.966775,3.442,"Carregado / Azambuja (events: 2022, 2026)"
39.001064,-8.96725,3.443,"Carregado / Azambuja (events: 2022, 2026)"
39.001647,-8.967368,3.448,"Carregado / Azambuja (events: 2022, 2026)"
39.010308,-8.963739,3.455,"Carregado / Azambuja (events: 2022, 2026)"
39.009234,-8.964663,3.461,"Carregado / Azambuja (events: 2022, 2026)"
39.006338,-8.966992,3.463,"Carregado / Azambuja (events: 2022, 2026)"
39.001688,-8.967327,3.464,"Carregado / Azambuja (events: 2022, 2026)"
39.042309,-8.949636,3.475,"Carregado / Azambuja (events: 2022, 2026)"
39.044021,-8.949469,3.484,"Carregado / Azambuja (events: 2022, 2026)"
39.009247,-8.964218,3.495,"Carregado / Azambuja (events: 2022, 2026)"
39.006308,-8.967014,3.499,"Carregado / Azambuja (events: 2022, 2026)"
39.006085,-8.966795,3.503,"Carregado / Azambuja (events: 2022, 2026)"
39.009035,-8.964314,3.504,"Carregado / Azambuja (events: 2022, 2026)"
39.006359,-8.966987,3.512,"Carregado / Azambuja (events: 2022, 2026)"
39.00124,-8.967375,3.515,"Carregado / Azambuja (events: 2022, 2026)"
39.001737,-8.967315,3.535,"Carregado / Azambuja (events: 2022, 2026)"
39.023673,-8.9577,3.536,"Carregado / Azambuja (events: 2022, 2026)"
39.000887,-8.967207,3.564,"Carregado / Azambuja (events: 2022, 2026)"
39.001784,-8.967126,3.587,"Carregado / Azambuja (events: 2022, 2026)"
39.009446,-8.964567,3.592,"Carregado / Azambuja (events: 2022, 2026)"
39.006286,-8.967101,3.597,"Carregado / Azambuja (events: 2022, 2026)"
39.006134,-8.967005,3.604,"Carregado / Azambuja (events: 2022, 2026)"
39.043581,-8.949058,3.615,"Carregado / Azambuja (events: 2022, 2026)"
39.006113,-8.96701,3.627,"Carregado / Azambuja (events: 2022, 2026)"
39.009459,-8.964123,3.639,"Carregado / Azambuja (events: 2022, 2026)"
39.009022,-8.964759,3.643,"Carregado / Azambuja (events: 2022, 2026)"
39.006631,-8.966482,3.644,"Carregado / Azambuja (events: 2022, 2026)"
39.006913,-8.965273,3.677,"Carregado / Azambuja (events: 2022, 2026)"
39.006011,-8.966596,3.679,"Carregado / Azambuja (events: 2022, 2026)"
39.006054,-8.966108,3.682,"Carregado / Azambuja (events: 2022, 2026)"
38.984008,-8.972694,3.682,"Carregado / Azambuja (events: 2022, 2026)"
39.044229,-8.949358,3.685,"Carregado / Azambuja (events: 2022, 2026)"
39.00084,-8.967228,3.697,"Carregado / Azambuja (events: 2022, 2026)"
39.042359,-8.949361,3.698,"Carregado / Azambuja (events: 2022, 2026)"
39.010095,-8.963835,3.699,"Carregado / Azambuja (events: 2022, 2026)"
39.006053,-8.966927,3.702,"Carregado / Azambuja (events: 2022, 2026)"
39.006084,-8.967024,3.712,"Carregado / Azambuja (events: 2022, 2026)"
39.001198,-8.967404,3.715,"Carregado / Azambuja (events: 2022, 2026)"
39.010944,-8.963452,3.731,"Carregado / Azambuja (events: 2022, 2026)"
39.044217,-8.948769,3.732,"Carregado / Azambuja (events: 2022, 2026)"
39.001176,-8.9674,3.735,"Carregado / Azambuja (events: 2022, 2026)"
39.042342,-8.949265,3.743,"Carregado / Azambuja (events: 2022, 2026)"
39.006533,-8.966751,3.762,"Carregado / Azambuja (events: 2022, 2026)"
39.001849,-8.967341,3.78,"Carregado / Azambuja (events: 2022, 2026)"
38.983951,-8.972537,3.793,"Carregado / Azambuja (events: 2022, 2026)"
39.006548,-8.966739,3.8,"Carregado / Azambuja (events: 2022, 2026)"
39.040857,-8.949936,3.802,"Carregado / Azambuja (events: 2022, 2026)"
39.006677,-8.966459,3.807,"Carregado / Azambuja (events: 2022, 2026)"
39.005965,-8.966617,3.822,"Carregado / Azambuja (events: 2022, 2026)"
39.001871,-8.96735,3.833,"Carregado / Azambuja (events: 2022, 2026)"
39.009671,-8.964027,3.844,"Carregado / Azambuja (events: 2022, 2026)"
39.009658,-8.96447,3.85,"Carregado / Azambuja (events: 2022, 2026)"
39.041037,-8.950214,3.857,"Carregado / Azambuja (events: 2022, 2026)"
39.043814,-8.949581,3.861,"Carregado / Azambuja (events: 2022, 2026)"
39.001912,-8.967304,3.865,"Carregado / Azambuja (events: 2022, 2026)"
39.039796,-8.950416,3.866,"Carregado / Azambuja (events: 2022, 2026)"
39.009883,-8.963931,3.87,"Carregado / Azambuja (events: 2022, 2026)"
39.040008,-8.95032,3.888,"Carregado / Azambuja (events: 2022, 2026)"
39.00579,-8.969396,3.902,"Carregado / Azambuja (events: 2022, 2026)"
39.006007,-8.969323,3.905,"Carregado / Azambuja (events: 2022, 2026)"
38.983797,-8.972794,3.91,"Carregado / Azambuja (events: 2022, 2026)"
39.042521,-8.94954,3.916,"Carregado / Azambuja (events: 2022, 2026)"
39.006502,-8.966911,3.92,"Carregado / Azambuja (events: 2022, 2026)"
39.005938,-8.966775,3.929,"Carregado / Azambuja (events: 2022, 2026)"
39.006587,-8.966724,3.932,"Carregado / Azambuja (events: 2022, 2026)"
39.000682,-8.967226,3.934,"Carregado / Azambuja (events: 2022, 2026)"
39.040895,-8.950105,3.938,"Carregado / Azambuja (events: 2022, 2026)"
39.006073,-8.967191,3.946,"Carregado / Azambuja (events: 2022, 2026)"
39.008823,-8.96441,3.946,"Carregado / Azambuja (events: 2022, 2026)"
39.023885,-8.957605,3.952,"Carregado / Azambuja (events: 2022, 2026)"
39.011443,-8.967482,3.956,"Carregado / Azambuja (events: 2022, 2026)"
38.98374,-8.972636,3.958,"Carregado / Azambuja (events: 2022, 2026)"
39.005945,-8.966876,3.961,"Carregado / Azambuja (events: 2022, 2026)"
39.005914,-8.966775,3.988,"Carregado / Azambuja (events: 2022, 2026)"
39.043614,-8.948724,3.989,"Carregado / Azambuja (events: 2022, 2026)"
39.04022,-8.950224,3.99,"Carregado / Azambuja (events: 2022, 2026)"
39.001961,-8.967333,4.0,"Carregado / Azambuja (events: 2022, 2026)"
39.006612,-8.966725,4.033,"Carregado / Azambuja (events: 2022, 2026)"
39.001016,-8.967398,4.034,"Carregado / Azambuja (events: 2022, 2026)"
39.043404,-8.94883,4.035,"Carregado / Azambuja (events: 2022, 2026)"
39.00987,-8.964374,4.045,"Carregado / Azambuja (events: 2022, 2026)"
39.00881,-8.964856,4.046,"Carregado / Azambuja (events: 2022, 2026)"
39.043369,-8.949154,4.056,"Carregado / Azambuja (events: 2022, 2026)"
39.039584,-8.950511,4.056,"Carregado / Azambuja (events: 2022, 2026)"
39.040645,-8.950032,4.056,"Carregado / Azambuja (events: 2022, 2026)"
39.005875,-8.966792,4.059,"Carregado / Azambuja (events: 2022, 2026)"
39.043823,-8.948618,4.061,"Carregado / Azambuja (events: 2022, 2026)"
39.043615,-8.94869,4.062,"Carregado / Azambuja (events: 2022, 2026)"
39.042554,-8.949169,4.064,"Carregado / Azambuja (events: 2022, 2026)"
39.00637,-8.967352,4.065,"Carregado / Azambuja (events: 2022, 2026)"
39.0065,-8.967011,4.068,"Carregado / Azambuja (events: 2022, 2026)"
39.040432,-8.950128,4.069,"Carregado / Azambuja (events: 2022, 2026)"
39.042568,-8.949255,4.07,"Carregado / Azambuja (events: 2022, 2026)"
39.005789,-8.966642,4.084,"Carregado / Azambuja (events: 2022, 2026)"
39.00586,-8.966809,4.092,"Carregado / Azambuja (events: 2022, 2026)"
39.006152,-8.967423,4.094,"Carregado / Azambuja (events: 2022, 2026)"
39.001822,-8.967573,4.111,"Carregado / Azambuja (events: 2022, 2026)"
39.043402,-8.948786,4.12,"Carregado / Azambuja (events: 2022, 2026)"
39.010294,-8.964181,4.123,"Carregado / Azambuja (events: 2022, 2026)"
39.012661,-8.96444,4.13,"Carregado / Azambuja (events: 2022, 2026)"
39.011661,-8.967409,4.131,"Carregado / Azambuja (events: 2022, 2026)"
39.043827,-8.948594,4.147,"Carregado / Azambuja (events: 2022, 2026)"
39.002009,-8.967106,4.152,"Carregado / Azambuja (events: 2022, 2026)"
39.010082,-8.964278,4.155,"Carregado / Azambuja (events: 2022, 2026)"
39.00591,-8.967023,4.161,"Carregado / Azambuja (events: 2022, 2026)"
39.024097,-8.957509,4.166,"Carregado / Azambuja (events: 2022, 2026)"
39.005743,-8.966662,4.167,"Carregado / Azambuja (events: 2022, 2026)"
38.984162,-8.972437,4.168,"Carregado / Azambuja (events: 2022, 2026)"
38.984219,-8.972594,4.168,"Carregado / Azambuja (events: 2022, 2026)"
39.011156,-8.963356,4.187,"Carregado / Azambuja (events: 2022, 2026)"
39.040058,-8.950529,4.192,"Carregado / Azambuja (events: 2022, 2026)"
39.000973,-8.967422,4.193,"Carregado / Azambuja (events: 2022, 2026)"
39.023651,-8.958113,4.194,"Carregado / Azambuja (events: 2022, 2026)"
39.011226,-8.967556,4.196,"Carregado / Azambuja (events: 2022, 2026)"
39.006618,-8.966805,4.209,"Carregado / Azambuja (events: 2022, 2026)"
39.005842,-8.966204,4.214,"Carregado / Azambuja (events: 2022, 2026)"
39.000952,-8.967419,4.217,"Carregado / Azambuja (events: 2022, 2026)"
39.005889,-8.967027,4.218,"Carregado / Azambuja (events: 2022, 2026)"
39.04319,-8.948882,4.224,"Carregado / Azambuja (events: 2022, 2026)"
39.043195,-8.948937,4.226,"Carregado / Azambuja (events: 2022, 2026)"
39.005828,-8.966935,4.232,"Carregado / Azambuja (events: 2022, 2026)"
39.01287,-8.964334,4.236,"Carregado / Azambuja (events: 2022, 2026)"
39.010506,-8.964085,4.239,"Carregado / Azambuja (events: 2022, 2026)"
39.013835,-8.966673,4.239,"Carregado / Azambuja (events: 2022, 2026)"
39.002074,-8.967323,4.241,"Carregado / Azambuja (events: 2022, 2026)"
39.012893,-8.96518,4.242,"Carregado / Azambuja (events: 2022, 2026)"
39.039849,-8.950636,4.244,"Carregado / Azambuja (events: 2022, 2026)"
39.040686,-8.950211,4.246,"Carregado / Azambuja (events: 2022, 2026)"
39.006562,-8.966975,4.247,"Carregado / Azambuja (events: 2022, 2026)"
39.009921,-8.967998,4.251,"Carregado / Azambuja (events: 2022, 2026)"
39.042766,-8.949074,4.254,"Carregado / Azambuja (events: 2022, 2026)"
39.002034,-8.967477,4.264,"Carregado / Azambuja (events: 2022, 2026)"
39.000606,-8.967291,4.265,"Carregado / Azambuja (events: 2022, 2026)"
39.042978,-8.948978,4.268,"Carregado / Azambuja (events: 2022, 2026)"
39.040267,-8.950423,4.273,"Carregado / Azambuja (events: 2022, 2026)"
39.042986,-8.949043,4.278,"Carregado / Azambuja (events: 2022, 2026)"
39.013272,-8.966434,4.279,"Carregado / Azambuja (events: 2022, 2026)"
39.044436,-8.949247,4.283,"Carregado / Azambuja (events: 2022, 2026)"
39.005859,-8.967035,4.289,"Carregado / Azambuja (events: 2022, 2026)"
39.007114,-8.965626,4.294,"Carregado / Azambuja (events: 2022, 2026)"
39.024309,-8.957413,4.295,"Carregado / Azambuja (events: 2022, 2026)"
39.002095,-8.967332,4.298,"Carregado / Azambuja (events: 2022, 2026)"
39.013617,-8.966746,4.299,"Carregado / Azambuja (events: 2022, 2026)"
39.040825,-8.95031,4.299,"Carregado / Azambuja (events: 2022, 2026)"
39.0134,-8.96682,4.299,"Carregado / Azambuja (events: 2022, 2026)"
39.005714,-8.966792,4.299,"Carregado / Azambuja (events: 2022, 2026)"
39.042777,-8.949149,4.304,"Carregado / Azambuja (events: 2022, 2026)"
39.013095,-8.965717,4.312,"Carregado / Azambuja (events: 2022, 2026)"
39.005853,-8.965752,4.313,"Carregado / Azambuja (events: 2022, 2026)"
39.013315,-8.966423,4.318,"Carregado / Azambuja (events: 2022, 2026)"
39.040476,-8.950317,4.32,"Carregado / Azambuja (events: 2022, 2026)"
39.006583,-8.966969,4.324,"Carregado / Azambuja (events: 2022, 2026)"
39.010139,-8.967924,4.326,"Carregado / Azambuja (events: 2022, 2026)"
39.024521,-8.957317,4.332,"Carregado / Azambuja (events: 2022, 2026)"
39.00569,-8.966792,4.335,"Carregado / Azambuja (events: 2022, 2026)"
39.013305,-8.9664,4.338,"Carregado / Azambuja (events: 2022, 2026)"
39.023863,-8.958017,4.355,"Carregado / Azambuja (events: 2022, 2026)"
39.013189,-8.966232,4.355,"Carregado / Azambuja (events: 2022, 2026)"
39.013268,-8.966311,4.36,"Carregado / Azambuja (events: 2022, 2026)"
39.005721,-8.9669,4.364,"Carregado / Azambuja (events: 2022, 2026)"
39.012217,-8.962876,4.372,"Carregado / Azambuja (events: 2022, 2026)"
39.012005,-8.962972,4.378,"Carregado / Azambuja (events: 2022, 2026)"
39.042733,-8.949443,4.381,"Carregado / Azambuja (events: 2022, 2026)"
39.044429,-8.948673,4.382,"Carregado / Azambuja (events: 2022, 2026)"
39.000792,-8.967422,4.383,"Carregado / Azambuja (events: 2022, 2026)"
39.009682,-8.96673,4.383,"Carregado / Azambuja (events: 2022, 2026)"
39.01285,-8.965224,4.385,"Carregado / Azambuja (events: 2022, 2026)"
39.006225,-8.969249,4.388,"Carregado / Azambuja (events: 2022, 2026)"
39.039372,-8.950607,4.39,"Carregado / Azambuja (events: 2022, 2026)"
39.039977,-8.950696,4.391,"Carregado / Azambuja (events: 2022, 2026)"
39.023439,-8.958209,4.395,"Carregado / Azambuja (events: 2022, 2026)"
39.006386,-8.967626,4.397,"Carregado / Azambuja (events: 2022, 2026)"
39.005651,-8.96681,4.398,"Carregado / Azambuja (events: 2022, 2026)"
39.002136,-8.96728,4.401,"Carregado / Azambuja (events: 2022, 2026)"
39.00563,-8.966301,4.404,"Carregado / Azambuja (events: 2022, 2026)"
39.009725,-8.966715,4.406,"Carregado / Azambuja (events: 2022, 2026)"
39.006177,-8.967732,4.414,"Carregado / Azambuja (events: 2022, 2026)"
39.038523,-8.950991,4.42,"Carregado / Azambuja (events: 2022, 2026)"
39.038311,-8.951087,4.423,"Carregado / Azambuja (events: 2022, 2026)"
39.005636,-8.966823,4.424,"Carregado / Azambuja (events: 2022, 2026)"
39.005567,-8.966687,4.427,"Carregado / Azambuja (events: 2022, 2026)"
39.009704,-8.968071,4.43,"Carregado / Azambuja (events: 2022, 2026)"
39.009577,-8.966682,4.431,"Carregado / Azambuja (events: 2022, 2026)"
39.0095,-8.966733,4.433,"Carregado / Azambuja (events: 2022, 2026)"
39.013193,-8.96614,4.434,"Carregado / Azambuja (events: 2022, 2026)"
39.040189,-8.950599,4.44,"Carregado / Azambuja (events: 2022, 2026)"
39.013337,-8.966345,4.443,"Carregado / Azambuja (events: 2022, 2026)"
39.009458,-8.966747,4.444,"Carregado / Azambuja (events: 2022, 2026)"
39.023036,-8.957988,4.449,"Carregado / Azambuja (events: 2022, 2026)"
39.044032,-8.948512,4.459,"Carregado / Azambuja (events: 2022, 2026)"
39.009776,-8.966643,4.465,"Carregado / Azambuja (events: 2022, 2026)"
39.000458,-8.967245,4.466,"Carregado / Azambuja (events: 2022, 2026)"
39.00161,-8.967669,4.467,"Carregado / Azambuja (events: 2022, 2026)"
39.03964,-8.950742,4.47,"Carregado / Azambuja (events: 2022, 2026)"
39.024075,-8.95792,4.474,"Carregado / Azambuja (events: 2022, 2026)"
39.000749,-8.96744,4.474,"Carregado / Azambuja (events: 2022, 2026)"
39.009551,-8.966637,4.477,"Carregado / Azambuja (events: 2022, 2026)"
39.000728,-8.967439,4.484,"Carregado / Azambuja (events: 2022, 2026)"
39.009797,-8.966622,4.484,"Carregado / Azambuja (events: 2022, 2026)"
39.012202,-8.963315,4.492,"Carregado / Azambuja (events: 2022, 2026)"
39.040613,-8.950407,4.493,"Carregado / Azambuja (events: 2022, 2026)"
39.005521,-8.966707,4.496,"Carregado / Azambuja (events: 2022, 2026)"
39.040401,-8.950503,4.501,"Carregado / Azambuja (events: 2022, 2026)"
39.002186,-8.967329,4.503,"Carregado / Azambuja (events: 2022, 2026)"
39.006611,-8.966995,4.505,"Carregado / Azambuja (events: 2022, 2026)"
39.044039,-8.948498,4.51,"Carregado / Azambuja (events: 2022, 2026)"
39.024711,-8.957631,4.513,"Carregado / Azambuja (events: 2022, 2026)"
39.005859,-8.967281,4.519,"Carregado / Azambuja (events: 2022, 2026)"
39.013133,-8.966356,4.521,"Carregado / Azambuja (events: 2022, 2026)"
39.013321,-8.966213,4.522,"Carregado / Azambuja (events: 2022, 2026)"
39.024287,-8.957824,4.526,"Carregado / Azambuja (events: 2022, 2026)"
39.024499,-8.957728,4.526,"Carregado / Azambuja (events: 2022, 2026)"
39.039765,-8.950792,4.527,"Carregado / Azambuja (events: 2022, 2026)"
39.009907,-8.966713,4.532,"Carregado / Azambuja (events: 2022, 2026)"
39.009675,-8.96652,4.532,"Carregado / Azambuja (events: 2022, 2026)"
39.013351,-8.966288,4.537,"Carregado / Azambuja (events: 2022, 2026)"
39.024734,-8.957221,4.541,"Carregado / Azambuja (events: 2022, 2026)"
39.009357,-8.966743,4.543,"Carregado / Azambuja (events: 2022, 2026)"
39.011368,-8.96326,4.545,"Carregado / Azambuja (events: 2022, 2026)"
39.013079,-8.964228,4.55,"Carregado / Azambuja (events: 2022, 2026)"
38.983586,-8.972893,4.556,"Carregado / Azambuja (events: 2022, 2026)"
39.013072,-8.965179,4.56,"Carregado / Azambuja (events: 2022, 2026)"
39.005686,-8.967041,4.56,"Carregado / Azambuja (events: 2022, 2026)"
39.010718,-8.963989,4.561,"Carregado / Azambuja (events: 2022, 2026)"
39.013496,-8.966415,4.567,"Carregado / Azambuja (events: 2022, 2026)"
39.005603,-8.966943,4.567,"Carregado / Azambuja (events: 2022, 2026)"
39.007125,-8.965177,4.569,"Carregado / Azambuja (events: 2022, 2026)"
39.005934,-8.967494,4.574,"Carregado / Azambuja (events: 2022, 2026)"
39.009742,-8.966516,4.574,"Carregado / Azambuja (events: 2022, 2026)"
39.00969,-8.96649,4.574,"Carregado / Azambuja (events: 2022, 2026)"
39.009518,-8.966527,4.576,"Carregado / Azambuja (events: 2022, 2026)"
39.005489,-8.966809,4.585,"Carregado / Azambuja (events: 2022, 2026)"
39.00861,-8.964506,4.586,"Carregado / Azambuja (events: 2022, 2026)"
39.013345,-8.966219,4.587,"Carregado / Azambuja (events: 2022, 2026)"
39.005418,-8.966397,4.589,"Carregado / Azambuja (events: 2022, 2026)"
39.043157,-8.949251,4.591,"Carregado / Azambuja (events: 2022, 2026)"
39.070931,-8.936632,4.594,"Carregado / Azambuja (events: 2022, 2026)"
39.005664,-8.967045,4.596,"Carregado / Azambuja (events: 2022, 2026)"
39.009529,-8.966506,4.597,"Carregado / Azambuja (events: 2022, 2026)"
39.009551,-8.966497,4.6,"Carregado / Azambuja (events: 2022, 2026)"
39.009531,-8.966502,4.601,"Carregado / Azambuja (events: 2022, 2026)"
39.00973,-8.966485,4.603,"Carregado / Azambuja (events: 2022, 2026)"
39.041739,-8.950694,4.603,"Carregado / Azambuja (events: 2022, 2026)"
39.00945,-8.966534,4.605,"Carregado / Azambuja (events: 2022, 2026)"
39.010356,-8.96785,4.608,"Carregado / Azambuja (events: 2022, 2026)"
39.013105,-8.96585,4.609,"Carregado / Azambuja (events: 2022, 2026)"
39.009505,-8.966503,4.61,"Carregado / Azambuja (events: 2022, 2026)"
39.005465,-8.966809,4.612,"Carregado / Azambuja (events: 2022, 2026)"
39.009754,-8.966489,4.614,"Carregado / Azambuja (events: 2022, 2026)"
39.011008,-8.96763,4.615,"Carregado / Azambuja (events: 2022, 2026)"
38.983529,-8.972736,4.617,"Carregado / Azambuja (events: 2022, 2026)"
39.009465,-8.966508,4.618,"Carregado / Azambuja (events: 2022, 2026)"
39.009755,-8.966485,4.619,"Carregado / Azambuja (events: 2022, 2026)"
39.011793,-8.963068,4.622,"Carregado / Azambuja (events: 2022, 2026)"
39.009949,-8.966697,4.624,"Carregado / Azambuja (events: 2022, 2026)"
39.013112,-8.966356,4.625,"Carregado / Azambuja (events: 2022, 2026)"
39.009776,-8.966482,4.636,"Carregado / Azambuja (events: 2022, 2026)"
39.01353,-8.966401,4.642,"Carregado / Azambuja (events: 2022, 2026)"
39.002246,-8.967382,4.643,"Carregado / Azambuja (events: 2022, 2026)"
39.005634,-8.96705,4.645,"Carregado / Azambuja (events: 2022, 2026)"
39.00564,-8.965848,4.647,"Carregado / Azambuja (events: 2022, 2026)"
39.013539,-8.966404,4.649,"Carregado / Azambuja (events: 2022, 2026)"
39.005426,-8.966828,4.663,"Carregado / Azambuja (events: 2022, 2026)"
39.071143,-8.936536,4.663,"Carregado / Azambuja (events: 2022, 2026)"
39.005497,-8.966924,4.665,"Carregado / Azambuja (events: 2022, 2026)"
39.009276,-8.966751,4.666,"Carregado / Azambuja (events: 2022, 2026)"
39.006645,-8.966993,4.671,"Carregado / Azambuja (events: 2022, 2026)"
39.013115,-8.965135,4.675,"Carregado / Azambuja (events: 2022, 2026)"
39.024582,-8.958387,4.68,"Carregado / Azambuja (events: 2022, 2026)"
39.002238,-8.967842,4.68,"Carregado / Azambuja (events: 2022, 2026)"
39.0099,-8.966507,4.682,"Carregado / Azambuja (events: 2022, 2026)"
39.041946,-8.950583,4.682,"Carregado / Azambuja (events: 2022, 2026)"
39.009326,-8.966631,4.682,"Carregado / Azambuja (events: 2022, 2026)"
39.005411,-8.966837,4.682,"Carregado / Azambuja (events: 2022, 2026)"
39.006853,-8.966437,4.683,"Carregado / Azambuja (events: 2022, 2026)"
39.03916,-8.950703,4.685,"Carregado / Azambuja (events: 2022, 2026)"
39.005345,-8.966733,4.687,"Carregado / Azambuja (events: 2022, 2026)"
39.002233,-8.967086,4.688,"Carregado / Azambuja (events: 2022, 2026)"
39.013183,-8.966893,4.692,"Carregado / Azambuja (events: 2022, 2026)"
39.009255,-8.966763,4.692,"Carregado / Azambuja (events: 2022, 2026)"
39.041531,-8.950806,4.692,"Carregado / Azambuja (events: 2022, 2026)"
39.042945,-8.949347,4.697,"Carregado / Azambuja (events: 2022, 2026)"
39.071194,-8.936229,4.698,"Carregado / Azambuja (events: 2022, 2026)"
39.01309,-8.966442,4.699,"Carregado / Azambuja (events: 2022, 2026)"
38.985428,-8.971839,4.699,"Carregado / Azambuja (events: 2022, 2026)"
39.008598,-8.964952,4.706,"Carregado / Azambuja (events: 2022, 2026)"
39.038735,-8.950895,4.709,"Carregado / Azambuja (events: 2022, 2026)"
39.043606,-8.949692,4.71,"Carregado / Azambuja (events: 2022, 2026)"
39.024373,-8.958494,4.71,"Carregado / Azambuja (events: 2022, 2026)"
39.038099,-8.951182,4.712,"Carregado / Azambuja (events: 2022, 2026)"
39.006588,-8.967281,4.713,"Carregado / Azambuja (events: 2022, 2026)"
39.013121,-8.966236,4.715,"Carregado / Azambuja (events: 2022, 2026)"
39.005299,-8.966752,4.732,"Carregado / Azambuja (events: 2022, 2026)"
39.009914,-8.966472,4.736,"Carregado / Azambuja (events: 2022, 2026)"
39.042361,-8.95036,4.741,"Carregado / Azambuja (events: 2022, 2026)"
39.011878,-8.967335,4.742,"Carregado / Azambuja (events: 2022, 2026)"
39.005573,-8.96947,4.746,"Carregado / Azambuja (events: 2022, 2026)"
39.042154,-8.950472,4.748,"Carregado / Azambuja (events: 2022, 2026)"
39.01308,-8.966398,4.75,"Carregado / Azambuja (events: 2022, 2026)"
39.000568,-8.967446,4.75,"Carregado / Azambuja (events: 2022, 2026)"
39.011581,-8.963164,4.751,"Carregado / Azambuja (events: 2022, 2026)"
39.010001,-8.96665,4.761,"Carregado / Azambuja (events: 2022, 2026)"
39.009327,-8.966512,4.77,"Carregado / Azambuja (events: 2022, 2026)"
39.002298,-8.967305,4.771,"Carregado / Azambuja (events: 2022, 2026)"
39.005062,-8.967777,4.772,"Carregado / Azambuja (events: 2022, 2026)"
39.006442,-8.969176,4.777,"Carregado / Azambuja (events: 2022, 2026)"
39.009486,-8.968145,4.778,"Carregado / Azambuja (events: 2022, 2026)"
39.005206,-8.966493,4.779,"Carregado / Azambuja (events: 2022, 2026)"
39.009307,-8.966521,4.79,"Carregado / Azambuja (events: 2022, 2026)"
39.009305,-8.966522,4.791,"Carregado / Azambuja (events: 2022, 2026)"
39.005379,-8.966951,4.792,"Carregado / Azambuja (events: 2022, 2026)"
39.005265,-8.966826,4.793,"Carregado / Azambuja (events: 2022, 2026)"
39.009293,-8.966538,4.796,"Carregado / Azambuja (events: 2022, 2026)"
39.013493,-8.966298,4.798,"Carregado / Azambuja (events: 2022, 2026)"
39.013414,-8.966214,4.805,"Carregado / Azambuja (events: 2022, 2026)"
39.044641,-8.948577,4.808,"Carregado / Azambuja (events: 2022, 2026)"
39.013721,-8.966397,4.808,"Carregado / Azambuja (events: 2022, 2026)"
39.005241,-8.966826,4.811,"Carregado / Azambuja (events: 2022, 2026)"
39.024163,-8.9586,4.813,"Carregado / Azambuja (events: 2022, 2026)"
39.009967,-8.966506,4.814,"Carregado / Azambuja (events: 2022, 2026)"
39.005461,-8.967059,4.816,"Carregado / Azambuja (events: 2022, 2026)"
39.013562,-8.966335,4.816,"Carregado / Azambuja (events: 2022, 2026)"
39.006757,-8.966723,4.818,"Carregado / Azambuja (events: 2022, 2026)"
39.005968,-8.967838,4.819,"Carregado / Azambuja (events: 2022, 2026)"
39.00232,-8.967313,4.82,"Carregado / Azambuja (events: 2022, 2026)"
39.009954,-8.966468,4.821,"Carregado / Azambuja (events: 2022, 2026)"
39.009281,-8.96652,4.825,"Carregado / Azambuja (events: 2022, 2026)"
39.039553,-8.950888,4.833,"Carregado / Azambuja (events: 2022, 2026)"
39.010573,-8.967777,4.835,"Carregado / Azambuja (events: 2022, 2026)"
39.00544,-8.967062,4.836,"Carregado / Azambuja (events: 2022, 2026)"
39.024791,-8.958281,4.836,"Carregado / Azambuja (events: 2022, 2026)"
39.01093,-8.963892,4.836,"Carregado / Azambuja (events: 2022, 2026)"
39.013755,-8.966388,4.837,"Carregado / Azambuja (events: 2022, 2026)"
39.038947,-8.950799,4.839,"Carregado / Azambuja (events: 2022, 2026)"
39.006877,-8.969028,4.846,"Carregado / Azambuja (events: 2022, 2026)"
39.013096,-8.96623,4.85,"Carregado / Azambuja (events: 2022, 2026)"
39.039431,-8.950848,4.851,"Carregado / Azambuja (events: 2022, 2026)"
39.005202,-8.966846,4.851,"Carregado / Azambuja (events: 2022, 2026)"
39.000525,-8.967459,4.853,"Carregado / Azambuja (events: 2022, 2026)"
39.005428,-8.965944,4.855,"Carregado / Azambuja (events: 2022, 2026)"
39.006899,-8.966413,4.856,"Carregado / Azambuja (events: 2022, 2026)"
39.005273,-8.966948,4.856,"Carregado / Azambuja (events: 2022, 2026)"
39.006596,-8.967519,4.858,"Carregado / Azambuja (events: 2022, 2026)"
39.042569,-8.950249,4.858,"Carregado / Azambuja (events: 2022, 2026)"
39.00245,-8.967746,4.859,"Carregado / Azambuja (events: 2022, 2026)"
39.005646,-8.967371,4.862,"Carregado / Azambuja (events: 2022, 2026)"
39.00541,-8.967068,4.865,"Carregado / Azambuja (events: 2022, 2026)"
39.070719,-8.936728,4.867,"Carregado / Azambuja (events: 2022, 2026)"
39.005187,-8.966851,4.868,"Carregado / Azambuja (events: 2022, 2026)"
39.009978,-8.966472,4.871,"Carregado / Azambuja (events: 2022, 2026)"
39.010791,-8.967703,4.873,"Carregado / Azambuja (events: 2022, 2026)"
39.009241,-8.966526,4.874,"Carregado / Azambuja (events: 2022, 2026)"
39.010017,-8.966562,4.875,"Carregado / Azambuja (events: 2022, 2026)"
39.012429,-8.962781,4.878,"Carregado / Azambuja (events: 2022, 2026)"
39.009226,-8.966547,4.883,"Carregado / Azambuja (events: 2022, 2026)"
39.000503,-8.967458,4.885,"Carregado / Azambuja (events: 2022, 2026)"
39.00528,-8.967706,4.887,"Carregado / Azambuja (events: 2022, 2026)"
39.005716,-8.967565,4.891,"Carregado / Azambuja (events: 2022, 2026)"
39.00666,-8.969102,4.892,"Carregado / Azambuja (events: 2022, 2026)"
39.004845,-8.967848,4.894,"Carregado / Azambuja (events: 2022, 2026)"
39.007326,-8.96553,4.898,"Carregado / Azambuja (events: 2022, 2026)"
39.044241,-8.948406,4.898,"Carregado / Azambuja (events: 2022, 2026)"
39.005216,-8.96604,4.899,"Carregado / Azambuja (events: 2022, 2026)"
39.006773,-8.966721,4.902,"Carregado / Azambuja (events: 2022, 2026)"
39.005341,-8.968157,4.902,"Carregado / Azambuja (events: 2022, 2026)"
39.005123,-8.966779,4.903,"Carregado / Azambuja (events: 2022, 2026)"
39.013048,-8.966453,4.904,"Carregado / Azambuja (events: 2022, 2026)"
39.044644,-8.949135,4.907,"Carregado / Azambuja (events: 2022, 2026)"
39.009216,-8.966527,4.908,"Carregado / Azambuja (events: 2022, 2026)"
38.98564,-8.971739,4.908,"Carregado / Azambuja (events: 2022, 2026)"
39.044251,-8.948403,4.91,"Carregado / Azambuja (events: 2022, 2026)"
39.009215,-8.966526,4.91,"Carregado / Azambuja (events: 2022, 2026)"
38.984431,-8.972495,4.911,"Carregado / Azambuja (events: 2022, 2026)"
39.00236,-8.967256,4.915,"Carregado / Azambuja (events: 2022, 2026)"
39.002026,-8.967938,4.921,"Carregado / Azambuja (events: 2022, 2026)"
39.01,-8.966466,4.925,"Carregado / Azambuja (events: 2022, 2026)"
39.005005,-8.967642,4.926,"Carregado / Azambuja (events: 2022, 2026)"
39.014052,-8.966599,4.928,"Carregado / Azambuja (events: 2022, 2026)"
39.00555,-8.96805,4.935,"Carregado / Azambuja (events: 2022, 2026)"
39.000397,-8.967394,4.938,"Carregado / Azambuja (events: 2022, 2026)"
38.985486,-8.971996,4.94,"Carregado / Azambuja (events: 2022, 2026)"
39.005154,-8.966959,4.942,"Carregado / Azambuja (events: 2022, 2026)"
39.005237,-8.967078,4.943,"Carregado / Azambuja (events: 2022, 2026)"
39.005218,-8.967552,4.949,"Carregado / Azambuja (events: 2022, 2026)"
39.005215,-8.967079,4.949,"Carregado / Azambuja (events: 2022, 2026)"
39.009113,-8.966776,4.953,"Carregado / Azambuja (events: 2022, 2026)"
39.005077,-8.966797,4.955,"Carregado / Azambuja (events: 2022, 2026)"
39.005759,-8.967944,4.956,"Carregado / Azambuja (events: 2022, 2026)"
39.013758,-8.966341,4.956,"Carregado / Azambuja (events: 2022, 2026)"
39.005186,-8.967085,4.959,"Carregado / Azambuja (events: 2022, 2026)"
39.038385,-8.951379,4.966,"Carregado / Azambuja (events: 2022, 2026)"
39.024923,-8.957535,4.966,"Carregado / Azambuja (events: 2022, 2026)"
39.005498,-8.967636,4.976,"Carregado / Azambuja (events: 2022, 2026)"
39.012452,-8.964546,4.977,"Carregado / Azambuja (events: 2022, 2026)"
39.041324,-8.950917,4.977,"Carregado / Azambuja (events: 2022, 2026)"
39.007095,-8.968955,4.978,"Carregado / Azambuja (events: 2022, 2026)"
39.002411,-8.967324,4.98,"Carregado / Azambuja (events: 2022, 2026)"
39.041116,-8.951028,4.98,"Carregado / Azambuja (events: 2022, 2026)"
39.0131,-8.966061,4.985,"Carregado / Azambuja (events: 2022, 2026)"
39.005432,-8.967461,4.989,"Carregado / Azambuja (events: 2022, 2026)"
39.006727,-8.966903,4.994,"Carregado / Azambuja (events: 2022, 2026)"
