point_index,lat,lon,elevation_m,below_threshold
0,40.796987,-8.580362,23.348,False
1,40.79609,-8.580276,27.257,False
2,40.795193,-8.58019,28.529,False
3,40.794296,-8.580105,25.795,False
4,40.793399,-8.58002,20.584,False
5,40.792502,-8.579936,21.553,False
6,40.791605,-8.579851,27.468,False
7,40.790708,-8.579766,28.049,False
8,40.789811,-8.579682,28.069,False
9,40.788914,-8.579597,30.112,False
10,40.788017,-8.579514,30.071,False
11,40.78712,-8.579433,28.993,False
12,40.786223,-8.579347,27.707,False
13,40.785326,-8.579261,24.632,False
14,40.784429,-8.579175,24.113,False
15,40.783532,-8.579092,23.707,False
16,40.782635,-8.579007,22.464,False
17,40.781738,-8.578921,22.088,False
18,40.780841,-8.578836,22.237,False
19,40.779944,-8.578752,22.057,False
20,40.779047,-8.578668,21.292,False
21,40.77815,-8.578584,21.465,False
22,40.777253,-8.578499,21.247,False
23,40.776356,-8.578414,19.449,False
24,40.775459,-8.578329,20.239,False
25,40.774562,-8.578244,21.193,False
26,40.773665,-8.578158,22.549,False
27,40.772768,-8.57807,22.454,False
28,40.771871,-8.577982,19.645,False
29,40.770974,-8.577894,18.165,False
30,40.770077,-8.577806,17.476,False
31,40.76918,-8.577724,19.591,False
32,40.768283,-8.577645,20.981,False
33,40.767385,-8.577567,20.792,False
34,40.766488,-8.577484,20.253,False
35,40.765591,-8.577399,17.321,False
36,40.764694,-8.577314,16.569,False
37,40.763797,-8.577229,15.784,False
38,40.762901,-8.577138,16.663,False
39,40.762004,-8.577052,16.211,False
40,40.761106,-8.57697,14.784,False
41,40.760209,-8.576888,13.779,False
42,40.759312,-8.576805,13.034,False
43,40.758415,-8.576723,12.207,False
44,40.757518,-8.576638,11.969,False
45,40.756621,-8.576552,11.777,False
46,40.755724,-8.576466,9.857,False
47,40.754828,-8.57637,7.412,False
48,40.753934,-8.576238,6.484,False
49,40.753046,-8.576052,7.054,False
50,40.752166,-8.575809,6.941,False
51,40.751296,-8.575507,6.11,False
52,40.751888,-8.575649,7.055,False
53,40.752769,-8.575885,7.415,False
54,40.753651,-8.57612,6.753,False
55,40.754532,-8.576356,6.898,False
56,40.755414,-8.576591,8.932,False
57,40.756295,-8.576827,10.682,False
58,40.757177,-8.577062,11.246,False
59,40.758058,-8.577298,11.968,False
60,40.758939,-8.577533,13.433,False
61,40.759821,-8.577769,12.779,False
62,40.760702,-8.578004,13.914,False
63,40.761584,-8.57824,14.45,False
64,40.762465,-8.578475,16.049,False
65,40.763347,-8.578711,16.237,False
66,40.764228,-8.578946,16.251,False
67,40.76511,-8.579182,16.67,False
68,40.765991,-8.579417,15.209,False
69,40.766873,-8.579653,14.988,False
70,40.767754,-8.579888,16.381,False
71,40.768636,-8.580124,18.025,False
72,40.769517,-8.580359,21.111,False
73,40.770399,-8.580595,21.071,False
74,40.77128,-8.58083,21.749,False
75,40.772162,-8.581066,21.29,False
76,40.773043,-8.581301,19.944,False
77,40.773924,-8.581537,20.575,False
78,40.774806,-8.581772,23.467,False
79,40.775687,-8.582007,26.158,False
80,40.776569,-8.582243,24.046,False
81,40.77745,-8.582478,23.617,False
82,40.778332,-8.582714,22.598,False
83,40.779213,-8.582949,23.068,False
84,40.780095,-8.583185,28.92,False
85,40.780976,-8.58342,24.768,False
86,40.781858,-8.583656,22.245,False
87,40.782739,-8.583891,19.783,False
88,40.783621,-8.584127,20.212,False
89,40.784502,-8.584362,22.836,False
90,40.785384,-8.584598,23.936,False
91,40.786265,-8.584833,26.252,False
92,40.787147,-8.585069,29.303,False
93,40.788028,-8.585304,27.995,False
94,40.788909,-8.58554,27.25,False
95,40.789791,-8.585775,26.628,False
96,40.790672,-8.586011,21.876,False
97,40.791554,-8.586246,23.718,False
98,40.792435,-8.586482,23.966,False
99,40.793317,-8.586717,26.012,False
100,40.794198,-8.586953,26.894,False
101,40.79508,-8.587188,30.274,False
102,40.795961,-8.587424,27.281,False
103,40.796843,-8.587659,24.594,False
104,40.797724,-8.587895,21.996,False
105,40.798606,-8.58813,20.271,False
106,40.799487,-8.588366,18.752,False
107,40.800369,-8.588601,15.389,False
108,40.80125,-8.588837,15.133,False
109,40.802132,-8.589072,15.726,False
110,40.803013,-8.589308,17.102,False
111,40.803894,-8.589543,18.376,False
112,40.804776,-8.589779,14.963,False
113,40.805657,-8.590014,14.154,False
114,40.806539,-8.59025,14.51,False
115,40.80742,-8.590485,15.047,False
116,40.808302,-8.59072,14.965,False
117,40.809183,-8.590956,14.807,False
118,40.810065,-8.591191,14.981,False
119,40.810946,-8.591427,20.83,False
120,40.811828,-8.591662,20.648,False
121,40.812709,-8.591898,17.376,False
122,40.813591,-8.592133,19.16,False
123,40.814472,-8.592369,20.374,False
124,40.815354,-8.592604,17.051,False
125,40.816235,-8.59284,15.734,False
126,40.817117,-8.593075,14.801,False
127,40.817998,-8.593311,14.753,False
128,40.818879,-8.593546,16.319,False
129,40.819761,-8.593782,17.032,False
130,40.820642,-8.594017,16.388,False
131,40.821524,-8.594253,16.567,False
132,40.822405,-8.594488,16.977,False
133,40.823287,-8.594724,17.457,False
134,40.824092,-8.595245,16.826,False
135,40.824907,-8.595747,17.082,False
136,40.825722,-8.596249,17.401,False
137,40.826537,-8.596751,16.075,False
138,40.827353,-8.597252,18.277,False
139,40.828168,-8.597754,16.882,False
140,40.828983,-8.598256,15.864,False
141,40.829798,-8.598758,14.595,False
142,40.830613,-8.59926,15.305,False
143,40.831429,-8.599762,14.837,False
144,40.832244,-8.600264,14.22,False
145,40.831434,-8.59976,14.839,False
146,40.83062,-8.599254,15.293,False
147,40.829807,-8.598748,14.546,False
148,40.828993,-8.598242,15.901,False
149,40.828179,-8.597736,16.819,False
150,40.827365,-8.59723,18.238,False
151,40.826552,-8.596724,16.115,False
152,40.825738,-8.596219,17.484,False
153,40.824924,-8.595713,17.18,False
154,40.82411,-8.595208,16.963,False
155,40.823296,-8.594702,17.513,False
156,40.822483,-8.594194,17.722,False
157,40.82167,-8.593685,17.943,False
158,40.820857,-8.593176,18.164,False
159,40.820045,-8.592668,17.449,False
160,40.819232,-8.592159,17.289,False
161,40.818419,-8.59165,17.776,False
162,40.817607,-8.591141,18.147,False
163,40.816794,-8.590632,18.452,False
164,40.815981,-8.590123,17.9,False
165,40.815169,-8.589613,18.533,False
166,40.814357,-8.589103,18.154,False
167,40.813544,-8.588593,18.064,False
168,40.812732,-8.588084,18.125,False
169,40.81192,-8.587574,18.985,False
170,40.811107,-8.587064,19.531,False
171,40.810295,-8.586555,19.127,False
172,40.809483,-8.586045,19.614,False
173,40.80867,-8.585535,19.535,False
174,40.807811,-8.58521,20.09,False
175,40.80693,-8.584966,20.357,False
176,40.80605,-8.584722,18.712,False
177,40.80517,-8.584478,18.842,False
178,40.80429,-8.584234,18.541,False
179,40.80341,-8.58399,17.608,False
180,40.80253,-8.583746,18.471,False
181,40.80165,-8.583502,18.072,False
182,40.800769,-8.583258,17.148,False
183,40.799889,-8.583014,16.079,False
184,40.799009,-8.58277,17.793,False
185,40.798129,-8.582526,17.322,False
186,40.797249,-8.582282,16.704,False
187,40.796369,-8.582038,24.61,False
188,40.795489,-8.581794,29.49,False
189,40.794608,-8.58155,26.925,False
190,40.793728,-8.581306,24.522,False
191,40.792848,-8.581062,25.094,False
192,40.791968,-8.580818,31.712,False
193,40.791088,-8.580574,32.581,False
194,40.790208,-8.58033,30.641,False
195,40.789328,-8.580086,29.251,False
196,40.788447,-8.579842,30.694,False
197,40.787567,-8.579598,30.124,False
198,40.786687,-8.579354,28.431,False
199,40.785807,-8.57911,25.69,False
200,40.784927,-8.578865,24.184,False
201,40.784047,-8.578621,24.277,False
202,40.783167,-8.578377,22.63,False
203,40.782286,-8.578133,22.331,False
204,40.781406,-8.577889,22.535,False
205,40.780603,-8.577436,23.305,False
206,40.779833,-8.576841,24.504,False
207,40.778946,-8.576677,23.038,False
208,40.778049,-8.576614,23.813,False
209,40.777187,-8.576936,23.819,False
210,40.776333,-8.577308,23.138,False
211,40.77548,-8.577681,21.518,False
212,40.774626,-8.578053,20.984,False
213,40.775108,-8.578206,20.41,False
214,40.776005,-8.578289,19.838,False
215,40.776901,-8.57839,20.544,False
216,40.777798,-8.578475,21.538,False
217,40.778695,-8.57856,21.151,False
218,40.779592,-8.578646,21.722,False
219,40.780489,-8.578731,22.296,False
220,40.781386,-8.578816,22.109,False
221,40.782283,-8.578901,22.125,False
222,40.783176,-8.579036,23.149,False
223,40.784072,-8.579058,24.23,False
224,40.784971,-8.579038,24.181,False
225,40.785871,-8.579018,25.843,False
226,40.785792,-8.578963,25.612,False
227,40.784895,-8.57888,24.178,False
228,40.783998,-8.578797,24.132,False
229,40.783101,-8.578713,22.643,False
230,40.782204,-8.578625,22.047,False
231,40.781307,-8.57854,22.197,False
232,40.78041,-8.578456,22.484,False
233,40.779513,-8.578372,21.467,False
234,40.778616,-8.578287,20.84,False
235,40.777719,-8.578202,21.673,False
236,40.776821,-8.57815,20.76,False
237,40.775927,-8.57826,19.957,False
238,40.776331,-8.577834,21.233,False
239,40.777125,-8.577276,23.293,False
240,40.777919,-8.576718,23.589,False
241,40.778812,-8.57678,22.805,False
242,40.779705,-8.576906,24.142,False
243,40.780506,-8.577434,23.345,False
244,40.78127,-8.578059,22.483,False
245,40.781182,-8.578007,22.581,False
246,40.780386,-8.577457,23.395,False
247,40.779561,-8.577011,23.658,False
248,40.778665,-8.576914,22.562,False
249,40.778153,-8.576628,23.735,False
250,40.778749,-8.575739,26.209,False
251,40.779345,-8.574849,27.219,False
252,40.779136,-8.573758,27.208,False
253,40.778507,-8.57293,29.292,False
254,40.777644,-8.572648,27.621,False
255,40.776753,-8.572693,27.91,False
256,40.77586,-8.572836,29.112,False
257,40.774968,-8.57298,27.914,False
258,40.774075,-8.573124,27.884,False
259,40.773182,-8.573267,26.922,False
260,40.77229,-8.573411,24.814,False
261,40.771397,-8.573555,23.014,False
262,40.770504,-8.573699,22.345,False
263,40.769612,-8.573842,22.583,False
264,40.768719,-8.573986,27.406,False
265,40.767826,-8.57413,29.682,False
266,40.766933,-8.574273,29.285,False
267,40.766041,-8.574417,30.848,False
268,40.765148,-8.574561,28.11,False
269,40.764255,-8.574705,21.04,False
270,40.763363,-8.574848,20.521,False
271,40.76247,-8.574992,21.707,False
272,40.761577,-8.575136,22.592,False
273,40.760684,-8.575279,22.195,False
274,40.759792,-8.575423,18.282,False
275,40.758899,-8.575567,14.473,False
276,40.758006,-8.575711,13.332,False
277,40.757114,-8.575854,13.595,False
278,40.756221,-8.575998,11.704,False
279,40.755328,-8.576142,8.844,False
280,40.754435,-8.576286,6.811,False
281,40.753541,-8.576255,6.562,False
282,40.752648,-8.576106,6.531,False
283,40.751766,-8.575875,5.949,False
284,40.7509,-8.575558,4.829,False
285,40.750048,-8.575181,5.783,False
286,40.749214,-8.574739,6.783,False
287,40.748365,-8.574348,5.431,False
288,40.748659,-8.574279,7.016,False
289,40.749553,-8.574407,8.575,False
290,40.750447,-8.574535,9.625,False
291,40.751341,-8.574663,10.484,False
292,40.752235,-8.574792,10.863,False
293,40.753129,-8.57492,10.214,False
294,40.754023,-8.575048,9.595,False
295,40.754917,-8.575176,9.814,False
296,40.755811,-8.575305,11.541,False
297,40.756705,-8.575433,14.222,False
298,40.757599,-8.575561,13.915,False
299,40.758493,-8.575689,13.515,False
300,40.759387,-8.575818,14.91,False
301,40.760282,-8.575946,16.515,False
302,40.761176,-8.576074,16.526,False
303,40.76207,-8.576202,16.884,False
304,40.762964,-8.576331,17.937,False
305,40.763858,-8.576459,18.235,False
306,40.764752,-8.576587,20.19,False
307,40.765646,-8.576716,21.653,False
308,40.76654,-8.576844,26.341,False
309,40.767434,-8.576972,26.335,False
310,40.768328,-8.5771,24.589,False
311,40.769222,-8.577229,21.154,False
312,40.770116,-8.577357,18.528,False
313,40.77101,-8.577485,19.675,False
314,40.771904,-8.577613,20.832,False
315,40.772798,-8.577742,22.291,False
316,40.773692,-8.57787,22.281,False
317,40.774586,-8.577998,21.108,False
318,40.775481,-8.578126,20.445,False
319,40.776369,-8.578155,20.02,False
320,40.777235,-8.577837,22.16,False
321,40.778131,-8.577754,21.261,False
322,40.77903,-8.57772,21.267,False
323,40.779928,-8.577787,22.907,False
324,40.780818,-8.577943,22.871,False
325,40.781677,-8.578294,22.132,False
326,40.782548,-8.578584,22.152,False
327,40.782839,-8.578579,22.304,False
328,40.781992,-8.578181,22.182,False
329,40.781144,-8.577783,22.76,False
330,40.780356,-8.577247,23.849,False
331,40.779532,-8.576796,23.887,False
332,40.778636,-8.576704,23.031,False
333,40.77774,-8.576606,23.852,False
334,40.776844,-8.576506,25.122,False
335,40.775947,-8.576418,24.843,False
336,40.775049,-8.576348,23.678,False
337,40.774153,-8.576397,22.657,False
338,40.773256,-8.576324,23.73,False
339,40.772359,-8.576229,23.411,False
340,40.771463,-8.576134,22.984,False
341,40.770566,-8.576039,21.581,False
342,40.76967,-8.575944,20.491,False
343,40.768773,-8.57585,25.354,False
344,40.767877,-8.575755,32.7,False
345,40.76698,-8.57566,33.071,False
346,40.766084,-8.575565,32.255,False
347,40.765188,-8.57547,29.694,False
348,40.764291,-8.575375,23.397,False
349,40.763395,-8.57528,19.934,False
350,40.762498,-8.575185,21.13,False
351,40.761602,-8.575091,22.838,False
352,40.760705,-8.574996,23.797,False
353,40.759809,-8.574901,21.028,False
354,40.758912,-8.574806,17.241,False
355,40.758016,-8.574711,15.614,False
356,40.75712,-8.574616,15.589,False
357,40.756223,-8.574521,15.441,False
358,40.755327,-8.574426,14.066,False
359,40.75443,-8.574332,12.828,False
360,40.753534,-8.574237,12.515,False
361,40.752637,-8.574142,14.244,False
362,40.751741,-8.574047,15.928,False
363,40.750844,-8.573952,16.759,False
364,40.749948,-8.573857,12.055,False
365,40.749052,-8.573762,9.387,False
366,40.748155,-8.573667,5.722,False
367,40.747259,-8.573573,3.585,False
368,40.746372,-8.573414,3.305,False
369,40.746899,-8.57343,3.459,False
370,40.747794,-8.573548,4.766,False
371,40.748689,-8.573665,7.982,False
372,40.749584,-8.573783,10.802,False
373,40.750478,-8.5739,15.041,False
374,40.751373,-8.574018,16.288,False
375,40.752268,-8.574135,15.178,False
376,40.753163,-8.574252,12.494,False
377,40.754058,-8.57437,12.125,False
378,40.754953,-8.574487,12.927,False
379,40.755848,-8.574605,14.152,False
380,40.756743,-8.574722,15.54,False
381,40.757638,-8.57484,15.062,False
382,40.758533,-8.574957,15.846,False
383,40.759428,-8.575074,18.375,False
384,40.760323,-8.575192,21.908,False
385,40.761217,-8.575309,21.894,False
386,40.762112,-8.575427,20.345,False
387,40.763007,-8.575544,19.753,False
388,40.763902,-8.575662,20.421,False
389,40.764797,-8.575779,26.588,False
390,40.765692,-8.575896,33.084,False
391,40.766587,-8.576014,31.286,False
392,40.767482,-8.576131,32.921,False
393,40.768377,-8.576249,27.636,False
394,40.769272,-8.576366,21.725,False
395,40.770167,-8.576484,19.366,False
396,40.771061,-8.576601,22.351,False
397,40.771956,-8.576718,22.792,False
398,40.772851,-8.576836,23.02,False
399,40.773746,-8.576953,22.366,False
400,40.774641,-8.577071,22.29,False
401,40.775536,-8.577188,22.898,False
402,40.776431,-8.577306,23.257,False
403,40.777326,-8.577423,22.834,False
404,40.778221,-8.57754,21.357,False
405,40.779115,-8.577667,21.475,False
406,40.778724,-8.577652,21.208,False
407,40.777829,-8.577534,21.874,False
408,40.776934,-8.577415,23.109,False
409,40.77604,-8.577296,22.893,False
410,40.775145,-8.577178,22.533,False
411,40.77425,-8.577059,22.137,False
412,40.773355,-8.57694,22.801,False
413,40.77246,-8.576822,22.784,False
414,40.771566,-8.576703,22.721,False
415,40.770671,-8.576584,20.942,False
416,40.769776,-8.576466,19.378,False
417,40.768881,-8.576347,23.978,False
418,40.767986,-8.576228,30.518,False
419,40.767091,-8.57611,32.872,False
420,40.766197,-8.575991,32.155,False
421,40.765302,-8.575872,29.064,False
422,40.764407,-8.575754,24.55,False
423,40.763512,-8.575635,19.418,False
424,40.762617,-8.575516,20.09,False
425,40.761723,-8.575397,20.723,False
426,40.760828,-8.575279,22.197,False
427,40.759933,-8.57516,20.518,False
428,40.759038,-8.575041,16.859,False
429,40.758143,-8.574923,15.269,False
430,40.757248,-8.574804,15.153,False
431,40.756354,-8.574685,15.056,False
432,40.755459,-8.574567,13.525,False
433,40.754564,-8.574448,12.373,False
434,40.753669,-8.574329,12.14,False
435,40.752774,-8.574211,13.318,False
436,40.75188,-8.574092,15.568,False
437,40.750985,-8.573973,17.103,False
438,40.75009,-8.573855,12.742,False
439,40.749195,-8.573736,9.93,False
440,40.7483,-8.573617,6.243,False
441,40.747405,-8.573499,3.869,False
442,40.746511,-8.57338,3.238,False
443,40.745641,-8.573103,3.989,False
444,40.744785,-8.57274,4.531,False
445,40.743929,-8.572376,5.059,False
446,40.743073,-8.572012,5.859,False
447,40.742219,-8.57164,6.322,False
448,40.741373,-8.571237,6.032,False
449,40.740544,-8.570776,7.454,False
450,40.739733,-8.570263,7.374,False
451,40.738923,-8.569748,6.988,False
452,40.738113,-8.569233,5.619,False
453,40.737303,-8.568717,4.78,False
454,40.736493,-8.568201,4.248,False
455,40.735683,-8.567685,4.115,False
456,40.734873,-8.567169,4.777,False
457,40.734056,-8.566674,5.793,False
458,40.733218,-8.566244,6.949,False
459,40.732361,-8.565885,5.974,False
460,40.731491,-8.565585,6.653,False
461,40.730612,-8.565335,7.293,False
462,40.729733,-8.565087,6.149,False
463,40.728866,-8.564845,6.791,False
464,40.729748,-8.565075,6.22,False
465,40.730631,-8.565306,7.465,False
466,40.731513,-8.565536,6.974,False
467,40.732395,-8.565767,6.58,False
468,40.733277,-8.565998,8.374,False
469,40.734159,-8.566228,8.904,False
470,40.735041,-8.566459,8.785,False
471,40.735924,-8.56669,10.847,False
472,40.736806,-8.56692,11.584,False
473,40.737688,-8.567151,13.518,False
474,40.73857,-8.567382,18.649,False
475,40.739452,-8.567612,20.963,False
476,40.740335,-8.567843,22.247,False
477,40.741217,-8.568073,22.183,False
478,40.742099,-8.568304,20.035,False
479,40.742981,-8.568535,20.153,False
480,40.743863,-8.568765,20.232,False
481,40.744746,-8.568996,13.399,False
482,40.745628,-8.569227,9.532,False
483,40.74651,-8.569457,7.657,False
484,40.747392,-8.569688,6.019,False
485,40.748274,-8.569918,8.924,False
486,40.749156,-8.570149,6.211,False
487,40.750039,-8.57038,16.255,False
488,40.750921,-8.57061,21.641,False
489,40.751803,-8.570841,22.695,False
490,40.752685,-8.571072,24.481,False
491,40.753567,-8.571302,23.135,False
492,40.75445,-8.571533,21.281,False
493,40.755332,-8.571764,21.687,False
494,40.756214,-8.571994,22.262,False
495,40.757096,-8.572225,21.462,False
496,40.757978,-8.572455,20.076,False
497,40.758861,-8.572686,19.621,False
498,40.759743,-8.572917,19.177,False
499,40.760625,-8.573147,21.686,False
500,40.761507,-8.573378,23.222,False
501,40.762389,-8.573609,24.119,False
502,40.763271,-8.573839,21.228,False
503,40.764154,-8.57407,20.958,False
504,40.765036,-8.574301,25.85,False
505,40.765918,-8.574531,31.462,False
506,40.7668,-8.574762,29.73,False
507,40.767682,-8.574992,32.701,False
508,40.768565,-8.575223,29.479,False
509,40.769447,-8.575454,21.621,False
510,40.770329,-8.575684,21.714,False
511,40.771211,-8.575915,22.922,False
512,40.772093,-8.576146,23.338,False
513,40.772982,-8.576313,23.779,False
514,40.773879,-8.576394,22.77,False
515,40.774752,-8.576647,22.819,False
516,40.775619,-8.57692,23.435,False
517,40.776516,-8.577005,24.285,False
518,40.777413,-8.57709,23.273,False
519,40.778274,-8.577401,21.509,False
520,40.779147,-8.577659,21.538,False
521,40.780044,-8.577745,23.05,False
522,40.780921,-8.577979,22.8,False
523,40.781789,-8.578293,22.122,False
524,40.782656,-8.578606,22.21,False
525,40.781861,-8.578247,22.14,False
526,40.781153,-8.577529,23.034,False
527,40.780522,-8.576682,25.496,False
528,40.779846,-8.575902,26.592,False
529,40.779431,-8.574867,27.547,False
530,40.779162,-8.573738,27.359,False
531,40.77854,-8.572902,29.828,False
532,40.777679,-8.572613,27.609,False
533,40.776781,-8.572532,27.778,False
534,40.775885,-8.572595,29.167,False
535,40.774989,-8.572698,28.483,False
536,40.774093,-8.572802,27.929,False
537,40.773198,-8.572905,26.569,False
538,40.772302,-8.573009,24.662,False
539,40.771406,-8.573112,23.187,False
540,40.77051,-8.573216,22.616,False
541,40.769614,-8.573319,22.347,False
542,40.768718,-8.573423,25.077,False
543,40.767822,-8.573526,27.183,False
544,40.766926,-8.57363,27.908,False
545,40.76603,-8.573734,28.35,False
546,40.765134,-8.573837,24.238,False
547,40.764239,-8.573941,21.116,False
548,40.763343,-8.574044,21.092,False
549,40.762447,-8.574148,23.485,False
550,40.761551,-8.574251,25.066,False
551,40.760655,-8.574355,24.35,False
552,40.759759,-8.574458,21.563,False
553,40.758863,-8.574562,17.766,False
554,40.757967,-8.574665,15.661,False
555,40.757071,-8.574769,15.301,False
556,40.756176,-8.574873,13.858,False
557,40.75528,-8.574976,11.203,False
558,40.754384,-8.57508,9.636,False
559,40.753488,-8.575183,9.264,False
560,40.752592,-8.575287,9.31,False
561,40.751696,-8.57539,7.588,False
562,40.750815,-8.575313,5.94,False
563,40.749958,-8.574953,6.779,False
564,40.749103,-8.574586,7.046,False
565,40.748248,-8.574219,5.283,False
566,40.747392,-8.573851,3.505,False
567,40.746611,-8.573516,3.224,False
568,40.747465,-8.57389,3.604,False
569,40.748318,-8.574263,5.47,False
570,40.749172,-8.574637,7.055,False
571,40.750026,-8.57501,6.578,False
572,40.750879,-8.575384,5.658,False
573,40.751742,-8.575719,6.459,False
574,40.752618,-8.575988,6.901,False
575,40.753501,-8.576207,6.668,False
576,40.754393,-8.576364,6.704,False
577,40.755288,-8.576472,8.577,False
578,40.756185,-8.576558,10.913,False
579,40.757082,-8.576645,11.862,False
580,40.757979,-8.57673,11.993,False
581,40.758876,-8.576814,12.638,False
582,40.759773,-8.576896,13.503,False
583,40.76067,-8.576979,14.099,False
584,40.761568,-8.577062,15.621,False
585,40.762465,-8.577144,16.668,False
586,40.763362,-8.577233,16.259,False
587,40.764258,-8.577321,16.146,False
588,40.765155,-8.577406,16.443,False
589,40.766052,-8.577491,18.475,False
590,40.766949,-8.577576,20.344,False
591,40.767847,-8.577656,20.38,False
592,40.768744,-8.577734,20.578,False
593,40.769641,-8.577813,17.74,False
594,40.770538,-8.577899,17.731,False
595,40.771435,-8.577987,18.401,False
596,40.772332,-8.578075,21.58,False
597,40.773229,-8.578163,22.814,False
598,40.774126,-8.578251,22.023,False
599,40.775023,-8.578336,20.513,False
600,40.77592,-8.57842,19.812,False
601,40.776817,-8.578505,20.108,False
602,40.777714,-8.57859,21.533,False
603,40.778611,-8.578675,21.402,False
604,40.779508,-8.57876,21.75,False
605,40.780405,-8.578845,22.204,False
606,40.781302,-8.57893,22.119,False
607,40.782199,-8.579015,22.163,False
608,40.783096,-8.579099,23.131,False
609,40.783993,-8.579182,24.283,False
610,40.78489,-8.579268,24.201,False
611,40.785787,-8.579354,26.165,False
612,40.786684,-8.57944,28.811,False
613,40.787581,-8.579524,29.839,False
614,40.788478,-8.579606,30.457,False
615,40.789375,-8.57969,29.052,False
616,40.790272,-8.579775,28.198,False
617,40.791169,-8.579859,28.457,False
618,40.792067,-8.579943,25.262,False
619,40.792964,-8.580028,20.308,False
620,40.793861,-8.580112,23.01,False
621,40.794758,-8.580196,28.527,False
622,40.795655,-8.580282,27.52,False
623,40.796552,-8.580368,26.103,False
624,40.796522,-8.580357,26.344,False
625,40.795626,-8.580253,27.537,False
626,40.794731,-8.58015,28.429,False
627,40.793835,-8.580046,22.829,False
628,40.792939,-8.579943,20.214,False
629,40.792043,-8.57984,24.537,False
630,40.791147,-8.579736,27.532,False
631,40.790251,-8.579633,27.522,False
632,40.789355,-8.57953,29.059,False
633,40.788459,-8.579426,30.342,False
634,40.787563,-8.579323,28.986,False
635,40.786667,-8.57922,27.98,False
636,40.785771,-8.579116,25.588,False
637,40.784876,-8.579013,24.171,False
638,40.78398,-8.57891,24.141,False
639,40.783084,-8.578806,22.721,False
640,40.782188,-8.578703,22.052,False
641,40.781292,-8.5786,22.184,False
642,40.780396,-8.578496,22.443,False
643,40.7795,-8.578393,21.459,False
644,40.778604,-8.57829,20.85,False
645,40.777706,-8.578266,21.653,False
646,40.776859,-8.577869,21.692,False
647,40.776014,-8.577465,22.329,False
648,40.775168,-8.57706,22.756,False
649,40.774323,-8.576655,22.421,False
650,40.77346,-8.576399,23.445,False
651,40.772618,-8.576389,23.434,False
652,40.773478,-8.576735,22.986,False
653,40.774339,-8.577081,22.152,False
654,40.775199,-8.577426,22.081,False
655,40.776059,-8.577772,21.292,False
656,40.77692,-8.578117,21.125,False
657,40.777815,-8.578156,21.58,False
658,40.778712,-8.578241,20.761,False
659,40.779609,-8.578326,21.649,False
660,40.780506,-8.578411,22.566,False
661,40.781403,-8.578496,22.161,False
662,40.781692,-8.578291,22.133,False
663,40.781028,-8.577489,23.127,False
664,40.780365,-8.576687,25.348,False
665,40.779702,-8.575885,26.398,False
666,40.778956,-8.575238,26.581,False
667,40.77843,-8.575798,25.797,False
668,40.77812,-8.576913,23.004,False
669,40.77767,-8.577741,21.989,False
670,40.776792,-8.577488,22.915,False
671,40.775904,-8.577329,22.72,False
672,40.776145,-8.578261,19.702,False
673,40.777023,-8.578332,20.987,False
674,40.77792,-8.578415,21.464,False
675,40.778818,-8.578498,20.958,False
676,40.779715,-8.578582,21.849,False
677,40.780612,-8.578665,22.377,False
678,40.781509,-8.578748,22.078,False
679,40.782406,-8.578836,22.157,False
680,40.7833,-8.578955,23.193,False
681,40.782991,-8.578966,22.819,False
682,40.782094,-8.578881,22.078,False
683,40.781197,-8.578796,22.164,False
684,40.7803,-8.578712,22.245,False
685,40.779403,-8.578627,21.478,False
686,40.778506,-8.578542,21.24,False
687,40.777609,-8.578457,21.574,False
688,40.776712,-8.578373,19.977,False
689,40.775815,-8.578288,20.048,False
690,40.774918,-8.578203,20.506,False
691,40.774021,-8.578118,22.1,False
692,40.773124,-8.578034,22.68,False
693,40.772227,-8.577949,21.216,False
694,40.77133,-8.577864,18.536,False
695,40.770433,-8.577779,17.872,False
696,40.769536,-8.577695,18.36,False
697,40.768639,-8.57761,21.306,False
698,40.767742,-8.577525,20.905,False
699,40.766844,-8.57744,21.823,False
700,40.765947,-8.577356,18.708,False
701,40.76505,-8.577271,16.489,False
702,40.764153,-8.577186,16.278,False
703,40.763256,-8.577101,16.515,False
704,40.762359,-8.577017,16.53,False
705,40.761462,-8.576932,15.335,False
706,40.760565,-8.576847,14.028,False
707,40.759668,-8.576762,13.497,False
708,40.758771,-8.576678,12.375,False
709,40.757874,-8.576593,12.074,False
710,40.756977,-8.576508,12.093,False
711,40.75608,-8.576423,10.853,False
712,40.755183,-8.576338,8.322,False
713,40.754286,-8.576254,6.67,False
714,40.753389,-8.576169,6.79,False
715,40.752493,-8.576078,6.319,False
716,40.751604,-8.575893,5.335,False
717,40.750742,-8.575556,4.672,False
718,40.749885,-8.575198,5.531,False
719,40.750205,-8.575078,6.433,False
720,40.751104,-8.575078,7.798,False
721,40.752003,-8.575078,9.268,False
722,40.752903,-8.575078,9.857,False
723,40.753802,-8.575078,9.421,False
724,40.754701,-8.575078,9.816,False
725,40.755601,-8.575078,11.69,False
726,40.7565,-8.575078,14.298,False
727,40.757399,-8.575078,14.731,False
728,40.758299,-8.575077,15.073,False
729,40.759198,-8.575077,17.335,False
730,40.760097,-8.575077,21.618,False
731,40.760997,-8.575077,23.378,False
732,40.761896,-8.575077,22.308,False
733,40.762795,-8.575077,21.073,False
734,40.763694,-8.575077,19.773,False
735,40.764594,-8.575077,25.263,False
736,40.765493,-8.575077,31.43,False
737,40.766392,-8.575076,30.265,False
738,40.767292,-8.575076,33.189,False
739,40.768191,-8.575076,31.793,False
740,40.76909,-8.575076,24.268,False
741,40.76999,-8.575076,22.544,False
742,40.770889,-8.575076,23.006,False
743,40.771788,-8.575076,23.804,False
744,40.772688,-8.575076,25.705,False
745,40.773587,-8.575076,26.535,False
746,40.774486,-8.575076,27.543,False
747,40.775386,-8.575075,27.307,False
748,40.776285,-8.575075,26.315,False
749,40.777184,-8.575075,26.405,False
750,40.778084,-8.575075,26.685,False
751,40.77897,-8.575197,26.56,False
752,40.779727,-8.575833,26.583,False
753,40.779462,-8.576387,24.406,False
754,40.778641,-8.576871,22.672,False
755,40.77782,-8.577134,22.653,False
756,40.776943,-8.576918,24.24,False
757,40.776046,-8.576833,24.21,False
758,40.775149,-8.576742,23.126,False
759,40.775282,-8.576945,23.028,False
760,40.77611,-8.577407,22.594,False
761,40.776939,-8.577868,21.832,False
762,40.7778,-8.578105,21.616,False
763,40.778697,-8.578184,20.731,False
764,40.779594,-8.578271,21.657,False
765,40.780491,-8.578358,22.605,False
766,40.781386,-8.578464,22.179,False
767,40.780865,-8.578409,22.574,False
768,40.779971,-8.57828,22.216,False
769,40.779077,-8.57815,20.73,False
770,40.778184,-8.578021,21.138,False
771,40.77729,-8.577891,22.093,False
772,40.776396,-8.577762,21.607,False
773,40.775502,-8.577632,21.674,False
774,40.774608,-8.577503,21.776,False
775,40.773714,-8.577373,22.153,False
776,40.77282,-8.577244,22.311,False
777,40.771926,-8.577114,22.272,False
778,40.771032,-8.576985,21.68,False
779,40.770138,-8.576855,19.05,False
780,40.769244,-8.576726,22.046,False
781,40.76835,-8.576596,27.168,False
782,40.767456,-8.576467,30.651,False
783,40.766562,-8.576337,30.619,False
784,40.765668,-8.576208,30.328,False
785,40.764774,-8.576078,24.451,False
786,40.76388,-8.575949,20.04,False
787,40.762986,-8.575819,19.136,False
788,40.762092,-8.57569,19.132,False
789,40.761198,-8.57556,19.88,False
790,40.760304,-8.575431,20.145,False
791,40.75941,-8.575301,17.325,False
792,40.758516,-8.575172,15.139,False
793,40.757623,-8.575042,14.735,False
794,40.756729,-8.574913,15.031,False
795,40.755835,-8.574783,13.322,False
796,40.754941,-8.574654,11.909,False
797,40.754047,-8.574524,11.51,False
798,40.753153,-8.574395,11.923,False
799,40.752259,-8.574265,14.104,False
800,40.751365,-8.574136,15.202,False
801,40.750471,-8.574006,13.885,False
802,40.749577,-8.573877,10.328,False
803,40.748683,-8.573747,7.967,False
804,40.747789,-8.573618,4.678,False
805,40.746895,-8.573488,3.391,False
806,40.746009,-8.573312,3.68,False
807,40.745153,-8.572948,4.21,False
808,40.744297,-8.572584,4.764,False
809,40.743441,-8.57222,5.081,False
810,40.742585,-8.571856,6.219,False
811,40.741736,-8.571464,5.656,False
812,40.7409,-8.571027,6.66,False
813,40.740081,-8.570538,7.672,False
814,40.73927,-8.570024,7.07,False
815,40.73846,-8.569509,6.23,False
816,40.73765,-8.568994,4.678,False
817,40.73684,-8.568478,4.231,False
818,40.73603,-8.567962,3.78,False
819,40.73522,-8.567445,4.055,False
820,40.734409,-8.566935,5.025,False
821,40.73358,-8.566474,6.485,False
822,40.732733,-8.566077,6.158,False
823,40.731867,-8.565755,5.798,False
824,40.73099,-8.565493,7.027,False
825,40.730111,-8.565244,6.395,False
826,40.729231,-8.564997,6.636,False
827,40.729331,-8.565126,6.043,False
828,40.730174,-8.565539,5.228,False
829,40.731017,-8.565952,3.894,False
830,40.73186,-8.566366,3.811,False
831,40.732703,-8.566779,4.257,False
832,40.733546,-8.567192,3.276,False
833,40.734389,-8.567605,2.114,True
834,40.735233,-8.568019,1.451,True
835,40.736076,-8.568432,2.009,True
836,40.736919,-8.568845,2.607,True
837,40.737762,-8.569258,3.937,False
838,40.738605,-8.569671,6.199,False
839,40.739448,-8.570085,7.302,False
840,40.740291,-8.570498,8.393,False
841,40.741134,-8.570911,7.459,False
842,40.741977,-8.571324,7.066,False
843,40.74282,-8.571738,7.262,False
844,40.743663,-8.572151,5.696,False
845,40.744506,-8.572564,4.817,False
846,40.745349,-8.572977,4.126,False
847,40.746192,-8.57339,3.469,False
848,40.747048,-8.573754,3.237,False
849,40.747904,-8.574121,4.35,False
850,40.748759,-8.574488,6.502,False
851,40.749614,-8.574856,6.874,False
852,40.75047,-8.575219,6.042,False
853,40.751335,-8.575532,6.079,False
854,40.752227,-8.575687,7.435,False
855,40.753119,-8.575841,7.626,False
856,40.75401,-8.575996,6.86,False
857,40.754902,-8.57615,7.746,False
858,40.755794,-8.576305,10.148,False
859,40.756685,-8.576459,12.043,False
860,40.757577,-8.576614,12.007,False
861,40.758469,-8.576769,12.254,False
862,40.75936,-8.576923,13.199,False
863,40.760252,-8.577078,13.676,False
864,40.761144,-8.577232,14.936,False
865,40.762035,-8.577387,16.38,False
866,40.762927,-8.577541,16.466,False
867,40.763819,-8.577696,15.489,False
868,40.76471,-8.57785,17.08,False
869,40.765602,-8.578005,17.354,False
870,40.766494,-8.578159,16.481,False
871,40.767385,-8.578314,17.171,False
872,40.768277,-8.578468,18.077,False
873,40.769169,-8.578623,16.914,False
874,40.77006,-8.578777,16.475,False
875,40.770952,-8.578932,17.585,False
876,40.771844,-8.579087,20.527,False
877,40.772735,-8.579241,22.82,False
878,40.773627,-8.579396,23.102,False
879,40.774519,-8.57955,23.915,False
880,40.77541,-8.579705,22.85,False
881,40.776302,-8.579859,22.029,False
882,40.777194,-8.580014,21.881,False
883,40.778085,-8.580168,22.482,False
884,40.778977,-8.580323,23.046,False
885,40.779869,-8.580477,24.303,False
886,40.780761,-8.580632,24.392,False
887,40.781652,-8.580786,21.899,False
888,40.782544,-8.580941,23.256,False
889,40.783436,-8.581096,25.039,False
890,40.784327,-8.58125,25.328,False
891,40.785219,-8.581405,30.184,False
892,40.786111,-8.581559,29.643,False
893,40.787002,-8.581714,32.474,False
894,40.787894,-8.581868,36.381,False
895,40.788786,-8.582023,33.177,False
896,40.789677,-8.582177,32.142,False
897,40.790569,-8.582332,30.947,False
898,40.791461,-8.582486,30.101,False
899,40.792352,-8.582641,28.878,False
900,40.793244,-8.582795,27.2,False
901,40.794136,-8.58295,29.038,False
902,40.795027,-8.583104,26.061,False
903,40.795919,-8.583259,21.07,False
904,40.796811,-8.583414,16.655,False
905,40.797702,-8.583568,15.877,False
906,40.798594,-8.583723,16.862,False
907,40.799486,-8.583877,16.378,False
908,40.800377,-8.584032,16.502,False
909,40.801269,-8.584186,17.435,False
910,40.802161,-8.584341,18.391,False
911,40.803052,-8.584495,17.813,False
912,40.803944,-8.58465,18.614,False
913,40.804836,-8.584804,18.855,False
914,40.805727,-8.584959,17.578,False
915,40.806619,-8.585113,19.794,False
916,40.807511,-8.585268,20.318,False
917,40.808402,-8.585422,19.478,False
918,40.809215,-8.58593,19.706,False
919,40.810028,-8.58644,19.239,False
920,40.81084,-8.58695,19.052,False
921,40.811652,-8.587459,19.546,False
922,40.812465,-8.587969,18.167,False
923,40.813277,-8.588479,18.11,False
924,40.814089,-8.588989,17.7,False
925,40.814902,-8.589498,18.74,False
926,40.815714,-8.590008,17.825,False
927,40.816527,-8.590518,18.207,False
928,40.817339,-8.591027,18.224,False
929,40.818152,-8.591536,17.859,False
930,40.818964,-8.592046,17.343,False
931,40.819777,-8.592554,17.131,False
932,40.82059,-8.593061,18.024,False
933,40.821404,-8.593569,17.978,False
934,40.822217,-8.594076,17.661,False
935,40.82303,-8.594584,17.474,False
936,40.823843,-8.595091,17.048,False
937,40.824657,-8.595597,16.882,False
938,40.825471,-8.596102,17.577,False
939,40.826285,-8.596607,16.279,False
940,40.827099,-8.597113,17.456,False
941,40.827913,-8.597619,17.939,False
942,40.828726,-8.598125,15.983,False
943,40.82954,-8.598631,16.264,False
944,40.830354,-8.599137,16.04,False
945,40.831168,-8.599643,14.732,False
946,40.831981,-8.600149,14.35,False
947,40.831665,-8.599951,14.721,False
948,40.830852,-8.599443,14.804,False
949,40.830039,-8.598935,14.684,False
950,40.829226,-8.598428,15.955,False
951,40.828413,-8.59792,16.239,False
952,40.8276,-8.597412,18.563,False
953,40.826787,-8.596904,16.286,False
954,40.825974,-8.596396,16.905,False
955,40.825161,-8.595888,17.406,False
956,40.824348,-8.59538,16.82,False
957,40.823535,-8.594872,17.382,False
958,40.822721,-8.594365,17.607,False
959,40.821908,-8.593857,17.774,False
960,40.821095,-8.593349,18.101,False
961,40.820282,-8.592841,17.767,False
962,40.819469,-8.592333,17.132,False
963,40.818656,-8.591825,17.542,False
964,40.817843,-8.591317,17.986,False
965,40.81703,-8.590809,18.424,False
966,40.816217,-8.590301,17.964,False
967,40.815404,-8.589794,18.151,False
968,40.814591,-8.589286,18.626,False
969,40.813778,-8.588778,17.799,False
970,40.812965,-8.58827,18.106,False
971,40.812152,-8.587762,18.444,False
972,40.811339,-8.587254,19.781,False
973,40.810526,-8.586746,18.934,False
974,40.809713,-8.586238,19.409,False
975,40.8089,-8.58573,19.703,False
976,40.808087,-8.585221,19.795,False
977,40.807275,-8.58471,20.77,False
978,40.806463,-8.584199,20.044,False
979,40.805651,-8.583688,18.52,False
980,40.80484,-8.583177,18.173,False
981,40.804026,-8.58267,18.024,False
982,40.803211,-8.582169,18.49,False
983,40.80238,-8.581716,18.899,False
984,40.80153,-8.581326,18.947,False
985,40.800662,-8.581016,18.204,False
986,40.799782,-8.580777,18.961,False
987,40.798892,-8.580613,19.816,False
988,40.797996,-8.580508,19.091,False
989,40.797099,-8.580419,22.74,False
990,40.797766,-8.580437,19.109,False
991,40.798662,-8.58053,19.694,False
992,40.799555,-8.580679,19.278,False
993,40.800438,-8.580899,18.292,False
994,40.801309,-8.581191,18.764,False
995,40.802163,-8.581563,18.995,False
996,40.803,-8.581997,18.803,False
997,40.803818,-8.58249,18.146,False
998,40.804632,-8.582994,17.898,False
999,40.805444,-8.583505,17.95,False
1000,40.806256,-8.584016,20.005,False
1001,40.807068,-8.584527,20.682,False
1002,40.80788,-8.585038,20.163,False
1003,40.808141,-8.585255,19.718,False
1004,40.807289,-8.584877,20.703,False
1005,40.806436,-8.584499,19.913,False
1006,40.805584,-8.584121,17.575,False
1007,40.804731,-8.583743,18.622,False
1008,40.803879,-8.583365,18.159,False
1009,40.803026,-8.582987,18.554,False
1010,40.802173,-8.582609,18.066,False
1011,40.801321,-8.582231,18.174,False
1012,40.800468,-8.581853,18.052,False
1013,40.799616,-8.581475,18.733,False
1014,40.798763,-8.581097,19.547,False
1015,40.79791,-8.580719,18.713,False
1016,40.797054,-8.580367,22.988,False
1017,40.79616,-8.58024,27.176,False
1018,40.795266,-8.580109,28.323,False
1019,40.794372,-8.579977,26.334,False
1020,40.793479,-8.579846,20.921,False
1021,40.792585,-8.579714,20.481,False
1022,40.791691,-8.579583,24.374,False
1023,40.790797,-8.579451,25.997,False
1024,40.789903,-8.57932,27.177,False
1025,40.78901,-8.579188,30.089,False
1026,40.788116,-8.579057,29.611,False
1027,40.787222,-8.578925,27.553,False
1028,40.786328,-8.578793,27.88,False
1029,40.785434,-8.578662,24.91,False
1030,40.784541,-8.57853,24.318,False
1031,40.783647,-8.578399,23.816,False
1032,40.782753,-8.578267,22.281,False
1033,40.781859,-8.578136,22.211,False
1034,40.780965,-8.578004,22.766,False
1035,40.780072,-8.577873,22.841,False
1036,40.779178,-8.577741,21.432,False
1037,40.778284,-8.57761,21.221,False
1038,40.77739,-8.577478,22.683,False
1039,40.776497,-8.577347,23.19,False
1040,40.775603,-8.577215,22.89,False
1041,40.774709,-8.577084,22.316,False
1042,40.773815,-8.576952,22.298,False
1043,40.772921,-8.576821,23.085,False
1044,40.772028,-8.576689,22.827,False
1045,40.771134,-8.576557,22.499,False
1046,40.77024,-8.576426,19.607,False
1047,40.769346,-8.576294,21.258,False
1048,40.768452,-8.576163,27.103,False
1049,40.767559,-8.576031,33.249,False
1050,40.766665,-8.5759,31.511,False
1051,40.765771,-8.575768,33.254,False
1052,40.764877,-8.575637,27.566,False
1053,40.763984,-8.575505,20.974,False
1054,40.76309,-8.575374,20.044,False
1055,40.762196,-8.575242,21.189,False
1056,40.761302,-8.575111,23.106,False
1057,40.760408,-8.574979,23.351,False
1058,40.759515,-8.574848,19.614,False
1059,40.758621,-8.574716,16.715,False
1060,40.757727,-8.574584,15.573,False
1061,40.756833,-8.574453,16.472,False
1062,40.755939,-8.574321,15.863,False
1063,40.755046,-8.57419,15.25,False
1064,40.754152,-8.574058,13.526,False
1065,40.753258,-8.573927,13.83,False
1066,40.752364,-8.573795,17.493,False
1067,40.751471,-8.573664,19.079,False
1068,40.750577,-8.573532,19.087,False
1069,40.749683,-8.573401,12.735,False
1070,40.748789,-8.573269,8.473,False
1071,40.747895,-8.573138,5.412,False
1072,40.747002,-8.573006,3.983,False
1073,40.746108,-8.572875,3.908,False
1074,40.745214,-8.572743,4.333,False
1075,40.744324,-8.572589,4.762,False
1076,40.744356,-8.572515,4.914,False
1077,40.745229,-8.572803,4.285,False
1078,40.746102,-8.57309,3.7,False
1079,40.746974,-8.573378,3.572,False
1080,40.747847,-8.573665,4.779,False
1081,40.748719,-8.573952,8.079,False
1082,40.749592,-8.57424,9.021,False
1083,40.750464,-8.574527,9.725,False
1084,40.751337,-8.574815,9.625,False
1085,40.752209,-8.575102,9.652,False
1086,40.753082,-8.57539,8.87,False
1087,40.753955,-8.575677,7.536,False
1088,40.754827,-8.575965,7.82,False
1089,40.7557,-8.576252,9.879,False
1090,40.756572,-8.57654,11.755,False
1091,40.757464,-8.57664,11.956,False
1092,40.758361,-8.57672,12.17,False
1093,40.759258,-8.576807,12.982,False
1094,40.760155,-8.576894,13.744,False
1095,40.761052,-8.576981,14.689,False
1096,40.761949,-8.577068,16.152,False
1097,40.762846,-8.577155,16.656,False
1098,40.763743,-8.577242,15.783,False
1099,40.764639,-8.577329,16.558,False
1100,40.765536,-8.577416,17.131,False
1101,40.766433,-8.577503,19.82,False
1102,40.76733,-8.57759,20.593,False
1103,40.768227,-8.577677,20.716,False
1104,40.769124,-8.577764,19.603,False
1105,40.770021,-8.577851,17.317,False
1106,40.770918,-8.577938,18.051,False
1107,40.771815,-8.578025,19.363,False
1108,40.772712,-8.578112,22.417,False
1109,40.773608,-8.578199,22.662,False
1110,40.774505,-8.578286,21.348,False
1111,40.775404,-8.578324,20.265,False
1112,40.776301,-8.578408,19.455,False
1113,40.777198,-8.578493,21.178,False
1114,40.778095,-8.578578,21.473,False
1115,40.778992,-8.578662,21.263,False
1116,40.779889,-8.578747,22.025,False
1117,40.780786,-8.578832,22.245,False
1118,40.781683,-8.578916,22.089,False
1119,40.78258,-8.579001,22.41,False
1120,40.783477,-8.579086,23.625,False
1121,40.78437,-8.579224,24.154,False
1122,40.785229,-8.579577,26.076,False
1123,40.786087,-8.57993,30.123,False
1124,40.786946,-8.580283,31.265,False
1125,40.787805,-8.580636,33.779,False
1126,40.788663,-8.580989,35.863,False
1127,40.789522,-8.581342,33.45,False
1128,40.790381,-8.581695,31.739,False
1129,40.79124,-8.582048,30.126,False
1130,40.792098,-8.582401,30.472,False
1131,40.792957,-8.582754,27.212,False
1132,40.793816,-8.583107,28.646,False
1133,40.794674,-8.58346,27.261,False
1134,40.795533,-8.583813,22.686,False
1135,40.796392,-8.584166,17.793,False
1136,40.79725,-8.584519,16.563,False
1137,40.798109,-8.584872,16.973,False
1138,40.798968,-8.585225,17.372,False
1139,40.799827,-8.585578,16.157,False
1140,40.800685,-8.585931,15.271,False
1141,40.801544,-8.586284,16.086,False
1142,40.802403,-8.586637,17.162,False
1143,40.803261,-8.58699,18.49,False
1144,40.80412,-8.587343,18.079,False
1145,40.804979,-8.587696,17.216,False
1146,40.805838,-8.588049,16.992,False
1147,40.806696,-8.588402,17.542,False
1148,40.807555,-8.588755,17.452,False
1149,40.808414,-8.589108,15.569,False
1150,40.809272,-8.589461,15.719,False
1151,40.810131,-8.589814,15.881,False
1152,40.81099,-8.590167,19.713,False
1153,40.811849,-8.59052,20.258,False
1154,40.812707,-8.590873,16.816,False
1155,40.813566,-8.591226,16.072,False
1156,40.814425,-8.591579,17.201,False
1157,40.815283,-8.591932,16.789,False
1158,40.816142,-8.592285,16.488,False
1159,40.817001,-8.592638,15.789,False
1160,40.81786,-8.592991,14.63,False
1161,40.818718,-8.593344,15.751,False
1162,40.819577,-8.593697,16.946,False
1163,40.820436,-8.59405,16.508,False
1164,40.821294,-8.594403,16.033,False
1165,40.822153,-8.594756,16.229,False
1166,40.823012,-8.595109,16.462,False
1167,40.823871,-8.595462,15.94,False
1168,40.824729,-8.595815,16.582,False
1169,40.825587,-8.596172,17.565,False
1170,40.826412,-8.596644,16.169,False
1171,40.825835,-8.596459,16.862,False
1172,40.824969,-8.596139,16.601,False
1173,40.824103,-8.595819,15.35,False
1174,40.823237,-8.595498,15.772,False
1175,40.822371,-8.595178,16.317,False
1176,40.821505,-8.594857,15.35,False
1177,40.820639,-8.594537,15.898,False
1178,40.819773,-8.594217,17.662,False
1179,40.818907,-8.593896,17.236,False
1180,40.818041,-8.593576,15.544,False
1181,40.817175,-8.593255,14.724,False
1182,40.816309,-8.592935,15.597,False
1183,40.815443,-8.592615,16.744,False
1184,40.814577,-8.592294,19.682,False
1185,40.813711,-8.591974,18.662,False
1186,40.812845,-8.591653,16.675,False
1187,40.811979,-8.591333,19.949,False
1188,40.811113,-8.591013,22.457,False
1189,40.810247,-8.590692,15.963,False
1190,40.809381,-8.590372,15.254,False
1191,40.808515,-8.590051,15.336,False
1192,40.807649,-8.589731,15.31,False
1193,40.806783,-8.589411,15.743,False
1194,40.805917,-8.58909,16.025,False
1195,40.805051,-8.58877,15.132,False
1196,40.804185,-8.588449,16.461,False
1197,40.803319,-8.588129,17.239,False
1198,40.802453,-8.587809,17.102,False
1199,40.801587,-8.587488,15.373,False
1200,40.800721,-8.587168,15.834,False
1201,40.799855,-8.586847,17.104,False
1202,40.798989,-8.586527,18.092,False
1203,40.798123,-8.586207,17.475,False
1204,40.797257,-8.585886,17.318,False
1205,40.796391,-8.585566,18.615,False
1206,40.795525,-8.585245,24.961,False
1207,40.794659,-8.584925,26.121,False
1208,40.793793,-8.584605,25.822,False
1209,40.792927,-8.584284,26.253,False
1210,40.792061,-8.583964,27.77,False
1211,40.791195,-8.583643,28.675,False
1212,40.790329,-8.583323,28.33,False
1213,40.789463,-8.583003,30.133,False
1214,40.788597,-8.582682,33.624,False
1215,40.787731,-8.582362,35.576,False
1216,40.786865,-8.582041,30.796,False
1217,40.785999,-8.581721,30.099,False
1218,40.785133,-8.581401,29.712,False
1219,40.784267,-8.58108,25.364,False
1220,40.783401,-8.58076,25.538,False
1221,40.782535,-8.580439,23.413,False
1222,40.781669,-8.580119,22.523,False
1223,40.780803,-8.579799,22.4,False
1224,40.779937,-8.579478,22.491,False
1225,40.779071,-8.579158,22.166,False
1226,40.778205,-8.578837,21.727,False
1227,40.777339,-8.578517,21.34,False
1228,40.776563,-8.578433,19.543,False
1229,40.777461,-8.578507,21.469,False
1230,40.778358,-8.578582,21.381,False
1231,40.779256,-8.578656,21.388,False
1232,40.780153,-8.578731,22.173,False
1233,40.781051,-8.578805,22.201,False
1234,40.781948,-8.57888,22.075,False
1235,40.782846,-8.578954,22.634,False
1236,40.783743,-8.579037,23.906,False
1237,40.78464,-8.579122,24.104,False
1238,40.785537,-8.579207,24.946,False
1239,40.786434,-8.579292,27.905,False
1240,40.787331,-8.579377,28.919,False
1241,40.788228,-8.579461,30.161,False
