idx,lat,lon,elev_m,below_threshold
0,39.084407,-8.83585,6.31,False
1,39.08479,-8.833586,15.618,False
2,39.085355,-8.831387,16.562,False
3,39.08609,-8.829273,16.326,False
4,39.085955,-8.830065,17.199,False
5,39.085382,-8.832261,20.163,False
6,39.084809,-8.834458,14.939,False
7,39.084438,-8.835734,7.558,False
8,39.085022,-8.833543,17.666,False
9,39.085605,-8.831351,18.632,False
10,39.086189,-8.829159,17.134,False
11,39.086911,-8.82704,12.278,False
12,39.087769,-8.825005,11.674,False
13,39.088718,-8.823037,7.513,False
14,39.089594,-8.821014,10.133,False
15,39.090286,-8.818877,5.708,False
16,39.090763,-8.816644,8.003,False
17,39.091031,-8.814354,7.116,False
18,39.091177,-8.812044,7.457,False
19,39.091403,-8.809747,9.584,False
20,39.091843,-8.807501,9.173,False
21,39.092373,-8.80566,6.973,False
22,39.091503,-8.807688,7.674,False
23,39.090634,-8.809716,6.644,False
24,39.089764,-8.811744,4.215,True
25,39.088894,-8.813772,4.916,True
26,39.088025,-8.8158,3.219,True
27,39.087155,-8.817828,3.274,True
28,39.086285,-8.819856,3.376,True
29,39.085415,-8.821884,2.709,True
30,39.084546,-8.823911,2.616,True
31,39.083676,-8.825939,4.862,True
32,39.082806,-8.827967,4.997,True
33,39.081937,-8.829995,5.049,False
34,39.081067,-8.832023,5.499,False
35,39.080197,-8.834051,4.19,True
36,39.079328,-8.836079,4.726,True
37,39.078458,-8.838107,2.429,True
38,39.077588,-8.840135,2.311,True
39,39.076718,-8.842163,3.044,True
40,39.075849,-8.844191,4.048,True
41,39.074979,-8.846219,4.379,True
42,39.074109,-8.848247,4.673,True
43,39.07324,-8.850275,4.066,True
44,39.07237,-8.852302,2.946,True
45,39.0715,-8.85433,2.949,True
46,39.070631,-8.856358,3.006,True
47,39.069761,-8.858386,3.516,True
48,39.068891,-8.860414,3.327,True
49,39.068021,-8.862442,2.653,True
50,39.067152,-8.86447,4.072,True
51,39.066282,-8.866498,3.411,True
52,39.065412,-8.868526,4.335,True
53,39.064543,-8.870554,3.583,True
54,39.063673,-8.872582,3.961,True
55,39.062803,-8.87461,2.419,True
56,39.061933,-8.876638,2.454,True
57,39.061064,-8.878666,2.588,True
58,39.060194,-8.880694,1.076,True
59,39.059324,-8.882721,2.402,True
60,39.058455,-8.884749,4.199,True
61,39.057585,-8.886777,4.815,True
62,39.056715,-8.888805,3.293,True
63,39.055846,-8.890833,5.193,False
64,39.054976,-8.892861,3.739,True
65,39.054106,-8.894889,4.206,True
66,39.053236,-8.896917,4.767,True
67,39.052367,-8.898945,6.545,False
68,39.051497,-8.900973,4.973,True
69,39.051036,-8.902131,5.027,False
70,39.052029,-8.9002,7.916,False
71,39.05302,-8.898267,7.85,False
72,39.053987,-8.896315,5.356,False
73,39.054948,-8.894356,5.334,False
74,39.055899,-8.892391,4.432,True
75,39.056851,-8.890425,5.48,False
76,39.057802,-8.888459,4.927,True
77,39.058753,-8.886493,6.014,False
78,39.059705,-8.884527,7.877,False
79,39.060656,-8.882562,5.057,False
80,39.061616,-8.880603,2.601,True
81,39.062584,-8.878651,2.351,True
82,39.063518,-8.87667,3.099,True
83,39.064451,-8.87469,6.231,False
84,39.065384,-8.872709,3.706,True
85,39.066317,-8.870729,5.542,False
86,39.067251,-8.868748,6.532,False
87,39.068184,-8.866768,9.437,False
88,39.069117,-8.864787,6.76,False
89,39.070051,-8.862806,4.809,True
90,39.070984,-8.860826,3.038,True
91,39.071917,-8.858845,4.477,True
92,39.07285,-8.856865,2.78,True
93,39.073784,-8.854884,2.814,True
94,39.074717,-8.852903,3.589,True
95,39.07565,-8.850923,4.71,True
96,39.076583,-8.848942,5.053,False
97,39.077517,-8.846962,5.547,False
98,39.07845,-8.844981,4.698,True
99,39.079383,-8.843001,3.088,True
100,39.080316,-8.84102,4.094,True
101,39.08125,-8.839039,4.976,True
102,39.082183,-8.837059,4.505,True
103,39.083116,-8.835078,6.443,False
104,39.084049,-8.833098,5.132,False
105,39.084983,-8.831117,11.812,False
106,39.085916,-8.829136,14.05,False
107,39.086622,-8.827701,12.508,False
108,39.085857,-8.829799,15.467,False
109,39.085154,-8.83193,16.56,False
110,39.084644,-8.834151,14.29,False
111,39.08452,-8.835277,11.686,False
112,39.0851,-8.833084,18.112,False
113,39.085681,-8.830891,17.119,False
114,39.086261,-8.828697,15.627,False
115,39.086842,-8.826504,9.988,False
116,39.087422,-8.824311,7.461,False
117,39.088003,-8.822118,3.433,True
118,39.088583,-8.819924,3.011,True
119,39.089164,-8.817731,3.687,True
120,39.089745,-8.815538,3.769,True
121,39.090325,-8.813344,4.914,True
122,39.090906,-8.811151,6.987,False
123,39.091486,-8.808958,9.626,False
124,39.092067,-8.806765,8.892,False
125,39.092117,-8.806374,8.463,False
126,39.091566,-8.808579,9.242,False
127,39.09123,-8.810853,8.62,False
128,39.091071,-8.813161,6.732,False
129,39.09089,-8.815467,8.604,False
130,39.090519,-8.817733,7.768,False
131,39.089939,-8.819924,7.555,False
132,39.089148,-8.822004,9.311,False
133,39.088213,-8.823983,9.429,False
134,39.087287,-8.825969,11.543,False
135,39.086542,-8.828074,13.988,False
136,39.085932,-8.830254,17.492,False
137,39.085323,-8.832435,20.003,False
138,39.084713,-8.834615,13.807,False
139,39.084221,-8.836836,6.37,False
140,39.083832,-8.839098,5.786,False
141,39.083271,-8.841298,6.287,False
142,39.082523,-8.843404,8.365,False
143,39.081598,-8.84539,10.639,False
144,39.080519,-8.847243,10.474,False
145,39.079386,-8.849042,11.811,False
146,39.078251,-8.85084,8.552,False
147,39.077115,-8.852636,6.726,False
148,39.075975,-8.854428,6.211,False
149,39.074836,-8.856221,4.368,True
150,39.073694,-8.858011,3.795,True
151,39.072546,-8.859795,5.006,False
152,39.071361,-8.861537,4.429,True
153,39.070319,-8.863423,9.573,False
154,39.069297,-8.865329,9.204,False
155,39.068276,-8.867236,10.429,False
156,39.067255,-8.869142,7.53,False
157,39.066233,-8.871049,5.685,False
158,39.065212,-8.872955,4.47,True
159,39.064191,-8.874862,5.021,False
160,39.063169,-8.876768,3.282,True
161,39.062148,-8.878675,2.389,True
162,39.061127,-8.880581,1.746,True
163,39.060105,-8.882488,3.81,True
164,39.059084,-8.884394,6.639,False
165,39.058063,-8.886301,5.022,False
166,39.057041,-8.888207,3.765,True
167,39.05602,-8.890114,3.766,True
168,39.054999,-8.89202,2.566,True
169,39.053977,-8.893927,4.111,True
170,39.052956,-8.895833,2.364,True
171,39.051935,-8.89774,2.77,True
172,39.050914,-8.899646,3.652,True
173,39.049892,-8.901553,2.693,True
174,39.048871,-8.903459,4.002,True
175,39.04785,-8.905366,5.32,False
176,39.046828,-8.907272,3.842,True
177,39.045807,-8.909179,3.372,True
178,39.044786,-8.911085,3.53,True
179,39.043764,-8.912992,0.75,True
180,39.042743,-8.914898,1.773,True
181,39.041722,-8.916805,6.897,False
182,39.0407,-8.918711,5.869,False
183,39.039679,-8.920618,6.128,False
184,39.038658,-8.922524,4.846,True
185,39.037636,-8.924431,4.939,True
186,39.036615,-8.926337,6.489,False
187,39.035594,-8.928244,5.12,False
188,39.034572,-8.930151,2.874,True
189,39.033551,-8.932057,2.744,True
190,39.03253,-8.933964,3.98,True
191,39.033672,-8.932579,2.866,True
192,39.034814,-8.930792,3.956,True
193,39.035884,-8.928931,7.124,False
194,39.036951,-8.927067,8.43,False
195,39.038026,-8.92521,7.887,False
196,39.039122,-8.923374,6.181,False
197,39.040196,-8.921517,5.532,False
198,39.041263,-8.919652,7.202,False
199,39.04233,-8.917788,7.812,False
200,39.043397,-8.915923,3.844,True
201,39.044464,-8.914059,4.79,True
202,39.04553,-8.912194,4.854,True
203,39.046597,-8.91033,5.917,False
204,39.047664,-8.908465,6.198,False
205,39.048718,-8.906589,8.742,False
206,39.049728,-8.904672,7.391,False
207,39.050722,-8.902742,5.281,False
208,39.051702,-8.9008,5.86,False
209,39.052681,-8.898856,8.006,False
210,39.053659,-8.896913,5.933,False
211,39.054638,-8.894969,5.572,False
212,39.055616,-8.893026,4.77,True
213,39.056595,-8.891082,4.897,True
214,39.057574,-8.889138,4.941,True
215,39.058552,-8.887195,6.024,False
216,39.059531,-8.885251,8.186,False
217,39.060509,-8.883308,5.8,False
218,39.061488,-8.881364,4.401,True
219,39.062466,-8.87942,2.481,True
220,39.063445,-8.877477,2.353,True
221,39.064424,-8.875533,5.043,False
222,39.065402,-8.87359,4.59,True
223,39.066381,-8.871646,7.005,False
224,39.067359,-8.869702,9.409,False
225,39.068338,-8.867759,10.752,False
226,39.069316,-8.865815,11.178,False
227,39.070295,-8.863872,10.476,False
228,39.071297,-8.86195,5.497,False
229,39.072431,-8.860151,5.55,False
230,39.073564,-8.858352,3.623,True
231,39.074697,-8.856553,4.719,True
232,39.07583,-8.854754,6.204,False
233,39.076965,-8.852956,7.229,False
234,39.078099,-8.851158,8.167,False
235,39.079234,-8.84936,12.066,False
236,39.080369,-8.847562,11.103,False
237,39.081464,-8.845725,10.313,False
238,39.082417,-8.843762,9.547,False
239,39.083196,-8.841674,6.767,False
240,39.083787,-8.839488,5.483,False
241,39.084199,-8.837233,6.11,False
242,39.083811,-8.837255,6.813,False
243,39.082817,-8.839185,4.48,True
244,39.081823,-8.841116,5.134,False
245,39.080829,-8.843047,2.32,True
246,39.079834,-8.844977,5.704,False
247,39.07884,-8.846908,3.193,True
248,39.077846,-8.848839,4.596,True
249,39.076852,-8.85077,4.709,True
250,39.075858,-8.8527,4.533,True
251,39.074863,-8.854631,3.953,True
252,39.073869,-8.856562,3.92,True
253,39.072875,-8.858492,3.397,True
254,39.071881,-8.860423,4.957,True
255,39.070886,-8.862354,6.393,False
256,39.069892,-8.864285,9.243,False
257,39.068898,-8.866215,10.485,False
258,39.067904,-8.868146,8.379,False
259,39.06691,-8.870077,7.571,False
260,39.065915,-8.872007,4.929,True
261,39.064921,-8.873938,5.48,False
262,39.063927,-8.875869,5.081,False
263,39.062933,-8.8778,2.427,True
264,39.061971,-8.879757,2.986,True
265,39.061018,-8.881722,4.096,True
266,39.060066,-8.883687,6.018,False
267,39.059115,-8.885653,7.153,False
268,39.058164,-8.887619,5.62,False
269,39.057212,-8.889585,5.072,False
270,39.056261,-8.89155,4.279,True
271,39.05531,-8.893516,4.768,True
272,39.054353,-8.895477,5.068,False
273,39.053384,-8.897428,6.315,False
274,39.052364,-8.899337,7.873,False
275,39.051352,-8.901251,4.83,True
276,39.050336,-8.903161,5.459,False
277,39.049281,-8.905037,7.099,False
278,39.048226,-8.906913,7.2,False
279,39.047172,-8.908789,5.949,False
280,39.046117,-8.910665,5.231,False
281,39.045062,-8.912541,4.283,True
282,39.044008,-8.914417,4.17,True
283,39.042953,-8.916293,4.349,True
284,39.041898,-8.918168,7.66,False
285,39.040843,-8.920044,6.565,False
286,39.039789,-8.92192,5.057,False
287,39.038734,-8.923796,6.03,False
288,39.037679,-8.925672,8.284,False
289,39.036624,-8.927548,8.271,False
290,39.03556,-8.929415,5.394,False
291,39.03448,-8.931266,4.235,True
292,39.033298,-8.933009,3.926,True
293,39.032809,-8.933413,3.964,True
294,39.033884,-8.931556,3.17,True
295,39.034959,-8.929699,3.367,True
296,39.036034,-8.927843,6.618,False
297,39.037109,-8.925986,7.409,False
298,39.038184,-8.924129,5.745,False
299,39.039259,-8.922273,4.701,True
300,39.040334,-8.920416,6.21,False
301,39.041409,-8.918559,6.692,False
302,39.042484,-8.916703,5.286,False
303,39.043559,-8.914846,3.146,True
304,39.044634,-8.912989,3.378,True
305,39.045709,-8.911133,4.68,True
306,39.046784,-8.909276,5.786,False
307,39.047859,-8.907419,6.795,False
308,39.048934,-8.905563,7.823,False
309,39.050009,-8.903706,5.941,False
310,39.050384,-8.903134,5.509,False
311,39.04939,-8.905065,7.571,False
312,39.048395,-8.906994,7.842,False
313,39.047366,-8.908893,6.345,False
314,39.046301,-8.91076,5.53,False
315,39.045235,-8.912625,4.525,True
316,39.044168,-8.914489,4.565,True
317,39.043102,-8.916354,4.733,True
318,39.042035,-8.918219,7.855,False
319,39.040968,-8.920083,6.867,False
320,39.039902,-8.921948,5.322,False
321,39.038822,-8.9238,6.216,False
322,39.037729,-8.925639,8.332,False
323,39.036657,-8.927498,8.279,False
324,39.035502,-8.929271,5.406,False
325,39.034315,-8.931011,3.508,True
326,39.033129,-8.932752,3.312,True
327,39.031943,-8.934492,3.242,True
328,39.030529,-8.935908,4.237,True
329,39.028975,-8.937071,2.557,True
330,39.027399,-8.938188,1.967,True
331,39.025823,-8.939305,2.31,True
332,39.024248,-8.940421,3.298,True
333,39.022672,-8.941538,3.557,True
334,39.021096,-8.942654,5.377,False
335,39.019521,-8.943771,4.39,True
336,39.017945,-8.944887,4.152,True
337,39.016369,-8.946002,5.509,False
338,39.014792,-8.947117,5.288,False
339,39.013215,-8.94823,4.944,True
340,39.011638,-8.949341,4.962,True
341,39.01006,-8.950453,8.496,False
342,39.008475,-8.951548,5.494,False
343,39.007534,-8.952161,5.585,False
344,39.0091,-8.951022,5.343,False
345,39.010666,-8.949884,6.176,False
346,39.012232,-8.948745,4.248,True
347,39.013798,-8.947606,5.576,False
348,39.015364,-8.946468,5.71,False
349,39.01693,-8.945329,3.912,True
350,39.018496,-8.94419,3.833,True
351,39.020062,-8.943051,5.786,False
352,39.021628,-8.941913,5.3,False
353,39.023194,-8.940774,3.176,True
354,39.02476,-8.939635,2.781,True
355,39.026326,-8.938496,3.407,True
356,39.027892,-8.937358,2.732,True
357,39.029458,-8.936219,2.273,True
358,39.031024,-8.93508,3.476,True
359,39.032308,-8.934196,3.63,True
360,39.032326,-8.933701,3.378,True
361,39.033353,-8.9318,2.856,True
362,39.034381,-8.929899,2.632,True
363,39.035408,-8.927998,4.612,True
364,39.036436,-8.926097,6.002,False
365,39.037463,-8.924196,3.611,True
366,39.038491,-8.922295,5.109,False
367,39.039518,-8.920394,6.578,False
368,39.040546,-8.918493,6.212,False
369,39.041573,-8.916592,6.656,False
370,39.0426,-8.914691,1.868,True
371,39.043628,-8.91279,1.051,True
372,39.044655,-8.910889,3.395,True
373,39.045683,-8.908988,3.016,True
374,39.04671,-8.907087,3.692,True
375,39.047738,-8.905186,5.259,False
376,39.048765,-8.903285,4.005,True
377,39.049793,-8.901384,2.412,True
378,39.05082,-8.899483,3.86,True
379,39.051848,-8.897582,2.62,True
380,39.052875,-8.895681,2.135,True
381,39.053903,-8.89378,3.59,True
382,39.05493,-8.891879,2.129,True
383,39.055958,-8.889978,3.317,True
384,39.056985,-8.888077,3.781,True
385,39.058013,-8.886176,4.627,True
386,39.05904,-8.884275,6.588,False
387,39.060067,-8.882374,3.595,True
388,39.061095,-8.880473,1.879,True
389,39.062122,-8.878572,2.337,True
390,39.06315,-8.876671,3.447,True
391,39.064177,-8.87477,5.122,False
392,39.065205,-8.872869,4.398,True
393,39.066232,-8.870968,5.536,False
394,39.06726,-8.869067,7.334,False
395,39.068287,-8.867166,10.375,False
396,39.069315,-8.865265,9.02,False
397,39.070342,-8.863364,9.481,False
398,39.071038,-8.862002,5.196,False
399,39.069843,-8.863733,7.38,False
400,39.068732,-8.865555,8.138,False
401,39.067743,-8.867488,8.216,False
402,39.066822,-8.869478,6.953,False
403,39.065901,-8.871468,4.899,True
404,39.06498,-8.873458,5.431,False
405,39.064059,-8.875448,5.166,False
406,39.062907,-8.8772,2.439,True
407,39.061591,-8.878777,3.166,True
408,39.060274,-8.880355,1.35,True
409,39.058957,-8.881932,1.488,True
410,39.057641,-8.88351,2.79,True
411,39.056324,-8.885087,2.491,True
412,39.055008,-8.886665,1.498,True
413,39.053691,-8.888243,1.219,True
414,39.052375,-8.88982,2.172,True
415,39.051058,-8.891398,2.409,True
416,39.049742,-8.892975,1.401,True
417,39.048425,-8.894553,3.224,True
418,39.047109,-8.89613,2.184,True
419,39.045792,-8.897708,3.29,True
420,39.044476,-8.899285,2.568,True
421,39.043159,-8.900863,3.985,True
422,39.041843,-8.90244,2.775,True
423,39.040526,-8.904018,3.087,True
424,39.03921,-8.905595,3.89,True
425,39.037893,-8.907173,3.438,True
426,39.036576,-8.90875,4.757,True
427,39.03526,-8.910328,3.838,True
428,39.033943,-8.911905,2.695,True
429,39.032627,-8.913483,2.838,True
430,39.03131,-8.915061,3.643,True
431,39.029994,-8.916638,3.548,True
432,39.028677,-8.918216,1.61,True
433,39.027361,-8.919793,0.0,True
434,39.026044,-8.921371,0.0,True
435,39.024728,-8.922948,0.0,True
436,39.023411,-8.924526,0.0,True
437,39.022095,-8.926103,0.0,True
438,39.020778,-8.927681,0.0,True
439,39.019462,-8.929258,0.0,True
440,39.018145,-8.930836,0.0,True
441,39.016829,-8.932413,0.0,True
442,39.015512,-8.933991,0.0,True
443,39.014196,-8.935568,0.0,True
444,39.012879,-8.937146,0.0,True
445,39.011562,-8.938723,0.0,True
446,39.010246,-8.940301,0.0,True
447,39.008929,-8.941879,1.089,True
448,39.007613,-8.943456,4.387,True
449,39.006296,-8.945034,2.792,True
450,39.00498,-8.946611,3.35,True
451,39.003663,-8.948189,5.787,False
452,39.002347,-8.949766,3.974,True
453,39.00103,-8.951344,3.817,True
454,38.999714,-8.952921,4.8,True
455,38.998397,-8.954499,2.766,True
456,38.997081,-8.956076,2.962,True
457,38.995764,-8.957654,3.474,True
458,38.994448,-8.959231,3.962,True
459,38.993131,-8.960809,5.098,False
460,38.991815,-8.962386,2.1,True
461,38.990498,-8.963964,4.039,True
462,38.989718,-8.965043,4.151,True
463,38.991294,-8.963928,4.844,True
464,38.99287,-8.962813,6.442,False
465,38.994199,-8.961264,4.986,True
466,38.995499,-8.959663,3.466,True
467,38.996798,-8.958062,2.29,True
468,38.998098,-8.956462,3.057,True
469,38.999398,-8.954861,3.13,True
470,39.000697,-8.95326,5.347,False
471,39.001997,-8.95166,2.788,True
472,39.003296,-8.950059,5.848,False
473,39.004596,-8.948458,4.95,True
474,39.005896,-8.946858,1.916,True
475,39.007195,-8.945257,2.627,True
476,39.008495,-8.943656,3.727,True
477,39.009794,-8.942056,4.853,True
478,39.011094,-8.940455,1.124,True
479,39.012393,-8.938854,0.0,True
480,39.013693,-8.937254,0.0,True
481,39.014993,-8.935653,0.0,True
482,39.016292,-8.934052,0.0,True
483,39.017592,-8.932452,0.0,True
484,39.018891,-8.930851,0.0,True
485,39.020191,-8.92925,0.0,True
486,39.021491,-8.92765,0.0,True
487,39.02279,-8.926049,0.0,True
488,39.02409,-8.924448,0.0,True
489,39.025389,-8.922848,0.0,True
490,39.026689,-8.921247,0.0,True
491,39.027989,-8.919646,0.0,True
492,39.029288,-8.918045,3.807,True
493,39.030588,-8.916445,3.99,True
494,39.031887,-8.914844,3.112,True
495,39.033187,-8.913243,3.517,True
496,39.034487,-8.911643,4.06,True
497,39.035786,-8.910042,4.056,True
498,39.037086,-8.908441,4.188,True
499,39.038385,-8.906841,3.8,True
500,39.039685,-8.90524,3.676,True
501,39.040984,-8.903639,3.087,True
502,39.042284,-8.902039,2.304,True
503,39.043584,-8.900438,3.759,True
504,39.044883,-8.898837,2.603,True
505,39.046183,-8.897237,3.92,True
506,39.047482,-8.895636,2.504,True
507,39.048782,-8.894035,2.706,True
508,39.050082,-8.892435,2.216,True
509,39.051381,-8.890834,1.538,True
510,39.052681,-8.889233,1.538,True
511,39.05398,-8.887633,1.738,True
512,39.05528,-8.886032,3.492,True
513,39.05658,-8.884431,1.985,True
514,39.057879,-8.882831,3.178,True
515,39.059179,-8.88123,1.843,True
516,39.060478,-8.879629,2.67,True
517,39.061778,-8.878028,2.1,True
518,39.063077,-8.876428,3.826,True
519,39.064299,-8.874952,4.986,True
520,39.064028,-8.875746,5.311,False
521,39.062994,-8.87764,2.331,True
522,39.061959,-8.879535,3.021,True
523,39.060924,-8.881429,3.357,True
524,39.05989,-8.883323,4.897,True
525,39.058855,-8.885218,5.956,False
526,39.057821,-8.887112,5.443,False
527,39.056786,-8.889007,3.49,True
528,39.055751,-8.890901,5.154,False
529,39.054717,-8.892796,3.059,True
530,39.053682,-8.89469,3.056,True
531,39.052647,-8.896585,2.721,True
532,39.051613,-8.898479,3.721,True
533,39.050578,-8.900374,2.995,True
534,39.049544,-8.902268,4.197,True
535,39.048509,-8.904163,3.804,True
536,39.047474,-8.906057,5.189,False
537,39.04644,-8.907952,3.16,True
538,39.045405,-8.909846,2.635,True
539,39.04437,-8.91174,2.769,True
540,39.043336,-8.913635,2.635,True
541,39.042301,-8.915529,1.635,True
542,39.041266,-8.917424,8.843,False
543,39.040232,-8.919318,5.63,False
544,39.039197,-8.921213,4.86,True
545,39.038163,-8.923107,3.329,True
546,39.037128,-8.925002,5.123,False
547,39.036093,-8.926896,6.485,False
548,39.035059,-8.928791,3.921,True
549,39.034024,-8.930685,3.027,True
550,39.032989,-8.93258,2.931,True
551,39.031955,-8.934474,3.252,True
552,39.032755,-8.933542,3.955,True
553,39.033774,-8.931634,3.049,True
554,39.034793,-8.929725,3.092,True
555,39.035812,-8.927817,5.804,False
556,39.036831,-8.925908,6.465,False
557,39.03785,-8.924,4.434,True
558,39.038869,-8.922091,4.497,True
559,39.039888,-8.920183,6.677,False
560,39.040907,-8.918274,6.917,False
561,39.041926,-8.916366,5.252,False
562,39.042945,-8.914457,2.735,True
563,39.043964,-8.912549,1.217,True
564,39.044983,-8.91064,3.133,True
565,39.046002,-8.908732,3.532,True
566,39.047021,-8.906823,4.113,True
567,39.04804,-8.904915,4.962,True
568,39.049059,-8.903006,4.089,True
569,39.050078,-8.901098,2.692,True
570,39.051097,-8.899189,3.845,True
571,39.052116,-8.897281,2.002,True
572,39.053135,-8.895372,1.905,True
573,39.054154,-8.893464,2.773,True
574,39.055173,-8.891555,2.693,True
575,39.056192,-8.889647,3.162,True
576,39.057211,-8.887738,4.404,True
577,39.05823,-8.88583,4.163,True
578,39.059249,-8.883921,6.527,False
579,39.060268,-8.882013,3.615,True
580,39.061287,-8.880104,3.082,True
581,39.062306,-8.878196,2.154,True
582,39.063325,-8.876287,4.067,True
583,39.064344,-8.874379,6.53,False
584,39.065363,-8.87247,3.641,True
585,39.066382,-8.870562,5.657,False
586,39.067401,-8.868653,6.874,False
587,39.068415,-8.86674,10.061,False
588,39.069468,-8.864862,8.499,False
589,39.070598,-8.86306,9.322,False
590,39.070582,-8.863261,10.338,False
591,39.069576,-8.865182,10.061,False
592,39.06857,-8.867103,11.304,False
593,39.067565,-8.869023,8.425,False
594,39.066559,-8.870944,6.641,False
595,39.065554,-8.872865,3.725,True
596,39.064548,-8.874786,6.351,False
597,39.065294,-8.873228,4.443,True
598,39.066245,-8.871262,6.108,False
599,39.067188,-8.869289,7.74,False
600,39.068127,-8.867314,9.896,False
601,39.067375,-8.868255,6.288,False
602,39.066505,-8.870283,6.068,False
603,39.06559,-8.872277,3.63,True
604,39.06464,-8.874244,6.324,False
605,39.063464,-8.875976,4.664,True
606,39.062178,-8.877595,2.075,True
607,39.060892,-8.879214,3.228,True
608,39.059606,-8.880834,1.463,True
609,39.058321,-8.882453,2.778,True
610,39.057035,-8.884072,1.47,True
611,39.055749,-8.885691,4.153,True
612,39.054463,-8.88731,1.577,True
613,39.053178,-8.888929,1.081,True
614,39.051892,-8.890548,1.968,True
615,39.050606,-8.892168,2.81,True
616,39.04932,-8.893787,2.46,True
617,39.048035,-8.895406,3.265,True
618,39.046749,-8.897025,3.415,True
619,39.045463,-8.898644,2.689,True
620,39.044177,-8.900263,3.365,True
621,39.042892,-8.901882,3.43,True
622,39.041606,-8.903502,3.235,True
623,39.04032,-8.905121,3.226,True
624,39.039035,-8.90674,2.65,True
625,39.037749,-8.908359,3.92,True
626,39.036463,-8.909978,3.339,True
627,39.035177,-8.911597,4.667,True
628,39.033892,-8.913216,2.516,True
629,39.032606,-8.914836,2.671,True
630,39.03132,-8.916455,3.935,True
631,39.030034,-8.918074,3.373,True
632,39.028749,-8.919693,2.996,True
633,39.027463,-8.921312,0.0,True
634,39.026177,-8.922931,0.0,True
635,39.024891,-8.92455,0.0,True
636,39.023606,-8.92617,0.0,True
637,39.02232,-8.927789,0.0,True
638,39.021034,-8.929408,0.0,True
639,39.019748,-8.931027,0.0,True
640,39.018463,-8.932646,0.0,True
641,39.017177,-8.934265,0.0,True
642,39.015891,-8.935884,0.0,True
643,39.014605,-8.937504,0.0,True
644,39.01332,-8.939123,0.582,True
645,39.012034,-8.940742,5.13,False
646,39.010748,-8.942361,4.163,True
647,39.009462,-8.94398,3.206,True
648,39.008177,-8.945599,4.77,True
649,39.006891,-8.947218,2.89,True
650,39.005605,-8.948838,5.265,False
651,39.004319,-8.950457,6.304,False
652,39.003034,-8.952076,4.969,True
653,39.001748,-8.953695,4.712,True
654,39.000462,-8.955314,4.061,True
655,38.999176,-8.956933,4.086,True
656,38.997891,-8.958552,2.835,True
657,38.997012,-8.959772,3.654,True
658,38.998577,-8.958631,3.591,True
659,39.000152,-8.957514,3.784,True
660,39.001723,-8.956386,5.667,False
661,39.003284,-8.955237,6.668,False
662,39.004858,-8.954117,6.127,False
663,39.006434,-8.953003,6.648,False
664,39.008018,-8.951906,5.416,False
665,39.009609,-8.950826,7.268,False
666,39.011186,-8.949713,5.312,False
667,39.012763,-8.9486,4.355,True
668,39.01434,-8.947486,5.537,False
669,39.015917,-8.946373,6.012,False
670,39.017494,-8.945259,3.837,True
671,39.01907,-8.944145,3.464,True
672,39.020646,-8.943029,4.806,True
673,39.022222,-8.941913,4.38,True
674,39.023798,-8.940796,3.641,True
675,39.025373,-8.93968,2.839,True
676,39.026949,-8.938563,2.583,True
677,39.028525,-8.937447,2.944,True
678,39.030092,-8.936312,3.481,True
679,39.031582,-8.935017,2.93,True
680,39.030363,-8.935844,4.147,True
681,39.028792,-8.936971,2.409,True
682,39.027221,-8.938098,2.088,True
683,39.02565,-8.939225,2.348,True
684,39.024079,-8.940352,3.186,True
685,39.022507,-8.941478,3.887,True
686,39.020936,-8.942605,5.478,False
687,39.019365,-8.943732,4.164,True
688,39.017794,-8.944859,4.118,True
689,39.016223,-8.945986,5.611,False
690,39.014651,-8.947113,5.314,False
691,39.01308,-8.948239,4.887,True
692,39.011509,-8.949366,5.081,False
693,39.009938,-8.950493,8.302,False
694,39.008367,-8.95162,5.472,False
695,39.007036,-8.952576,5.795,False
696,39.005845,-8.95342,6.364,False
697,39.006721,-8.952798,6.299,False
698,39.005539,-8.953651,6.142,False
699,39.003969,-8.95478,6.861,False
700,39.002399,-8.955909,4.843,True
701,39.000829,-8.957039,4.039,True
702,38.999259,-8.958168,3.851,True
703,38.997689,-8.959297,3.695,True
704,38.997191,-8.959649,3.697,True
705,38.998758,-8.958513,3.721,True
706,39.000326,-8.957378,3.686,True
707,39.001893,-8.956242,5.427,False
708,39.00346,-8.955107,6.806,False
709,39.005028,-8.953972,6.112,False
710,39.006595,-8.952836,6.47,False
711,39.005624,-8.953517,6.2,False
712,39.006904,-8.952613,5.934,False
713,39.005942,-8.9533,6.438,False
714,39.004369,-8.954424,6.394,False
715,39.002797,-8.955548,5.661,False
716,39.001224,-8.956671,5.191,False
717,38.999652,-8.957795,3.75,True
718,38.99808,-8.958919,3.623,True
719,38.996507,-8.960041,3.531,True
720,38.994924,-8.96114,5.016,False
721,38.993329,-8.962212,6.262,False
722,38.991751,-8.963321,4.369,True
723,38.990173,-8.964433,3.78,True
724,38.990066,-8.96451,3.792,True
725,38.991643,-8.963396,4.434,True
726,38.993219,-8.962282,6.166,False
727,38.994796,-8.961168,5.135,False
728,38.996373,-8.960054,3.546,True
729,38.997949,-8.95894,3.562,True
730,38.999526,-8.957826,3.789,True
731,39.001102,-8.956712,4.872,True
732,39.002679,-8.955598,5.269,False
733,39.004256,-8.954485,6.49,False
734,39.00512,-8.953874,6.11,False
735,39.003545,-8.954991,6.767,False
736,39.001983,-8.956139,5.176,False
737,39.000415,-8.957272,3.614,True
738,38.998839,-8.958388,3.738,True
739,38.997264,-8.959505,3.613,True
740,38.995684,-8.960612,4.089,True
741,38.994103,-8.961715,5.512,False
742,38.992522,-8.962819,4.219,True
743,38.990941,-8.963922,4.512,True
744,38.98936,-8.965025,3.719,True
745,38.987779,-8.966128,5.653,False
746,38.986202,-8.967241,6.302,False
747,38.984624,-8.968353,4.424,True
748,38.983059,-8.969492,4.779,True
749,38.981511,-8.970671,3.307,True
750,38.979941,-8.971798,5.829,False
751,38.978369,-8.972923,7.556,False
752,38.976797,-8.974048,6.972,False
753,38.975226,-8.975174,7.752,False
754,38.973654,-8.976299,6.856,False
755,38.972083,-8.977424,5.882,False
756,38.970511,-8.978549,5.844,False
757,38.968939,-8.979674,5.662,False
758,38.967368,-8.980799,6.769,False
759,38.965805,-8.981918,6.499,False
760,38.967381,-8.980805,6.782,False
761,38.968958,-8.979693,5.712,False
762,38.970535,-8.97858,5.914,False
763,38.972112,-8.977467,5.967,False
764,38.973689,-8.976355,6.937,False
765,38.975266,-8.975242,7.876,False
766,38.976843,-8.974129,7.058,False
767,38.97842,-8.973017,7.631,False
768,38.979997,-8.971904,5.684,False
769,38.981574,-8.970791,3.346,True
770,38.983151,-8.969679,4.712,True
771,38.984729,-8.968567,4.73,True
772,38.986306,-8.967454,6.836,False
773,38.987501,-8.966609,6.384,False
774,38.985924,-8.967722,6.508,False
775,38.984347,-8.968835,5.497,False
776,38.98277,-8.969947,4.477,True
777,38.981193,-8.97106,3.773,True
778,38.979616,-8.972173,6.242,False
779,38.978039,-8.973285,6.955,False
780,38.976462,-8.974398,6.417,False
781,38.974885,-8.975511,8.964,False
782,38.973308,-8.976624,7.242,False
783,38.971731,-8.977736,5.719,False
784,38.970154,-8.978849,6.17,False
785,38.968577,-8.979962,6.039,False
786,38.967,-8.981074,7.576,False
787,38.966263,-8.981597,7.362,False
788,38.967844,-8.980493,6.296,False
789,38.969422,-8.979385,5.918,False
790,38.970999,-8.978272,5.322,False
791,38.972576,-8.977159,6.472,False
792,38.974153,-8.976046,7.617,False
793,38.975729,-8.974931,6.548,False
794,38.977305,-8.973817,7.295,False
795,38.978882,-8.972703,7.421,False
796,38.980457,-8.971587,4.551,True
797,38.978961,-8.97264,7.247,False
798,38.977383,-8.97375,7.175,False
799,38.975805,-8.97486,6.372,False
800,38.974227,-8.97597,7.774,False
801,38.972649,-8.97708,6.592,False
802,38.971071,-8.97819,5.23,False
803,38.969493,-8.9793,5.92,False
804,38.967915,-8.98041,6.244,False
805,38.966337,-8.98152,7.477,False
806,38.964759,-8.98263,7.361,False
807,38.963181,-8.98374,7.53,False
808,38.961603,-8.98485,8.862,False
809,38.960025,-8.98596,10.351,False
810,38.958447,-8.98707,12.975,False
811,38.956869,-8.98818,15.48,False
812,38.955291,-8.98929,14.668,False
813,38.953713,-8.9904,13.379,False
814,38.952135,-8.99151,21.873,False
815,38.950557,-8.99262,33.585,False
816,38.948979,-8.99373,33.659,False
817,38.947401,-8.994841,40.397,False
818,38.945823,-8.995951,27.681,False
819,38.944245,-8.997061,13.146,False
820,38.942667,-8.998171,12.007,False
821,38.941089,-8.999281,10.801,False
822,38.939511,-9.000391,9.709,False
823,38.937933,-9.001501,8.74,False
824,38.936355,-9.002611,10.913,False
825,38.934777,-9.003721,7.782,False
826,38.93401,-9.003969,6.624,False
827,38.935329,-9.002401,8.87,False
828,38.936749,-9.000982,5.884,False
829,38.938172,-8.999568,7.451,False
830,38.939595,-8.998154,7.744,False
831,38.941022,-8.996746,9.078,False
832,38.942531,-8.995491,7.413,False
833,38.944126,-8.994421,6.205,False
834,38.94573,-8.993376,10.616,False
835,38.947335,-8.992331,10.6,False
836,38.94894,-8.991286,16.515,False
837,38.950509,-8.990159,9.369,False
838,38.951975,-8.98882,9.591,False
839,38.953537,-8.987726,13.066,False
840,38.955223,-8.98692,10.539,False
841,38.956909,-8.986114,6.494,False
842,38.958595,-8.985308,5.704,False
843,38.960281,-8.984502,5.035,False
844,38.961967,-8.983696,6.784,False
845,38.963653,-8.982889,6.385,False
846,38.965339,-8.982083,7.594,False
847,38.966861,-8.981116,6.106,False
848,38.968436,-8.98,6.081,False
849,38.970011,-8.978883,5.418,False
850,38.971586,-8.977766,7.281,False
851,38.973162,-8.976649,8.89,False
852,38.974737,-8.975532,6.171,False
853,38.976312,-8.974415,6.647,False
854,38.977887,-8.973299,6.302,False
855,38.979462,-8.972182,5.941,False
856,38.979884,-8.97191,7.484,False
857,38.978318,-8.973049,6.863,False
858,38.976742,-8.974163,8.147,False
859,38.975166,-8.975277,6.939,False
860,38.973589,-8.976391,5.884,False
861,38.972012,-8.977502,5.945,False
862,38.970433,-8.978612,5.727,False
863,38.968859,-8.979731,6.822,False
864,38.967279,-8.980837,6.393,False
865,38.965699,-8.981941,7.225,False
866,38.964129,-8.98307,6.381,False
867,38.9625,-8.984045,6.197,False
868,38.960751,-8.984571,4.853,True
869,38.958963,-8.984801,6.671,False
870,38.957209,-8.985296,9.03,False
871,38.955523,-8.9861,7.112,False
872,38.957108,-8.985388,4.961,True
873,38.958856,-8.984864,6.404,False
874,38.960645,-8.984647,6.211,False
875,38.962398,-8.984146,7.155,False
876,38.96393,-8.98325,5.622,False
877,38.962224,-8.983983,6.527,False
878,38.960518,-8.984717,6.619,False
879,38.958812,-8.98545,11.43,False
880,38.957107,-8.986184,13.136,False
881,38.955401,-8.986917,10.349,False
882,38.953695,-8.987651,9.115,False
883,38.952097,-8.988645,16.302,False
884,38.950638,-8.989997,9.895,False
885,38.949079,-8.991146,10.088,False
886,38.947474,-8.992192,6.141,False
887,38.94587,-8.993237,6.518,False
888,38.944265,-8.994283,9.169,False
889,38.942668,-8.995344,7.379,False
890,38.941147,-8.996576,6.909,False
891,38.939716,-8.997977,5.53,False
892,38.938293,-8.999392,9.073,False
893,38.93687,-9.000806,6.642,False
894,38.935449,-9.002223,6.973,False
895,38.934106,-9.003757,9.864,False
896,38.934507,-9.003623,6.274,False
897,38.935939,-9.002221,6.206,False
898,38.93737,-9.00082,8.547,False
899,38.938801,-8.999418,9.195,False
900,38.940233,-8.998017,9.661,False
901,38.941664,-8.996615,1.191,True
902,38.943096,-8.995214,0.134,True
903,38.944527,-8.993812,0.0,True
904,38.945958,-8.992411,0.0,True
905,38.94739,-8.991009,0.0,True
906,38.948821,-8.989608,0.0,True
907,38.950252,-8.988206,0.0,True
908,38.951684,-8.986805,0.0,True
909,38.953115,-8.985403,0.0,True
910,38.954546,-8.984002,0.737,True
911,38.955978,-8.9826,5.954,False
912,38.957409,-8.981199,4.569,True
913,38.95884,-8.979797,3.304,True
914,38.960272,-8.978396,2.418,True
915,38.961703,-8.976994,4.02,True
916,38.963134,-8.975593,2.5,True
917,38.964566,-8.974191,2.111,True
918,38.965997,-8.97279,3.325,True
919,38.967428,-8.971388,3.377,True
920,38.96886,-8.969986,2.82,True
921,38.970291,-8.968585,1.553,True
922,38.971722,-8.967183,2.65,True
923,38.973154,-8.965782,3.147,True
924,38.974585,-8.96438,1.506,True
925,38.976016,-8.962979,3.489,True
926,38.977448,-8.961577,4.686,True
927,38.978879,-8.960176,3.44,True
928,38.980311,-8.958774,2.365,True
929,38.981742,-8.957373,2.795,True
930,38.983173,-8.955971,2.786,True
931,38.984605,-8.95457,3.373,True
932,38.986036,-8.953168,4.172,True
933,38.987467,-8.951767,3.82,True
934,38.988899,-8.950365,4.398,True
935,38.99033,-8.948964,0.0,True
936,38.991761,-8.947562,0.0,True
937,38.993193,-8.946161,0.0,True
938,38.994624,-8.944759,0.0,True
939,38.996055,-8.943358,0.0,True
940,38.997487,-8.941956,0.0,True
941,38.998918,-8.940555,0.0,True
942,39.000349,-8.939153,0.0,True
943,39.001781,-8.937752,0.0,True
944,39.003212,-8.93635,0.0,True
945,39.004643,-8.934949,0.0,True
946,39.006075,-8.933547,0.0,True
947,39.007506,-8.932146,1.755,True
948,39.008937,-8.930744,3.652,True
949,39.010369,-8.929343,4.058,True
950,39.0118,-8.927941,4.28,True
951,39.013231,-8.92654,2.375,True
952,39.014663,-8.925138,3.648,True
953,39.016094,-8.923737,3.299,True
954,39.017525,-8.922335,2.944,True
955,39.018957,-8.920934,4.324,True
956,39.020388,-8.919532,1.164,True
957,39.02182,-8.918131,0.0,True
958,39.023251,-8.916729,0.0,True
959,39.024682,-8.915327,0.0,True
960,39.026114,-8.913926,0.0,True
961,39.027545,-8.912524,0.0,True
962,39.028976,-8.911123,4.736,True
963,39.030408,-8.909721,2.626,True
964,39.031839,-8.90832,3.63,True
965,39.03327,-8.906918,4.027,True
966,39.034702,-8.905517,2.836,True
967,39.036133,-8.904115,3.507,True
968,39.037564,-8.902714,3.656,True
969,39.038996,-8.901312,2.74,True
970,39.040427,-8.899911,2.358,True
971,39.041858,-8.898509,4.073,True
972,39.04329,-8.897108,2.673,True
973,39.044721,-8.895706,2.924,True
974,39.046152,-8.894305,2.434,True
975,39.047584,-8.892903,2.07,True
976,39.049015,-8.891502,1.568,True
977,39.050446,-8.8901,0.852,True
978,39.051878,-8.888699,3.516,True
979,39.053309,-8.887297,2.045,True
980,39.05474,-8.885896,2.407,True
981,39.056172,-8.884494,1.841,True
982,39.057603,-8.883093,1.555,True
983,39.059035,-8.881691,2.943,True
984,39.060466,-8.88029,2.301,True
985,39.061897,-8.878888,5.306,False
986,39.063241,-8.877382,2.6,True
987,39.064095,-8.875618,2.43,True
988,39.06268,-8.877047,2.118,True
989,39.061265,-8.878476,1.911,True
990,39.05985,-8.879905,1.193,True
991,39.058435,-8.881334,2.094,True
992,39.05702,-8.882763,2.517,True
993,39.055605,-8.884192,1.61,True
994,39.05419,-8.885621,1.856,True
995,39.052775,-8.88705,2.228,True
996,39.05136,-8.888479,1.618,True
997,39.049945,-8.889907,2.441,True
998,39.04853,-8.891336,2.278,True
999,39.047115,-8.892765,3.991,True
1000,39.0457,-8.894194,2.481,True
1001,39.044285,-8.895623,2.608,True
1002,39.04287,-8.897052,3.413,True
1003,39.041455,-8.898481,2.96,True
1004,39.04004,-8.89991,3.165,True
1005,39.038625,-8.901339,3.991,True
1006,39.03721,-8.902768,2.909,True
1007,39.035795,-8.904197,2.936,True
1008,39.03438,-8.905626,3.799,True
1009,39.032965,-8.907055,0.0,True
1010,39.03155,-8.908484,0.0,True
1011,39.030135,-8.909912,0.0,True
1012,39.02872,-8.911341,0.0,True
1013,39.027305,-8.91277,0.0,True
1014,39.02589,-8.914199,1.146,True
1015,39.024475,-8.915628,5.098,False
1016,39.02306,-8.917057,3.128,True
1017,39.021645,-8.918486,3.411,True
1018,39.02023,-8.919915,4.215,True
1019,39.018815,-8.921344,2.367,True
1020,39.0174,-8.922773,4.451,True
1021,39.015985,-8.924202,4.594,True
1022,39.01457,-8.925631,2.421,True
1023,39.013155,-8.92706,0.0,True
1024,39.01174,-8.928488,0.0,True
1025,39.010325,-8.929917,0.0,True
1026,39.00891,-8.931346,0.0,True
1027,39.007495,-8.932775,0.0,True
1028,39.00608,-8.934204,0.0,True
1029,39.004665,-8.935633,0.0,True
1030,39.00325,-8.937062,0.0,True
1031,39.001835,-8.938491,0.0,True
1032,39.00042,-8.93992,0.0,True
1033,38.999005,-8.941349,0.0,True
1034,38.99759,-8.942778,0.0,True
1035,38.996175,-8.944207,0.763,True
1036,38.99476,-8.945636,4.51,True
1037,38.993345,-8.947064,2.38,True
1038,38.99193,-8.948493,3.39,True
1039,38.990515,-8.949922,3.817,True
1040,38.9891,-8.951351,3.368,True
1041,38.987685,-8.95278,2.293,True
1042,38.98627,-8.954209,1.992,True
1043,38.984855,-8.955638,3.594,True
1044,38.98344,-8.957067,5.525,False
1045,38.982025,-8.958496,1.278,True
1046,38.98061,-8.959925,1.367,True
1047,38.979195,-8.961354,1.908,True
1048,38.97778,-8.962783,4.976,True
1049,38.976365,-8.964212,3.014,True
1050,38.97495,-8.965641,3.444,True
1051,38.973535,-8.967069,3.064,True
1052,38.97212,-8.968498,3.545,True
1053,38.970705,-8.969927,2.823,True
1054,38.96929,-8.971356,1.939,True
1055,38.967875,-8.972785,4.383,True
1056,38.96646,-8.974214,1.785,True
1057,38.965045,-8.975643,2.528,True
1058,38.96363,-8.977072,2.014,True
1059,38.962215,-8.978501,2.189,True
1060,38.9608,-8.97993,4.666,True
1061,38.959385,-8.981359,6.734,False
1062,38.95797,-8.982788,7.693,False
1063,38.956555,-8.984217,10.806,False
1064,38.95514,-8.985645,7.244,False
1065,38.953725,-8.987074,10.737,False
1066,38.95303,-8.987787,7.972,False
1067,38.954577,-8.98662,6.95,False
1068,38.956259,-8.985803,5.354,False
1069,38.958,-8.985222,4.73,True
1070,38.959741,-8.984641,7.338,False
1071,38.961482,-8.984061,7.297,False
1072,38.963223,-8.98348,7.68,False
1073,38.964868,-8.982591,6.218,False
1074,38.966441,-8.981469,6.125,False
1075,38.968018,-8.980357,5.235,False
1076,38.969596,-8.979245,6.811,False
1077,38.971173,-8.978133,8.025,False
1078,38.97275,-8.977021,6.272,False
1079,38.974327,-8.975909,7.026,False
1080,38.975905,-8.974797,7.016,False
1081,38.977482,-8.973685,4.207,True
1082,38.979059,-8.972573,3.771,True
1083,38.980636,-8.971461,5.634,False
1084,38.982212,-8.970344,4.531,True
1085,38.98365,-8.968978,4.716,True
1086,38.984996,-8.967442,3.858,True
1087,38.986342,-8.965906,2.375,True
1088,38.987688,-8.96437,4.259,True
1089,38.989033,-8.962834,2.317,True
1090,38.990379,-8.961298,5.338,False
1091,38.991725,-8.959762,2.873,True
1092,38.993071,-8.958226,4.22,True
1093,38.994417,-8.95669,4.714,True
1094,38.995762,-8.955154,3.761,True
1095,38.997108,-8.953618,4.348,True
1096,38.998454,-8.952082,4.863,True
1097,38.9998,-8.950546,6.065,False
1098,39.001145,-8.94901,4.37,True
1099,39.002491,-8.947474,6.795,False
1100,39.003837,-8.945938,0.0,True
1101,39.005183,-8.944402,0.0,True
1102,39.006529,-8.942866,0.0,True
1103,39.007874,-8.94133,0.0,True
1104,39.00922,-8.939794,0.0,True
1105,39.010566,-8.938258,0.0,True
1106,39.011912,-8.936722,0.0,True
1107,39.013257,-8.935186,0.0,True
1108,39.014603,-8.93365,0.0,True
1109,39.015949,-8.932114,0.0,True
1110,39.017295,-8.930578,0.0,True
1111,39.018641,-8.929042,0.0,True
1112,39.019986,-8.927506,0.0,True
1113,39.021332,-8.92597,0.0,True
1114,39.022678,-8.924434,0.0,True
1115,39.024024,-8.922898,0.0,True
1116,39.02537,-8.921362,0.0,True
1117,39.026715,-8.919826,4.464,True
1118,39.028061,-8.91829,3.719,True
1119,39.029407,-8.916754,2.446,True
1120,39.030753,-8.915218,2.229,True
1121,39.032098,-8.913682,3.304,True
1122,39.033444,-8.912146,4.167,True
1123,39.03479,-8.91061,3.316,True
1124,39.036136,-8.909074,3.312,True
1125,39.037482,-8.907538,3.089,True
1126,39.038827,-8.906002,3.147,True
1127,39.040173,-8.904466,3.698,True
1128,39.041519,-8.90293,2.954,True
1129,39.042865,-8.901394,3.083,True
1130,39.04421,-8.899858,2.864,True
1131,39.045556,-8.898322,3.49,True
1132,39.046902,-8.896786,2.281,True
1133,39.048248,-8.89525,2.517,True
1134,39.049594,-8.893714,2.646,True
1135,39.050939,-8.892178,1.264,True
1136,39.052285,-8.890642,1.673,True
1137,39.053631,-8.889106,2.973,True
1138,39.054977,-8.88757,2.324,True
1139,39.056322,-8.886034,2.994,True
1140,39.057668,-8.884498,2.656,True
1141,39.059014,-8.882962,3.418,True
1142,39.06036,-8.881426,2.567,True
1143,39.061706,-8.87989,3.333,True
1144,39.062851,-8.878135,2.132,True
1145,39.063532,-8.876539,3.24,True
1146,39.06226,-8.878164,2.284,True
1147,39.060941,-8.879737,3.919,True
1148,39.059622,-8.881311,1.775,True
1149,39.058303,-8.882885,3.575,True
1150,39.056983,-8.884458,1.799,True
1151,39.055664,-8.886032,1.575,True
1152,39.054345,-8.887606,1.717,True
1153,39.053025,-8.889179,2.673,True
1154,39.051706,-8.890753,2.626,True
1155,39.050387,-8.892327,2.951,True
1156,39.049067,-8.8939,4.0,True
1157,39.047748,-8.895474,2.92,True
1158,39.046429,-8.897048,3.469,True
1159,39.045109,-8.898621,2.496,True
1160,39.04379,-8.900195,3.102,True
1161,39.042471,-8.901769,3.311,True
1162,39.041152,-8.903342,3.721,True
1163,39.039832,-8.904916,4.017,True
1164,39.038513,-8.90649,3.772,True
1165,39.037194,-8.908063,3.88,True
1166,39.035874,-8.909637,2.985,True
1167,39.034555,-8.911211,2.578,True
1168,39.033236,-8.912784,4.246,True
1169,39.031916,-8.914358,4.011,True
1170,39.030597,-8.915932,0.0,True
1171,39.029278,-8.917505,0.0,True
1172,39.027958,-8.919079,0.0,True
1173,39.026639,-8.920653,0.0,True
1174,39.02532,-8.922226,0.0,True
1175,39.024001,-8.9238,0.0,True
1176,39.022681,-8.925374,0.0,True
1177,39.021362,-8.926947,0.0,True
1178,39.020043,-8.928521,0.0,True
1179,39.018723,-8.930095,0.0,True
1180,39.017404,-8.931668,0.0,True
1181,39.016085,-8.933242,0.0,True
1182,39.014765,-8.934816,0.0,True
1183,39.013446,-8.936389,0.0,True
1184,39.012127,-8.937963,0.0,True
1185,39.010807,-8.939537,3.283,True
1186,39.009488,-8.94111,4.029,True
1187,39.008169,-8.942684,3.139,True
1188,39.00685,-8.944258,5.071,False
1189,39.00553,-8.945831,6.505,False
1190,39.004211,-8.947405,3.696,True
1191,39.002892,-8.948979,4.618,True
1192,39.001572,-8.950552,3.434,True
1193,39.000253,-8.952126,2.447,True
1194,38.998934,-8.9537,2.552,True
1195,38.997614,-8.955273,3.163,True
1196,38.996295,-8.956847,4.943,True
1197,38.994976,-8.958421,2.3,True
1198,38.993656,-8.959994,4.609,True
1199,38.992337,-8.961568,3.771,True
1200,38.991018,-8.963142,3.716,True
1201,38.989699,-8.964715,6.092,False
1202,38.989195,-8.965126,4.145,True
1203,38.987721,-8.966447,5.93,False
1204,38.988835,-8.965379,6.05,False
1205,38.987261,-8.966499,5.433,False
1206,38.985694,-8.967636,4.635,True
1207,38.984128,-8.968773,3.907,True
1208,38.982561,-8.969911,6.305,False
1209,38.981001,-8.971061,6.627,False
1210,38.979436,-8.972201,6.15,False
1211,38.977861,-8.973317,8.878,False
1212,38.976285,-8.974434,7.268,False
1213,38.97471,-8.975551,5.381,False
1214,38.973135,-8.976668,6.098,False
1215,38.97156,-8.977785,6.111,False
1216,38.969985,-8.978902,7.62,False
1217,38.96841,-8.980018,6.602,False
1218,38.966834,-8.981135,7.127,False
1219,38.965261,-8.982256,4.95,True
1220,38.963654,-8.983268,5.563,False
1221,38.961918,-8.983874,6.072,False
1222,38.960182,-8.98448,7.866,False
1223,38.958446,-8.985086,10.182,False
1224,38.956711,-8.985692,8.431,False
1225,38.95499,-8.986359,8.973,False
1226,38.953389,-8.987399,11.253,False
1227,38.953442,-8.987597,7.488,False
1228,38.955054,-8.986571,6.319,False
1229,38.956666,-8.985546,3.168,True
1230,38.958278,-8.98452,3.139,True
1231,38.95989,-8.983494,5.295,False
1232,38.961503,-8.982469,4.231,True
1233,38.963115,-8.981443,4.787,True
1234,38.964727,-8.980417,5.79,False
1235,38.966339,-8.979392,3.267,True
1236,38.967952,-8.978366,4.111,True
1237,38.969564,-8.97734,3.095,True
1238,38.971176,-8.976314,4.496,True
1239,38.972788,-8.975289,6.201,False
1240,38.974401,-8.974263,5.941,False
1241,38.976013,-8.973237,5.805,False
1242,38.977625,-8.972212,2.966,True
1243,38.979237,-8.971186,4.953,True
1244,38.980849,-8.97016,4.23,True
1245,38.982462,-8.969135,5.66,False
1246,38.984074,-8.968109,5.011,False
1247,38.985686,-8.967083,3.615,True
1248,38.987298,-8.966058,4.053,True
1249,38.988911,-8.965032,3.337,True
1250,38.990523,-8.964006,6.154,False
1251,38.992135,-8.962981,4.347,True
1252,38.993747,-8.961955,3.62,True
1253,38.99536,-8.960929,3.125,True
1254,38.996378,-8.960133,3.3,True
1255,38.997127,-8.959051,3.933,True
1256,38.998427,-8.957452,5.159,False
1257,38.999728,-8.955852,4.475,True
1258,39.001028,-8.954252,5.206,False
1259,39.002328,-8.952652,5.373,False
1260,39.003629,-8.951053,3.206,True
1261,39.004929,-8.949453,4.606,True
1262,39.006229,-8.947853,2.82,True
1263,39.00753,-8.946254,3.508,True
1264,39.00883,-8.944654,4.794,True
1265,39.01013,-8.943054,5.054,False
1266,39.011431,-8.941454,0.0,True
1267,39.012731,-8.939855,0.0,True
1268,39.014031,-8.938255,0.0,True
1269,39.015332,-8.936655,0.0,True
1270,39.016632,-8.935056,0.0,True
1271,39.017932,-8.933456,0.0,True
1272,39.019232,-8.931856,0.0,True
1273,39.020533,-8.930256,0.0,True
1274,39.021833,-8.928657,0.0,True
1275,39.023133,-8.927057,0.0,True
1276,39.024434,-8.925457,0.0,True
1277,39.025734,-8.923858,3.188,True
1278,39.027034,-8.922258,3.25,True
1279,39.028335,-8.920658,3.833,True
1280,39.029635,-8.919058,3.158,True
1281,39.030935,-8.917459,3.009,True
1282,39.032236,-8.915859,4.339,True
1283,39.033536,-8.914259,4.073,True
1284,39.034836,-8.91266,3.226,True
1285,39.036137,-8.91106,3.683,True
1286,39.037437,-8.90946,2.666,True
1287,39.038737,-8.90786,3.085,True
1288,39.040038,-8.906261,3.487,True
1289,39.041338,-8.904661,2.786,True
1290,39.042638,-8.903061,2.592,True
1291,39.043939,-8.901462,3.798,True
1292,39.045239,-8.899862,2.213,True
1293,39.046539,-8.898262,3.038,True
1294,39.047839,-8.896662,2.42,True
1295,39.04914,-8.895063,2.183,True
1296,39.05044,-8.893463,2.899,True
1297,39.05174,-8.891863,1.489,True
1298,39.053041,-8.890264,2.513,True
1299,39.054341,-8.888664,2.752,True
1300,39.055641,-8.887064,4.974,True
1301,39.056942,-8.885464,2.214,True
1302,39.058242,-8.883865,1.205,True
1303,39.059542,-8.882265,2.593,True
1304,39.060843,-8.880665,2.416,True
1305,39.062143,-8.879066,2.385,True
1306,39.063235,-8.87726,3.494,True
1307,39.062646,-8.878301,2.784,True
1308,39.061336,-8.879888,3.603,True
1309,39.060027,-8.881476,1.953,True
1310,39.058718,-8.883063,2.773,True
1311,39.057408,-8.884651,1.764,True
1312,39.056099,-8.886238,1.949,True
1313,39.05479,-8.887826,2.64,True
1314,39.05348,-8.889413,2.639,True
1315,39.052171,-8.891001,3.012,True
1316,39.050862,-8.892588,3.04,True
1317,39.049552,-8.894175,3.212,True
1318,39.048243,-8.895763,2.318,True
1319,39.046934,-8.89735,3.441,True
1320,39.045624,-8.898938,3.279,True
1321,39.044315,-8.900525,3.31,True
1322,39.043006,-8.902113,3.276,True
1323,39.041696,-8.9037,2.689,True
1324,39.040387,-8.905288,3.901,True
1325,39.039078,-8.906875,3.344,True
1326,39.037768,-8.908462,4.7,True
1327,39.036459,-8.91005,2.571,True
1328,39.03515,-8.911637,2.525,True
1329,39.03384,-8.913225,3.951,True
1330,39.032531,-8.914812,3.326,True
1331,39.031222,-8.9164,3.425,True
1332,39.029912,-8.917987,0.0,True
1333,39.028603,-8.919575,0.0,True
1334,39.027294,-8.921162,0.0,True
1335,39.025984,-8.92275,0.0,True
1336,39.024675,-8.924337,0.0,True
1337,39.023366,-8.925924,0.0,True
1338,39.022056,-8.927512,0.0,True
1339,39.020747,-8.929099,0.0,True
1340,39.019438,-8.930687,0.0,True
1341,39.018128,-8.932274,0.0,True
1342,39.016819,-8.933862,0.0,True
1343,39.01551,-8.935449,0.0,True
1344,39.0142,-8.937037,3.68,True
1345,39.012891,-8.938624,4.952,True
1346,39.011582,-8.940211,4.388,True
1347,39.010272,-8.941799,3.548,True
1348,39.008963,-8.943386,1.775,True
1349,39.007654,-8.944974,4.256,True
1350,39.006344,-8.946561,6.903,False
1351,39.005035,-8.948149,2.728,True
1352,39.003726,-8.949736,5.796,False
1353,39.002416,-8.951324,4.306,True
1354,39.001107,-8.952911,2.953,True
1355,38.999798,-8.954498,3.023,True
1356,38.998488,-8.956086,2.804,True
1357,38.997179,-8.957673,4.903,True
1358,38.99587,-8.959261,6.513,False
1359,38.99456,-8.960848,5.912,False
1360,38.993251,-8.962436,4.046,True
