year,scenario,slr_m,total_gdp_at_risk_eur,total_gdp_at_risk_bn
2025,ssp126,0.035,61283105.0,0.0613
2026,ssp126,0.042,74058787.0,0.0741
2027,ssp126,0.049,86215637.0,0.0862
2028,ssp126,0.056,99125658.0,0.0991
2029,ssp126,0.063,112403035.0,0.1124
2030,ssp126,0.07,126305630.0,0.1263
2031,ssp126,0.0765,139297396.0,0.1393
2032,ssp126,0.083,153282588.0,0.1533
2033,ssp126,0.0895,166735473.0,0.1667
2034,ssp126,0.096,180848236.0,0.1808
2035,ssp126,0.1025,195131470.0,0.1951
2036,ssp126,0.109,208639355.0,0.2086
2037,ssp126,0.1155,223367229.0,0.2234
2038,ssp126,0.122,237831819.0,0.2378
2039,ssp126,0.1285,252853767.0,0.2529
2040,ssp126,0.135,269537596.0,0.2695
2041,ssp126,0.1415,285546483.0,0.2855
2042,ssp126,0.148,302229906.0,0.3022
2043,ssp126,0.1545,319422624.0,0.3194
2044,ssp126,0.161,335367914.0,0.3354
2045,ssp126,0.1675,352865011.0,0.3529
2046,ssp126,0.174,369899788.0,0.3699
2047,ssp126,0.1805,388608111.0,0.3886
2048,ssp126,0.187,405756323.0,0.4058
2049,ssp126,0.1935,423391914.0,0.4234
2050,ssp126,0.2,441208244.0,0.4412
2051,ssp126,0.204,451881270.0,0.4519
2052,ssp126,0.208,463751489.0,0.4638
2053,ssp126,0.212,474872314.0,0.4749
2054,ssp126,0.216,487316762.0,0.4873
2055,ssp126,0.22,499917068.0,0.4999
2056,ssp126,0.224,511910488.0,0.5119
2057,ssp126,0.228,523811369.0,0.5238
2058,ssp126,0.232,537212777.0,0.5372
2059,ssp126,0.236,548506812.0,0.5485
2060,ssp126,0.24,561230341.0,0.5612
2061,ssp126,0.244,574082710.0,0.5741
2062,ssp126,0.248,587734812.0,0.5877
2063,ssp126,0.252,600623349.0,0.6006
2064,ssp126,0.256,613282082.0,0.6133
2065,ssp126,0.26,625705409.0,0.6257
2066,ssp126,0.264,639622072.0,0.6396
2067,ssp126,0.268,652996150.0,0.653
2068,ssp126,0.272,667602127.0,0.6676
2069,ssp126,0.276,681618424.0,0.6816
2070,ssp126,0.28,695500622.0,0.6955
2071,ssp126,0.284,709396839.0,0.7094
2072,ssp126,0.288,723569930.0,0.7236
2073,ssp126,0.292,738237420.0,0.7382
2074,ssp126,0.296,753861997.0,0.7539
2075,ssp126,0.3,768121277.0,0.7681
2076,ssp126,0.304,783342045.0,0.7833
2077,ssp126,0.308,798696522.0,0.7987
2078,ssp126,0.312,813054532.0,0.8131
2079,ssp126,0.316,828394008.0,0.8284
2080,ssp126,0.32,844118950.0,0.8441
2081,ssp126,0.324,858598360.0,0.8586
2082,ssp126,0.328,874032426.0,0.874
2083,ssp126,0.332,890518473.0,0.8905
2084,ssp126,0.336,908642823.0,0.9086
2085,ssp126,0.34,926653508.0,0.9267
2086,ssp126,0.344,942633711.0,0.9426
2087,ssp126,0.348,958826547.0,0.9588
2088,ssp126,0.352,976613619.0,0.9766
2089,ssp126,0.356,992827665.0,0.9928
2090,ssp126,0.36,1010244246.0,1.0102
2091,ssp126,0.364,1027192820.0,1.0272
2092,ssp126,0.368,1042261290.0,1.0423
2093,ssp126,0.372,1059619683.0,1.0596
2094,ssp126,0.376,1076835935.0,1.0768
2095,ssp126,0.38,1096650582.0,1.0967
2096,ssp126,0.384,1113696611.0,1.1137
2097,ssp126,0.388,1131860196.0,1.1319
2098,ssp126,0.392,1150422145.0,1.1504
2099,ssp126,0.396,1168257393.0,1.1683
2100,ssp126,0.4,1188290973.0,1.1883
2025,ssp245,0.05,87555241.0,0.0876
2026,ssp245,0.06,106211250.0,0.1062
2027,ssp245,0.07,126305630.0,0.1263
2028,ssp245,0.08,146907660.0,0.1469
2029,ssp245,0.09,168007846.0,0.168
2030,ssp245,0.1,189440798.0,0.1894
2031,ssp245,0.11,210716126.0,0.2107
2032,ssp245,0.12,233714311.0,0.2337
2033,ssp245,0.13,256890725.0,0.2569
2034,ssp245,0.14,281614241.0,0.2816
2035,ssp245,0.15,307532785.0,0.3075
2036,ssp245,0.16,332920806.0,0.3329
2037,ssp245,0.17,359724025.0,0.3597
2038,ssp245,0.18,387038997.0,0.387
2039,ssp245,0.19,413817437.0,0.4138
2040,ssp245,0.2,441208244.0,0.4412
2041,ssp245,0.21,469674470.0,0.4697
2042,ssp245,0.22,499917068.0,0.4999
2043,ssp245,0.23,530491653.0,0.5305
2044,ssp245,0.24,561230341.0,0.5612
2045,ssp245,0.25,594637961.0,0.5946
2046,ssp245,0.26,625705409.0,0.6257
2047,ssp245,0.27,660594382.0,0.6606
2048,ssp245,0.28,695500622.0,0.6955
2049,ssp245,0.29,731647842.0,0.7316
2050,ssp245,0.3,768121277.0,0.7681
2051,ssp245,0.306,790678274.0,0.7907
2052,ssp245,0.312,813054532.0,0.8131
2053,ssp245,0.318,836059969.0,0.8361
2054,ssp245,0.324,858598360.0,0.8586
2055,ssp245,0.33,882506423.0,0.8825
2056,ssp245,0.336,908642823.0,0.9086
2057,ssp245,0.342,934956857.0,0.935
2058,ssp245,0.348,958826547.0,0.9588
2059,ssp245,0.354,985026779.0,0.985
2060,ssp245,0.36,1010244246.0,1.0102
2061,ssp245,0.366,1034966860.0,1.035
2062,ssp245,0.372,1059619683.0,1.0596
2063,ssp245,0.378,1086820797.0,1.0868
2064,ssp245,0.384,1113696611.0,1.1137
2065,ssp245,0.39,1141398790.0,1.1414
2066,ssp245,0.396,1168257393.0,1.1683
2067,ssp245,0.402,1198005775.0,1.198
2068,ssp245,0.408,1224878470.0,1.2249
2069,ssp245,0.414,1254077205.0,1.2541
2070,ssp245,0.42,1281582193.0,1.2816
2071,ssp245,0.426,1311577391.0,1.3116
2072,ssp245,0.432,1340838530.0,1.3408
2073,ssp245,0.438,1370277278.0,1.3703
2074,ssp245,0.444,1399559446.0,1.3996
2075,ssp245,0.45,1430106467.0,1.4301
2076,ssp245,0.456,1460125583.0,1.4601
2077,ssp245,0.462,1492894944.0,1.4929
2078,ssp245,0.468,1523568401.0,1.5236
2079,ssp245,0.474,1555154977.0,1.5552
2080,ssp245,0.48,1587609003.0,1.5876
2081,ssp245,0.486,1622129565.0,1.6221
2082,ssp245,0.492,1653392414.0,1.6534
2083,ssp245,0.498,1685857265.0,1.6859
2084,ssp245,0.504,1776264842.0,1.7763
2085,ssp245,0.51,1811711948.0,1.8117
2086,ssp245,0.516,1845516507.0,1.8455
2087,ssp245,0.522,1881887909.0,1.8819
2088,ssp245,0.528,1919546907.0,1.9195
2089,ssp245,0.534,1952527911.0,1.9525
2090,ssp245,0.54,1987534854.0,1.9875
2091,ssp245,0.546,2022628384.0,2.0226
2092,ssp245,0.552,2061069255.0,2.0611
2093,ssp245,0.558,2097093225.0,2.0971
2094,ssp245,0.564,2135676048.0,2.1357
2095,ssp245,0.57,2170685889.0,2.1707
2096,ssp245,0.576,2206840510.0,2.2068
2097,ssp245,0.582,2244353497.0,2.2444
2098,ssp245,0.588,2284388863.0,2.2844
2099,ssp245,0.594,2321764225.0,2.3218
2100,ssp245,0.6,2358180550.0,2.3582
2025,ssp585,0.065,116668513.0,0.1167
2026,ssp585,0.078,142772491.0,0.1428
2027,ssp585,0.091,170323154.0,0.1703
2028,ssp585,0.104,197734032.0,0.1977
2029,ssp585,0.117,226640461.0,0.2266
2030,ssp585,0.13,256890725.0,0.2569
2031,ssp585,0.1435,290655834.0,0.2907
2032,ssp585,0.157,325830763.0,0.3258
2033,ssp585,0.1705,360905846.0,0.3609
2034,ssp585,0.184,397287738.0,0.3973
2035,ssp585,0.1975,435131906.0,0.4351
2036,ssp585,0.211,472279083.0,0.4723
2037,ssp585,0.2245,513509727.0,0.5135
2038,ssp585,0.238,554536012.0,0.5545
2039,ssp585,0.2515,599109368.0,0.5991
2040,ssp585,0.265,642943583.0,0.6429
2041,ssp585,0.2785,690761688.0,0.6908
2042,ssp585,0.292,738237420.0,0.7382
2043,ssp585,0.3055,789145944.0,0.7891
2044,ssp585,0.319,839823581.0,0.8398
2045,ssp585,0.3325,892677681.0,0.8927
2046,ssp585,0.346,949955542.0,0.95
2047,ssp585,0.3595,1007707429.0,1.0077
2048,ssp585,0.373,1064499154.0,1.0645
2049,ssp585,0.3865,1125486945.0,1.1255
2050,ssp585,0.4,1188290973.0,1.1883
2051,ssp585,0.412,1244535215.0,1.2445
2052,ssp585,0.424,1301664144.0,1.3017
2053,ssp585,0.436,1360237910.0,1.3602
2054,ssp585,0.448,1420174463.0,1.4202
2055,ssp585,0.46,1481485407.0,1.4815
2056,ssp585,0.472,1544853686.0,1.5449
2057,ssp585,0.484,1610804977.0,1.6108
2058,ssp585,0.496,1675391383.0,1.6754
2059,ssp585,0.508,1800268255.0,1.8003
2060,ssp585,0.52,1870861153.0,1.8709
2061,ssp585,0.532,1941182581.0,1.9412
2062,ssp585,0.544,2010318899.0,2.0103
2063,ssp585,0.556,2084147430.0,2.0841
2064,ssp585,0.568,2157749007.0,2.1577
2065,ssp585,0.58,2231559045.0,2.2316
2066,ssp585,0.592,2308728139.0,2.3087
2067,ssp585,0.604,2384233642.0,2.3842
2068,ssp585,0.616,2461023643.0,2.461
2069,ssp585,0.628,2539556995.0,2.5396
2070,ssp585,0.64,2615593354.0,2.6156
2071,ssp585,0.652,2694446888.0,2.6944
2072,ssp585,0.664,2775329820.0,2.7753
2073,ssp585,0.676,2855967776.0,2.856
2074,ssp585,0.688,2938752493.0,2.9388
2075,ssp585,0.7,3021416176.0,3.0214
2076,ssp585,0.712,3102547544.0,3.1025
2077,ssp585,0.724,3187035710.0,3.187
2078,ssp585,0.736,3268018025.0,3.268
2079,ssp585,0.748,3349104786.0,3.3491
2080,ssp585,0.76,3435507100.0,3.4355
2081,ssp585,0.772,3521978804.0,3.522
2082,ssp585,0.784,3607097442.0,3.6071
2083,ssp585,0.796,3689682315.0,3.6897
2084,ssp585,0.808,3774836547.0,3.7748
2085,ssp585,0.82,3863109174.0,3.8631
2086,ssp585,0.832,3948442075.0,3.9484
2087,ssp585,0.844,4038672064.0,4.0387
2088,ssp585,0.856,4131065775.0,4.1311
2089,ssp585,0.868,4219043583.0,4.219
2090,ssp585,0.88,4314268144.0,4.3143
2091,ssp585,0.892,4402451819.0,4.4025
2092,ssp585,0.904,4494421760.0,4.4944
2093,ssp585,0.916,4585673258.0,4.5857
2094,ssp585,0.928,4676514760.0,4.6765
2095,ssp585,0.94,4768479907.0,4.7685
2096,ssp585,0.952,4862096334.0,4.8621
2097,ssp585,0.964,4954405878.0,4.9544
2098,ssp585,0.976,5049403237.0,5.0494
2099,ssp585,0.988,5141261114.0,5.1413
2100,ssp585,1.0,5263663340.0,5.2637
