feature,sub_type,elev,quantity,unit,value_eur
road,residential,1.0354032516479492,0.16027296759642315,km,18431.391273588662
road,primary,0.9845368266105652,0.9161316786168371,km,1832263.3572336743
road,residential,0.32260364294052124,0.30884298341832983,km,35516.94309310793
road,residential,0.9221521615982056,0.7058929959655365,km,81177.6945360367
road,residential,0.9642245769500732,0.3403485204240392,km,39140.07984876451
road,unclassified,0.7355349659919739,0.08651192259397414,km,9948.871098307027
road,residential,0.8587536811828613,0.06363214930232376,km,7317.6971697672325
road,residential,0.9642245769500732,0.07166083176690467,km,8240.995653194037
road,unclassified,0.9694462418556213,1.0621796409689401,km,122150.65871142811
railway,rail,0.32131922245025635,0.16998633151075035,km,849931.6575537517
road,primary,0.37057918310165405,0.07497597882553593,km,149951.95765107186
railway,rail,0.9845368266105652,0.6469826601083883,km,3234913.3005419415
road,residential,0.9642245769500732,0.04851239005161062,km,5578.924855935222
road,residential,0.7214353084564209,0.34998138259144,km,40247.8589980156
road,residential,0.8587536811828613,0.01270382754136309,km,1460.9401672567553
road,unclassified,0.5,0.2732125118667133,km,31419.43886467203
road,residential,0.9158198237419128,0.01619413637370389,km,1862.3256829759473
road,residential,0.9158198237419128,0.008553085468894243,km,983.604828922838
road,residential,0.9158198237419128,0.0265622686338535,km,3054.660892893153
road,residential,0.6402015686035156,0.4177091679321638,km,48036.55431219884
railway,rail,0.32131922245025635,0.019799537296058333,km,98997.68648029167
road,primary,0.37057918310165405,0.08688178118354455,km,173763.5623670891
road,unclassified,0.9833501577377319,0.11199458691354612,km,12879.377495057804
road,primary,0.5,0.11367801722661369,km,227356.0344532274
road,secondary,0.5764957666397095,0.2175244900121328,km,108762.2450060664
road,residential,0.28717315196990967,0.056027234455797936,km,6443.131962416763
road,secondary,0.7114172577857971,0.19331659637008689,km,96658.29818504344
road,residential,1.0230847597122192,0.9472373422796259,km,108932.29436215697
road,tertiary,0.9902609586715698,0.03983424518473807,km,7966.849036947614
road,tertiary,0.2839430570602417,0.051799128944837264,km,10359.825788967453
road,tertiary,0.2839430570602417,0.06792929050959666,km,13585.858101919332
road,residential,0.40490028262138367,0.4347692262565984,km,49998.46101950882
road,residential,1.0470622777938843,0.16753487789994836,km,19266.510958494062
road,unclassified,0.5174675583839417,0.5829925552218826,km,67044.1438505165
road,unclassified,1.0462267398834229,0.10750947049984097,km,12363.589107481712
road,unclassified,0.28210559487342834,1.7893806422023875,km,205778.77385327456
road,residential,0.07678539305925369,0.6484111472009547,km,74567.28192810979
road,unclassified,0.371244341135025,1.1412651304928407,km,131245.49000667667
road,residential,0.5566277503967285,0.3101635761927981,km,35668.81126217178
road,primary,0.9183868765830994,0.06667142197390442,km,133342.84394780884
road,residential,0.9513795375823975,0.7060099772474724,km,81191.14738345932
road,residential,1.0050501823425293,0.21031210125316036,km,24185.891644113442
road,unclassified,0.5217616558074951,2.1838758747702363,km,251145.72559857718
road,residential,0.9707193970680237,0.08127624340322238,km,9346.767991370574
road,tertiary,0.9670584797859192,1.1318380413402362,km,226367.60826804725
road,tertiary,0.9902609586715698,0.04016891532915908,km,8033.783065831816
road,residential,0.18977504968643188,1.7946450718268894,km,206384.18326009228
road,tertiary,0.6187770962715149,5.085539636655598,km,1017107.9273311197
road,tertiary,0.8766605257987976,1.1841392896910399,km,236827.85793820798
road,residential,0.7441236972808838,0.3407944907007,km,39191.3664305805
road,unclassified,0.8822877407073975,0.30093151969945126,km,34607.12476543689
road,residential,0.5,0.673403863124139,km,77441.44425927599
road,secondary,0.6674926280975342,0.19547246041848357,km,97736.23020924178
road,secondary,0.5,1.7495805322353033,km,874790.2661176516
road,residential,1.0,0.5242736870995697,km,60291.47401645051
road,unclassified,0.9997621178627014,0.7640715285571194,km,87868.22578406872
road,unclassified,0.5,1.3712769396046183,km,157696.8480545311
road,secondary,1.039026141166687,0.04943600074576107,km,24718.000372880535
road,unclassified,0.5,0.09625124693411567,km,11068.893397423302
road,motorway,0.5,0.3393744884857158,km,2714995.907885726
road,motorway,0.5,0.34141944272424907,km,2731355.5417939927
road,unclassified,0.7619844675064087,0.10488366717755385,km,12061.621725418692
road,residential,0.28121161460876465,1.2635108916584956,km,145303.752540727
road,unclassified,0.022587012499570847,1.9969231423558618,km,229646.1613709241
road,tertiary,0.6015484929084778,0.6083822194599144,km,121676.44389198288
road,unclassified,0.6810405254364014,0.8645418276188231,km,99422.31017616467
road,residential,0.5,0.8671788836952609,km,99725.571624955
road,residential,0.8038612604141235,0.2635718989068222,km,30310.768374284555
road,unclassified,0.06730026006698608,3.5489567194619274,km,408130.0227381216
road,residential,0.637179434299469,0.7353991965793207,km,84570.90760662188
road,primary,0.8843244910240173,0.03458149719397813,km,69162.99438795625
railway,rail,0.9308883547782898,0.01669051829889527,km,83452.59149447635
road,unclassified,0.15254761278629303,1.9448375270460754,km,223656.31561029865
road,residential,1.0057651996612549,0.05186497122859193,km,5964.471691288072
road,residential,0.9893710017204285,0.031220961492356706,km,3590.410571621021
railway,rail,0.31602728366851807,3.983016013758053,km,19915080.068790264
railway,rail,0.387756884098053,0.4010852469108731,km,2005426.2345543655
railway,rail,0.4088488519191742,0.4046089775267198,km,2023044.887633599
road,unclassified,0.387756884098053,1.321740735190632,km,152000.18454692268
road,unclassified,0.6896923780441284,0.13320462262503402,km,15318.531601878913
road,unclassified,0.3472074866294861,0.03734797102298268,km,4295.016667643008
road,unclassified,0.3472074866294861,0.02131724463564732,km,2451.4831330994416
road,unclassified,0.6543744802474976,1.0613284251436963,km,122052.76889152508
road,tertiary,0.4046298861503601,0.32359812624132445,km,64719.62524826489
road,unclassified,0.38112086057662964,0.03167009729398526,km,3642.061188808305
road,unclassified,0.387756884098053,0.046938800196706806,km,5397.962022621283
road,unclassified,0.387756884098053,0.04682524980828408,km,5384.903727952669
road,unclassified,0.38112086057662964,0.026475464111942845,km,3044.678372873427
road,unclassified,0.8552904725074768,0.23902318364083944,km,27487.666118696536
road,unclassified,0.7029969096183777,0.25106947425678966,km,28872.989539530812
road,residential,0.9574554562568665,0.15573391547586637,km,17909.400279724632
road,residential,0.8343513607978821,0.0596226702996774,km,6856.6070844629
road,tertiary,0.8962787389755249,0.872251621443068,km,174450.3242886136
road,unclassified,1.0,5.7321968831148,km,659202.641558202
road,unclassified,0.10711921751499176,1.425359315610696,km,163916.32129523004
road,secondary,0.7288455963134766,0.30022772647765467,km,150113.86323882733
road,secondary,0.9010211825370789,0.38383666770744695,km,191918.33385372348
road,primary,1.0262646675109863,0.753261672981614,km,1506523.3459632278
road,primary,0.806992769241333,0.818990462552296,km,1637980.925104592
road,tertiary,0.7665913105010986,0.02322436289781822,km,4644.872579563644
road,tertiary,0.7665913105010986,0.029788256190971835,km,5957.651238194367
road,secondary,0.5384874939918518,0.8941188489020745,km,447059.42445103725
road,residential,1.0482789278030396,0.09536188035401737,km,10966.616240711997
road,residential,0.8545563220977783,0.3964711292730653,km,45594.17986640251
road,residential,0.6691964864730835,0.37856687289310886,km,43535.19038270752
road,residential,0.9208249449729919,0.5467363880879379,km,62874.68463011286
road,residential,0.9730038046836853,0.2347464870545186,km,26995.846011269638
road,residential,0.9535577297210693,0.20748218378430874,km,23860.451135195504
road,residential,0.9462379217147827,1.3544307310147081,km,155759.53406669144
road,unclassified,0.8316788077354431,0.08811910730889329,km,10133.697340522727
road,residential,0.8396466970443726,0.11922192598674747,km,13710.521488475959
road,residential,0.8115354776382446,0.25920037516126043,km,29808.04314354495
road,residential,0.8276879787445068,0.9958872185095609,km,114527.0301285995
road,unclassified,0.2471809834241867,0.2589458025588409,km,29778.767294266705
road,residential,0.7696071863174438,0.13497812061057318,km,15522.483870215916
road,tertiary,0.7665913105010986,0.824600869629438,km,164920.1739258876
road,unclassified,0.7665913105010986,0.20380084509415394,km,23437.097185827704
road,residential,1.0155450105667114,0.21323254519567775,km,24521.74269750294
road,unclassified,0.2337210774421692,0.38521674943301076,km,44299.92618479624
road,residential,0.9513790011405945,0.16688556431853352,km,19191.839896631354
road,residential,0.523544192314148,0.26659150521494135,km,30658.023099718255
road,residential,0.523544192314148,0.14172007455693655,km,16297.808574047704
road,residential,0.4929122030735016,0.452458767288878,km,52032.75823822097
road,unclassified,0.5052182078361511,2.958521684065347,km,340229.99366751494
road,unclassified,0.9275975823402405,0.4086664364507711,km,46996.64019183868
road,unclassified,0.6606183648109436,0.5806591545877301,km,66775.80277758896
road,residential,0.7565192580223083,0.36543785252303174,km,42025.35304014865
road,unclassified,0.465750128030777,0.4927477256954254,km,56665.98845497392
road,unclassified,0.7055646181106567,0.06859923337098486,km,7888.91183766326
road,unclassified,0.6194953322410583,1.2792168664680128,km,147109.93964382148
road,unclassified,0.25610968470573425,1.2017703562822646,km,138203.59097246043
road,residential,0.7868139147758484,0.3398134323914424,km,39078.544725015876
road,tertiary,0.8968237042427063,0.0238610439864008,km,4772.20879728016
road,tertiary,0.8316788077354431,0.01666503215995977,km,3333.0064319919543
road,tertiary,0.8316788077354431,0.01724503840096104,km,3449.0076801922078
road,tertiary,0.8968237042427063,0.024245540495757303,km,4849.108099151461
road,tertiary,0.5267443656921387,2.357438834964415,km,471487.766992883
road,primary,0.49032264947891235,0.9333263727908092,km,1866652.7455816185
road,primary,0.8552904725074768,0.8170622282566872,km,1634124.4565133743
road,residential,0.9832810759544373,0.339895829288333,km,39088.02036815829
road,unclassified,0.14359425008296967,0.7037260275211153,km,80928.49316492827
road,unclassified,0.7144733667373657,0.45493392048235837,km,52317.40085547121
road,unclassified,0.8541854619979858,0.31089685042424414,km,35753.13779878808
road,residential,1.0477051734924316,0.015661211542148334,km,1801.0393273470584
road,residential,1.0477051734924316,0.08282897189224761,km,9525.331767608475
road,residential,0.956021785736084,0.18529352656586764,km,21308.75555507478
road,residential,1.0477051734924316,0.15867842684474717,km,18248.019087145924
road,unclassified,0.8325435519218445,0.3095722494628372,km,35600.80868822627
road,unclassified,0.1371660977602005,0.22747637355402706,km,26159.782958713113
road,residential,0.13894839584827423,1.415995141254717,km,162839.44124429245
road,residential,1.005147933959961,1.2296656839421947,km,141411.5536533524
road,unclassified,0.006682434119284153,0.8956516105116343,km,102999.93520883795
road,unclassified,0.11760463565587997,0.7126319553821363,km,81952.67486894567
road,residential,0.2337210774421692,0.07760603700606353,km,8924.694255697306
road,residential,0.5184454917907715,0.17107661288615345,km,19673.810481907647
road,unclassified,0.8083153963088989,0.62137889673993,km,71458.57312509195
road,residential,1.005147933959961,0.1348776123119582,km,15510.925415875192
road,residential,1.0017739534378052,0.3742615935773624,km,43040.08326139668
road,residential,1.0137523412704468,0.3572731327713734,km,41086.41026870794
road,residential,0.9945926070213318,0.3890585192254094,km,44741.72971092208
road,residential,1.0069856643676758,0.2003888685835718,km,23044.719887110758
road,unclassified,0.7874095439910889,0.11840835944481529,km,13616.961336153758
road,unclassified,0.6934816837310791,0.10461630093283227,km,12030.874607275711
road,residential,1.0476796627044678,0.7744366870997017,km,89060.2190164657
road,unclassified,0.6539945602416992,0.8622512312765175,km,99158.89159679951
road,primary,0.9687516689300537,1.5696653943136063,km,3139330.7886272124
road,residential,0.8396466970443726,0.09561830579767519,km,10996.105166732646
road,secondary,0.9501627087593079,0.23725105478206415,km,118625.52739103208
road,residential,0.9235169291496277,0.0788376088301133,km,9066.32501546303
road,unclassified,0.48645392060279846,2.838851128605672,km,326467.87978965224
road,unclassified,0.20834404230117798,0.6343267920952581,km,72947.58109095469
road,unclassified,0.3453398048877716,1.1606950907774911,km,133479.93543941146
road,unclassified,0.20855045318603516,0.4083655514192101,km,46962.038413209164
road,unclassified,0.8343513607978821,0.2710621176335561,km,31172.14352785895
road,primary,1.0,1.757625764369109,km,3515251.528738218
road,residential,0.8889956474304199,0.020566712364779412,km,2365.1719219496326
road,tertiary,0.3450150787830353,0.08356639383294348,km,16713.278766588697
road,secondary,0.5879804491996765,0.19037661841997733,km,95188.30920998867
road,tertiary,0.8137726783752441,1.0171602303716474,km,203432.04607432947
road,residential,1.0,0.2855499150599503,km,32838.240231894284
road,unclassified,0.5234907269477844,0.37974412639606275,km,43670.57453554722
road,residential,0.5879688858985901,0.14528179682085673,km,16707.406634398525
road,primary,0.5,0.04015377072296928,km,80307.54144593856
road,unclassified,0.39286553859710693,0.07464468382674859,km,8584.138640076088
road,primary,0.8843244910240173,0.007405509255951638,km,14811.018511903276
road,primary,0.8843244910240173,0.0074118381935810145,km,14823.67638716203
railway,rail,0.8518779873847961,1.448451338066006,km,7242256.69033003
road,tertiary,0.6989985108375549,0.9292417247732979,km,185848.34495465958
road,unclassified,0.6406608819961548,0.4392151921439409,km,50509.747096553205
road,residential,0.9484316110610962,0.4108228916434779,km,47244.63253899996
road,unclassified,0.5,0.15848176308800482,km,18225.402755120555
road,residential,0.9968532919883728,0.013702384648138879,km,1575.7742345359711
road,residential,0.9968532919883728,0.122130291259867,km,14044.983494884706
road,primary,0.3486670255661011,0.7350174013690365,km,1470034.802738073
road,residential,1.0057651996612549,0.014214428980180206,km,1634.6593327207236
road,residential,0.9893710017204285,0.07783105785370299,km,8950.571653175844
road,unclassified,0.387756884098053,0.013812204624992195,km,1588.4035318741023
road,residential,0.9893710017204285,0.01343609319648713,km,1545.15071759602
road,tertiary,0.3214728534221649,2.265397985718984,km,453079.5971437968
road,unclassified,0.624876856803894,1.579510135818082,km,181643.66561907943
road,primary,1.0056756734848022,1.0271194496893035,km,2054238.8993786068
road,residential,1.0,0.038220992163052164,km,4395.414098750999
road,residential,1.0,0.06988597130108555,km,8036.886699624838
road,tertiary,0.6206332445144653,1.7600356772272356,km,352007.1354454471
road,residential,0.7252801060676575,0.46788472906596945,km,53806.74384258649
road,unclassified,0.7874095439910889,0.032404048789218765,km,3726.465610760158
road,unclassified,0.7874095439910889,0.01879743510986069,km,2161.7050376339794
road,tertiary,0.6903483867645264,0.14706569890470364,km,29413.139780940728
road,residential,1.0476796627044678,0.7296225568238759,km,83906.59403474572
road,secondary,0.6220212578773499,3.0208693019087307,km,1510434.6509543653
road,unclassified,0.4576544165611267,0.35080385843382683,km,40342.443719890085
road,primary,0.8966415524482727,6.093379707655095,km,12186759.415310191
road,unclassified,0.38112086057662964,0.2080605119556846,km,23926.95887490373
road,unclassified,0.38581740856170654,0.31138920637327244,km,35809.75873292633
road,primary,0.9363256692886353,0.04638449211957441,km,92768.98423914882
road,tertiary,0.3450150787830353,0.02505258085289566,km,5010.516170579132
road,primary,0.9363256692886353,0.2819163795019789,km,563832.7590039578
road,residential,1.0,0.1426202175451715,km,16401.325017694722
road,residential,1.0,0.020360533503651912,km,2341.46135291997
road,residential,1.0,0.07885485413019451,km,9068.308224972368
road,unclassified,0.49260425567626953,0.029501872489190933,km,3392.7153362569575
road,residential,1.0,0.18510133142846236,km,21286.653114273173
road,residential,0.7702403664588928,0.1411225136965194,km,16229.089075099731
road,residential,1.0261107683181763,0.26291726635177776,km,30235.48563045444
railway,rail,0.9308883547782898,0.14602658737009933,km,730132.9368504967
road,residential,0.6640852093696594,0.1598763222907112,km,18385.777063431786
road,secondary,0.6098771691322327,0.11731257628762172,km,58656.28814381086
road,residential,0.8021320104598999,0.06216596876576051,km,7149.086408062459
road,residential,0.9439648985862732,0.11391963923271178,km,13100.758511761855
road,unclassified,0.3507612645626068,0.05318325535430381,km,6116.0743657449375
road,residential,0.47160065174102783,0.7198829589935503,km,82786.54028425828
road,residential,1.0477051734924316,0.09541726498090324,km,10972.985472803872
road,unclassified,0.27827009558677673,1.2181937804975915,km,140092.28475722304
road,unclassified,0.6191393136978149,0.12281931143780028,km,14124.220815347033
road,unclassified,1.0085091590881348,0.41841350522781173,km,48117.55310119835
road,unclassified,0.1324254274368286,0.18356664139614043,km,21110.16376055615
road,unclassified,0.5350306630134583,1.113493084300464,km,128051.70469455337
road,unclassified,0.6856635212898254,0.14896106021823086,km,17130.52192509655
road,residential,1.0477051734924316,0.017906221906302113,km,2059.215519224743
road,tertiary,0.841501772403717,0.04960114508948649,km,9920.229017897298
road,unclassified,0.5456655621528625,0.3268779442645337,km,37590.96359042138
road,residential,0.5041947364807129,0.2345792562071915,km,26976.614463827023
road,unclassified,0.9130576848983765,1.1619420206384383,km,133623.33237342042
road,unclassified,0.42495396733283997,1.7072286271879804,km,196331.29212661774
road,unclassified,0.45433929562568665,0.9530251688968375,km,109597.89442313631
road,tertiary,1.037711262702942,1.7644723291397362,km,352894.46582794725
road,unclassified,0.23237484693527222,1.2716166839803893,km,146235.91865774477
road,unclassified,0.23159641027450562,2.232982172193856,km,256792.9498022934
road,secondary,0.05735382065176964,3.1342884875510126,km,1567144.2437755063
road,tertiary,0.29473182559013367,0.023889897051440612,km,4777.979410288122
road,tertiary,0.011810798197984695,0.4064145031035687,km,81282.90062071374
road,tertiary,0.22377356886863708,0.015398345365205578,km,3079.6690730411156
road,tertiary,0.0034022904001176357,1.1284371081452274,km,225687.42162904548
road,unclassified,0.5328390598297119,0.9035629513166281,km,103909.73940141224
road,unclassified,0.9760924577713013,0.128257644060214,km,14749.62906692461
road,unclassified,0.6869958639144897,0.6445944611610188,km,74128.36303351716
road,unclassified,0.6371036767959595,7.296344508668791,km,839079.618496911
road,primary,0.9639236927032471,1.1129428768841434,km,2225885.7537682867
road,tertiary,0.6784446835517883,0.9932094893533889,km,198641.89787067779
road,secondary,0.1831042468547821,0.06626008192250432,km,33130.04096125216
road,secondary,0.9589641094207764,0.04216669763232518,km,21083.34881616259
road,secondary,0.1831042468547821,0.025395089769710957,km,12697.544884855479
road,tertiary,0.2719765901565552,0.08740244585641548,km,17480.489171283094
road,tertiary,0.3819727301597595,0.01240828012439489,km,2481.656024878978
road,tertiary,0.2719765901565552,0.013684780910971214,km,2736.956182194243
road,tertiary,0.4857827126979828,0.2433698703208787,km,48673.97406417574
road,tertiary,0.6829566359519958,0.4976925666968937,km,99538.51333937874
road,secondary,0.8697941303253174,0.32533175953702087,km,162665.87976851044
railway,rail,0.9055924415588379,0.6155250039936206,km,3077625.019968103
road,tertiary,0.841501772403717,0.012689012059388926,km,2537.8024118777853
road,unclassified,0.24449653923511505,0.8668009865635321,km,99682.1134548062
road,tertiary,0.1554921716451645,1.2465171967644677,km,249303.43935289353
road,unclassified,1.0473415851593018,0.04585144335484769,km,5272.9159858074845
road,secondary,0.9589641094207764,3.0241921521146584,km,1512096.0760573293
road,unclassified,0.29699498414993286,2.3679672286281903,km,272316.2312922419
road,unclassified,0.18921726942062378,0.5183273731400884,km,59607.647911110165
road,unclassified,0.2349768429994583,1.5564138034885757,km,178987.5874011862
road,unclassified,0.4181950092315674,0.5740078125353326,km,66010.89844156324
road,unclassified,0.28435689210891724,0.441561213095392,km,50779.539505970075
road,unclassified,0.7451665997505188,0.26769689598581137,km,30785.143038368307
road,unclassified,0.5967392921447754,0.008075115092400097,km,928.6382356260111
road,unclassified,0.5967392921447754,0.004387403102576438,km,504.55135679629035
road,unclassified,0.5967392921447754,1.283536236916261,km,147606.66724537002
road,unclassified,0.5967392921447754,0.2039731765136278,km,23456.915299067197
road,unclassified,0.16089187562465668,0.1477223943079476,km,16988.075345413974
road,unclassified,0.16089187562465668,0.013276227291678848,km,1526.7661385430674
road,tertiary,0.827854573726654,0.25548684884414496,km,51097.36976882899
railway,rail,0.49664077162742615,0.45679515064144205,km,2283975.7532072105
railway,rail,0.49664077162742615,0.010876400215358838,km,54382.00107679419
railway,rail,0.49664077162742615,0.32662527596253255,km,1633126.3798126627
railway,rail,0.063654325902462,0.033879641708436006,km,169398.20854218004
railway,rail,0.063654325902462,0.13590735567147286,km,679536.7783573642
road,unclassified,0.7365427613258362,0.15775420564111783,km,18141.73364872855
road,residential,0.8594925403594971,0.17751477833873755,km,20414.199508954818
road,secondary,0.22769424319267273,1.2602962946811869,km,630148.1473405934
road,secondary,0.8697941303253174,0.34622339107816125,km,173111.69553908063
road,unclassified,0.9103635549545288,0.2765182211098668,km,31799.595427634682
road,tertiary,0.03546958789229393,0.41330238318391477,km,82660.47663678296
road,residential,0.2047199308872223,0.04278500581416134,km,4920.275668628555
railway,rail,0.9240400791168213,0.0797056415437794,km,398528.207718897
road,unclassified,0.388345330953598,0.03516722064384008,km,4044.230374041609
road,motorway,0.2573721706867218,3.2719858815932703,km,26175887.05274616
road,primary,0.9551690816879272,1.6043947911164378,km,3208789.5822328757
road,primary,0.35838180780410767,1.5700087871392503,km,3140017.5742785004
railway,rail,0.2573721706867218,2.821142180136546,km,14105710.90068273
road,motorway,0.2573721706867218,3.268371721516659,km,26146973.772133272
road,primary,0.545036792755127,3.808089677585236,km,7616179.3551704725
railway,rail,1.0040961503982544,0.5532824013245277,km,2766412.006622638
road,primary,0.6085482239723206,0.36574344096215294,km,731486.8819243059
railway,rail,0.2573721706867218,2.8195487643491663,km,14097743.821745832
road,tertiary,0.7349926233291626,3.6987895995201856,km,739757.9199040371
road,living_street,0.9807355999946594,0.11648362731794142,km,9318.690185435313
road,tertiary,0.7317714691162109,0.12436749556556784,km,24873.49911311357
road,tertiary,0.7898192405700684,3.7625103758313236,km,752502.0751662648
road,primary,1.0040961503982544,0.16233082366315754,km,324661.64732631505
road,tertiary,0.9897493720054626,0.019694579289929154,km,3938.915857985831
railway,rail,0.9941243529319763,0.3125925118659329,km,1562962.5593296646
railway,rail,0.9941243529319763,0.48124635055976944,km,2406231.7527988474
railway,rail,0.9556487202644348,1.233499706869451,km,6167498.534347256
railway,rail,0.8979911208152771,0.3010651412578118,km,1505325.706289059
railway,rail,0.9556487202644348,0.06792392264542617,km,339619.61322713085
railway,rail,0.8979911208152771,0.5136375227384337,km,2568187.613692168
road,residential,0.6268301606178284,0.11194285535037851,km,12873.428365293528
road,residential,0.3168557286262512,0.11388374826140386,km,13096.631050061444
road,primary,0.9501277208328247,0.03548272810860707,km,70965.45621721414
railway,rail,0.6376701593399048,0.025054556877461085,km,125272.78438730542
road,residential,0.6352772116661072,0.4887465742549046,km,56205.85603931403
road,primary,0.39001691341400146,0.1246093541373454,km,249218.7082746908
road,primary,0.9196873903274536,0.7316359190984939,km,1463271.8381969878
road,motorway,0.5956547260284424,9.277899021902757,km,74223192.17522205
road,secondary,0.8974013924598694,0.34100219009401733,km,170501.09504700865
road,unclassified,0.3304988741874695,0.5239545184063548,km,60254.769616730795
road,primary,0.23529578745365143,0.47226229916420315,km,944524.5983284063
railway,rail,0.221598282456398,0.6221002060441452,km,3110501.030220726
railway,rail,0.221598282456398,0.860812992151352,km,4304064.96075676
road,primary,0.7706403732299805,0.03858899600031307,km,77177.99200062614
road,tertiary,0.07448455691337585,0.1438785849627948,km,28775.71699255896
railway,rail,0.9135502576828003,2.7918635351196075,km,13959317.675598038
road,tertiary,1.034467101097107,0.1340901222227922,km,26818.024444558443
road,unclassified,0.023882560431957245,7.394388015087705,km,850354.6217350861
road,unclassified,0.3484712243080139,3.39806796275826,km,390777.8157171999
road,unclassified,0.03673538193106651,1.2748275885601252,km,146605.1726844144
road,unclassified,0.2034463882446289,2.546242497324533,km,292817.8871923213
road,unclassified,0.19130729138851166,2.125834803093463,km,244471.00235574826
road,unclassified,0.011646880768239498,1.924780532189435,km,221349.761201785
road,unclassified,0.21180373430252075,1.0567128114318238,km,121521.97331465974
road,unclassified,0.1909049153327942,2.623764794111864,km,301732.95132286433
road,unclassified,0.969845175743103,0.7908684587475544,km,90949.87275596875
road,unclassified,0.6450496912002563,0.26315448617663856,km,30262.765910313436
road,unclassified,0.7550316452980042,0.2566669210817111,km,29516.695924396772
road,residential,0.7135946154594421,0.09944869803746789,km,11436.600274308808
road,secondary,0.9897493720054626,0.014459360094897358,km,7229.680047448679
road,residential,0.6085482239723206,0.1800641531317476,km,20707.377610150972
road,primary,0.8483424782752991,0.44942890463513535,km,898857.8092702708
road,unclassified,0.6953674554824829,0.7259038731812457,km,83478.94541584326
road,unclassified,0.8566640615463257,0.8836765994527886,km,101622.80893707069
road,unclassified,0.8453940749168396,0.6172347155488257,km,70981.99228811495
road,unclassified,0.8453940749168396,0.03822643048550903,km,4396.039505833538
road,residential,0.9863946437835693,1.06657579438318,km,122656.21635406569
road,unclassified,0.9270642399787903,0.8798955245646518,km,101187.98532493495
road,unclassified,0.160706028342247,0.4236438820565344,km,48719.046436501456
road,unclassified,0.46886715292930603,0.4913282919995899,km,56502.753579952834
road,secondary,0.8974013924598694,0.3625844882065024,km,181292.2441032512
road,unclassified,0.7582446336746216,0.7189030159558101,km,82673.84683491816
road,unclassified,0.9838292598724365,0.17319181248400764,km,19917.058435660878
road,unclassified,0.7528215646743774,0.22055811794976726,km,25364.183564223236
road,unclassified,0.70332932472229,0.36204529335574076,km,41635.208735910186
road,unclassified,0.1868572235107422,1.4325697131348607,km,164745.51701050898
road,unclassified,0.7047591209411621,0.5794934242023742,km,66641.74378327302
road,unclassified,0.2779669463634491,0.31735654058715695,km,36496.00216752305
road,unclassified,0.7047591209411621,0.06507406837301016,km,7483.5178628961685
road,unclassified,0.023657532408833504,2.660843787095957,km,305997.03551603504
road,unclassified,0.9189577698707581,1.9836726146052823,km,228122.35067960748
road,unclassified,1.0197981595993042,0.40830802580052583,km,46955.42296706047
road,primary,0.8444968461990356,0.26514150406044756,km,530283.0081208951
road,residential,0.936346709728241,0.40651450283074814,km,46749.16782553604
road,unclassified,0.05823760852217674,0.9250006860208568,km,106375.07889239854
road,unclassified,0.23832020163536072,0.5479969440234431,km,63019.64856269596
road,unclassified,0.48526713252067566,1.3760371434001073,km,158244.27149101233
road,unclassified,0.6857419013977051,0.0411511020924885,km,4732.376740636178
road,unclassified,0.43286529183387756,0.27183238241634466,km,31260.723977879636
road,unclassified,0.8828051686286926,0.3910314022640386,km,44968.611260364436
road,unclassified,0.43127840757369995,1.7664047876106925,km,203136.55057522963
road,unclassified,0.8598976731300354,2.698984238700202,km,310383.18745052326
road,primary,0.5510116815567017,8.949240368521783,km,17898480.737043567
road,unclassified,0.7159324288368225,1.0211806490241133,km,117435.77463777304
road,primary,0.7706403732299805,0.08698378931127075,km,173967.5786225415
road,motorway,1.0,1.7601751278440245,km,14081401.022752196
road,motorway,0.37090712785720825,1.7274322670727171,km,13819458.136581738
road,motorway,0.5956547260284424,0.891316283019716,km,7130530.264157728
road,motorway,0.37090712785720825,0.887591534690668,km,7100732.277525344
road,motorway,0.5956547260284424,9.280777362284939,km,74246218.8982795
road,primary,0.608343780040741,0.3022392466329362,km,604478.4932658725
railway,tram,0.9897493720054626,5.325764250942301,km,26628821.254711505
railway,tram,0.7800731062889099,0.11625343492702421,km,581267.174635121
railway,tram,0.7800731062889099,0.008921846294068886,km,44609.23147034443
railway,tram,0.7800731062889099,0.041270288505882026,km,206351.44252941012
road,secondary,0.7548713684082031,0.811950559095349,km,405975.27954767446
railway,tram,0.007047548424452543,0.17322794788691973,km,866139.7394345986
railway,tram,0.7800731062889099,0.11736829093539042,km,586841.4546769521
railway,tram,0.8288605213165283,0.06167872364151863,km,308393.61820759316
railway,tram,0.7800731062889099,0.036576085943444615,km,182880.42971722307
road,unclassified,0.5551595091819763,0.2695083076230541,km,30993.45537665122
road,unclassified,0.6377084851264954,0.07872164617325127,km,9052.989309923896
road,residential,0.6158524751663208,0.2359589228965764,km,27135.276133106287
road,residential,0.3147599399089813,0.11579377559513404,km,13316.284193440415
road,residential,0.6158524751663208,0.09413017704870841,km,10824.970360601466
road,residential,0.876512348651886,0.0914346513716888,km,10514.984907744212
road,unclassified,0.10713409632444382,0.5095875439850849,km,58602.56755828476
road,residential,0.37874123454093933,0.21997226669653056,km,25296.810670101015
railway,rail,0.6376701593399048,0.10399819691987132,km,519990.9845993566
road,unclassified,0.9773173332214355,0.6305977350169822,km,72518.73952695295
road,primary,0.8846409320831299,0.4095482743283714,km,819096.5486567428
road,unclassified,0.7372070550918579,2.4734501237716775,km,284446.7642337429
road,primary,0.4491110146045685,0.6203641430819972,km,1240728.2861639943
road,primary,0.35838180780410767,1.3450869333920519,km,2690173.8667841037
road,primary,0.3975064158439636,0.5579109130492205,km,1115821.826098441
road,tertiary,0.9897493720054626,0.021254724392337644,km,4250.944878467529
road,residential,0.839610755443573,0.10127321145056398,km,11646.419316814858
road,secondary,0.9897493720054626,0.03914772361860922,km,19573.86180930461
road,secondary,0.9897493720054626,0.03151949024027606,km,15759.74512013803
road,unclassified,0.4927782416343689,2.87888471080373,km,331071.7417424289
road,unclassified,0.8772190809249878,0.011371803459423754,km,1307.7573978337316
railway,rail,0.608343780040741,4.334011131677252,km,21670055.658386257
railway,rail,0.608343780040741,4.329485481330468,km,21647427.40665234
road,unclassified,0.5365200638771057,0.013520411946329119,km,1554.8473738278487
road,unclassified,0.5436652302742004,0.4649510198137496,km,53469.3672785812
road,unclassified,0.2649959325790405,4.407136907571715,km,506820.74437074724
road,unclassified,0.6274865865707397,0.015712195946126026,km,1806.902533804493
road,tertiary,0.6309447288513184,3.094037720737228,km,618807.5441474456
road,tertiary,0.9902825355529785,0.03216163535942661,km,6432.327071885322
road,unclassified,0.21207347512245178,0.799276227814118,km,91916.76619862358
road,residential,0.5572938919067383,0.7913458058335096,km,91004.7676708536
road,secondary,0.9897493720054626,0.021128429002463457,km,10564.214501231729
railway,tram,0.9897493720054626,0.06141794269295116,km,307089.7134647558
railway,tram,0.9897493720054626,0.025235522814738592,km,126177.61407369297
road,secondary,0.9897493720054626,0.0058859807091079155,km,2942.990354553958
road,secondary,0.9897493720054626,0.013405264578843345,km,6702.632289421673
road,unclassified,0.5710312724113464,0.36318169157773206,km,41765.89453143919
road,residential,0.9609882831573486,0.025812075559228306,km,2968.3886893112553
road,secondary,0.20483174920082092,0.3432833372621117,km,171641.66863105586
road,unclassified,0.46967169642448425,0.01542369364774095,km,1773.7247694902092
road,unclassified,0.1783980131149292,0.014430199684304566,km,1659.472963695025
road,unclassified,0.2965419888496399,0.014278662432953526,km,1642.0461797896555
road,residential,0.5682831406593323,0.12154584219997447,km,13977.771852997064
road,residential,0.8857888579368591,0.07094072967029813,km,8158.183912084285
railway,tram,0.8288605213165283,0.0273679498533457,km,136839.7492667285
road,service,0.9897493720054626,0.02013389774193943,km,2315.3982403230348
road,primary,0.7706403732299805,0.029786631739248955,km,59573.26347849791
road,primary,0.23529578745365143,0.009885453029069357,km,19770.906058138713
road,primary,0.3975064158439636,0.1858474398560045,km,371694.879712009
road,unclassified,0.5813487768173218,0.26514484404152805,km,30491.657064775725
road,unclassified,0.5190934538841248,0.006764604921932376,km,777.9295660222233
road,unclassified,0.6251338124275208,0.008572723205215767,km,985.8631685998132
road,unclassified,0.5316034555435181,1.3826290680882343,km,159002.34283014695
road,unclassified,0.32670918107032776,0.4974661491857787,km,57208.60715636455
road,unclassified,0.7137618660926819,0.008943937040412471,km,1028.5527596474342
road,unclassified,0.6125842928886414,0.19153817919303678,km,22026.89060719923
road,unclassified,0.5040133595466614,0.8077499169886728,km,92891.24045369738
road,residential,0.6352772116661072,0.21595371190377022,km,24834.676868933577
road,residential,0.6352772116661072,0.004702795745100218,km,540.821510686525
road,tertiary,0.8130505681037903,0.10565045396093674,km,21130.090792187348
road,unclassified,0.613121747970581,0.0038011831069799163,km,437.1360573026904
road,unclassified,0.613121747970581,0.00640491777258313,km,736.56554384706
road,unclassified,0.613121747970581,0.0030437009727958277,km,350.0256118715202
road,unclassified,0.7354483604431152,0.016106595036738253,km,1852.2584292248991
road,unclassified,0.7354483604431152,0.003539742495520351,km,407.07038698484035
road,unclassified,0.05401325225830078,0.9194545097548193,km,105737.26862180422
road,unclassified,0.525428295135498,0.012504337517234038,km,1437.9988144819142
road,unclassified,0.03819660097360611,1.1042794803600688,km,126992.14024140792
road,unclassified,0.19970500469207764,0.008307022574713207,km,955.3075960920188
road,unclassified,0.034322891384363174,1.1809222083906834,km,135806.05396492858
road,unclassified,0.4811863303184509,0.008756404436659636,km,1006.9865102158582
road,unclassified,0.002581634558737278,5.694324030142495,km,654847.2634663869
road,unclassified,0.2685602307319641,0.016218778628306268,km,1865.1595422552207
road,unclassified,0.17733730375766754,0.0613923337902261,km,7060.118385876001
road,unclassified,0.2810916006565094,0.04564739861822792,km,5249.450841096211
road,tertiary,0.8130505681037903,0.0517823688224883,km,10356.473764497661
road,residential,0.37874123454093933,0.017984112797813465,km,2068.172971748548
road,residential,0.37874123454093933,0.007394877144201075,km,850.4108715831236
road,residential,0.01150081679224968,0.03485097883482827,km,4007.8625660052508
road,tertiary,0.8114575743675232,1.6857051620632117,km,337141.0324126423
road,unclassified,0.41415852308273315,1.3252478159901553,km,152403.49883886785
road,unclassified,0.01150081679224968,0.04941641303951795,km,5682.887499544564
road,tertiary,0.6792831420898438,2.1346779907795086,km,426935.5981559017
road,unclassified,0.28999999165534973,0.24700222500425012,km,28405.255875488765
road,unclassified,0.4713346064090729,0.37773934404975823,km,43440.0245657222
road,primary,0.9734699130058289,0.8057015331528568,km,1611403.0663057135
road,unclassified,0.8474868535995483,0.6140590273754012,km,70616.78814817114
railway,rail,0.9861087799072266,0.040823280278137225,km,204116.40139068614
railway,narrow_gauge,1.0069109201431274,1.0621837084552914,km,5310918.542276457
road,unclassified,1.0,0.2221173968711762,km,25543.500640185262
road,tertiary,0.5571762919425964,0.044690738979783276,km,8938.147795956655
road,residential,0.9807514548301697,0.3228654635513683,km,37129.52830840735
road,residential,0.8193017840385437,0.4133348343259515,km,47533.50594748442
railway,rail,0.9861087799072266,0.07202053304140707,km,360102.6652070354
road,residential,0.7143149375915527,1.420835850123697,km,163396.12276422518
road,unclassified,0.31418174505233765,1.6745542126737505,km,192573.7344574813
road,tertiary,0.09708812832832336,0.18786088429249842,km,37572.17685849968
road,tertiary,0.5,1.781172803370751,km,356234.5606741502
road,tertiary,0.7122275829315186,0.11772968220517847,km,23545.936441035694
road,tertiary,0.5,0.21020033124570164,km,42040.06624914033
road,tertiary,1.0146925449371338,0.5429250995562037,km,108585.01991124074
road,unclassified,0.028562095016241074,1.4270629071857073,km,164112.23432635632
road,secondary,0.6889231204986572,1.1697824336625517,km,584891.2168312758
road,unclassified,0.811150312423706,0.7472914777616367,km,85938.51994258823
road,tertiary,1.0383658409118652,0.22254364087725845,km,44508.72817545169
road,unclassified,0.7707385420799255,1.2686765503751267,km,145897.8032931396
road,tertiary,0.8633835315704346,1.6775293794506734,km,335505.87589013466
railway,rail,0.5704987049102783,0.1326347638245524,km,663173.819122762
road,unclassified,0.2941928803920746,1.0450607391443179,km,120181.98500159655
road,residential,0.5612988471984863,0.26148715492431346,km,30071.02281629605
road,unclassified,0.8168807625770569,0.00905526149790598,km,1041.3550722591879
road,unclassified,0.5741854310035706,0.4174845909656562,km,48010.72796105046
road,tertiary,0.8629939556121826,0.5016609774916609,km,100332.19549833219
road,tertiary,0.6152147650718689,0.024144094596630108,km,4828.818919326021
road,tertiary,0.6152147650718689,0.24788461834023387,km,49576.92366804677
road,tertiary,0.8345769643783569,0.21206162281015312,km,42412.324562030626
road,unclassified,0.7572402358055115,0.21771505821126633,km,25037.231694295628
road,tertiary,0.5571762919425964,0.03207610310203188,km,6415.220620406376
road,unclassified,0.3560131788253784,0.2003419485919309,km,23039.324088072055
road,tertiary,0.7153189778327942,0.8455886339660281,km,169117.72679320563
road,residential,0.7771655321121216,0.4458546900087177,km,51273.28935100253
road,residential,0.540749192237854,1.4626267461299522,km,168202.0758049445
railway,rail,0.7193571925163269,3.2275066016564185,km,16137533.008282091
road,unclassified,0.48533332347869873,0.4870928093327241,km,56015.67307326327
road,tertiary,0.8727388978004456,0.5338534368382089,km,106770.68736764177
road,tertiary,0.9557843208312988,0.29172962528911545,km,58345.925057823086
road,unclassified,0.23862476646900177,0.03846020304570714,km,4422.923350256321
road,unclassified,0.5,0.039472974605201785,km,4539.392079598206
road,unclassified,0.4897325038909912,2.208785558393591,km,254010.33921526297
road,tertiary,0.701988160610199,0.21325671437421254,km,42651.34287484251
road,tertiary,0.5406826734542847,0.8637555233838612,km,172751.10467677223
road,residential,0.5406826734542847,0.14333525185807142,km,16483.553963678212
road,residential,0.8472471833229065,0.33311435552219587,km,38308.15088505253
road,residential,0.9123243689537048,0.11275814816852539,km,12967.18703938042
road,residential,0.8407158851623535,0.5383863192222387,km,61914.42671055745
road,residential,0.7268533110618591,0.055390689046640136,km,6369.9292403636155
road,residential,0.45679959654808044,2.839252692876448,km,326514.0596807915
road,unclassified,0.8474868535995483,0.008622193243689388,km,991.5522230242797
road,unclassified,0.8474868535995483,0.17667898706740676,km,20318.08351275178
road,primary,0.9675331711769104,1.973306681071536,km,3946613.3621430723
road,residential,1.0146925449371338,0.07061834337428415,km,8121.109488042676
road,unclassified,0.6198868751525879,0.7551093369377055,km,86837.57374783614
road,unclassified,0.5,0.027223317364155432,km,3130.6814968778745
road,unclassified,0.5,0.03260736521640301,km,3749.8469998863466
road,residential,0.8345769643783569,0.034327735584528646,km,3947.689592220794
road,tertiary,0.32279857993125916,0.09341537290554963,km,18683.074581109926
road,unclassified,0.9808394908905029,0.03734940592673987,km,4295.181681575084
road,unclassified,0.8168807625770569,0.027748011139227292,km,3191.0212810111384
road,unclassified,0.6348320245742798,0.19566324165525464,km,22501.272790354284
road,unclassified,0.8225147724151611,0.06679121313855241,km,7680.989510933527
road,unclassified,0.7572402358055115,0.3280471594000526,km,37725.423331006044
road,primary,0.5078760385513306,0.42776202338043084,km,855524.0467608616
road,tertiary,0.9874696135520935,0.054355449528742536,km,10871.089905748508
road,tertiary,0.806673526763916,0.015392596808414118,km,3078.5193616828237
road,tertiary,0.806673526763916,0.027010418466306592,km,5402.083693261318
road,tertiary,0.8629939556121826,0.32952061385087217,km,65904.12277017444
road,tertiary,0.7390035390853882,0.6627199107656017,km,132543.98215312033
road,residential,0.7707385420799255,1.346324678592883,km,154827.33803818157
road,unclassified,0.3386625647544861,0.6304673905180334,km,72503.74990957383
road,unclassified,0.23862476646900177,0.009018187288683182,km,1037.091538198566
road,unclassified,0.5,0.45558364844063093,km,52392.119570672556
road,unclassified,1.015965223312378,0.34146035778728306,km,39267.94114553755
road,unclassified,0.7739584445953369,0.451320161603398,km,51901.81858439077
road,residential,0.9024041891098022,0.17404248211802478,km,20014.88544357285
road,unclassified,0.9212006330490112,0.1972936393139691,km,22688.768521106445
road,tertiary,0.7122275829315186,0.020413182285358076,km,4082.636457071615
road,tertiary,0.7122275829315186,0.020153410510192326,km,4030.682102038465
railway,rail,0.8955408334732056,0.6780544797974697,km,3390272.3989873487
road,tertiary,0.7450387477874756,0.12378722960636511,km,24757.44592127302
railway,rail,0.5704987049102783,0.5374259136773747,km,2687129.568386873
