year,scenario,slr_m,buildings_count,buildings_eur,roads_km,roads_eur,railways_km,railways_eur,utilities_road_km,utility_water_eur,utility_sewage_eur,utility_elec_eur,utilities_total_eur,total_replacement_eur,total_bn_eur
2025,ssp126,0.035,1378.0,1050020304.0,24.79,2981774.0,0.17,866140.0,24.79,6198504.0,8677905.0,4958803.0,19835212.0,1073703430.0,1.0737
2026,ssp126,0.042,1662.0,1268022582.0,27.59,3338032.0,0.17,866140.0,27.59,6896606.0,9655249.0,5517285.0,22069140.0,1294295893.0,1.2943
2027,ssp126,0.049,1945.0,1480440649.0,27.59,3338032.0,0.17,866140.0,27.59,6896606.0,9655249.0,5517285.0,22069140.0,1506713960.0,1.5067
2028,ssp126,0.056,2239.0,1703772272.0,28.51,3443769.0,0.17,866140.0,28.51,7126470.0,9977058.0,5701176.0,22804703.0,1730886884.0,1.7309
2029,ssp126,0.063,2538.0,1931185430.0,32.57,5117289.0,0.17,866140.0,32.57,8141292.0,11397809.0,6513034.0,26052135.0,1963220993.0,1.9632
2030,ssp126,0.07,2847.0,2167606545.0,36.11,5525419.0,0.34,1715075.0,36.11,9028531.0,12639944.0,7222825.0,28891300.0,2203738339.0,2.2037
2031,ssp126,0.0765,3138.0,2390369509.0,36.26,5554194.0,0.34,1715075.0,36.26,9064501.0,12690301.0,7251601.0,29006403.0,2426645181.0,2.4266
2032,ssp126,0.083,3447.0,2627963301.0,36.91,5628762.0,0.34,1715075.0,36.91,9226604.0,12917245.0,7381283.0,29525132.0,2664832269.0,2.6648
2033,ssp126,0.0895,3746.0,2857476523.0,36.91,5628762.0,0.34,1715075.0,36.91,9226604.0,12917245.0,7381283.0,29525132.0,2894345492.0,2.8943
2034,ssp126,0.096,4059.0,3098497007.0,36.91,5628762.0,0.34,1715075.0,36.91,9226604.0,12917245.0,7381283.0,29525132.0,3135365976.0,3.1354
2035,ssp126,0.1025,4373.0,3340598093.0,37.09,5666334.0,0.34,1715075.0,37.09,9273569.0,12982996.0,7418855.0,29675421.0,3377654922.0,3.3777
2036,ssp126,0.109,4682.0,3574129502.0,39.03,5888853.0,0.34,1715075.0,39.03,9757306.0,13660228.0,7805845.0,31223378.0,3612956807.0,3.613
2037,ssp126,0.1155,5009.0,3825548655.0,39.03,5888853.0,0.34,1715075.0,39.03,9757306.0,13660228.0,7805845.0,31223378.0,3864375960.0,3.8644
2038,ssp126,0.122,5331.0,4072699912.0,39.74,5970805.0,0.34,1715075.0,39.74,9935464.0,13909649.0,7948371.0,31793484.0,4112179276.0,4.1122
2039,ssp126,0.1285,5658.0,4326950579.0,39.74,5970805.0,0.34,1715075.0,39.74,9935464.0,13909649.0,7948371.0,31793484.0,4366429943.0,4.3664
2040,ssp126,0.135,6011.0,4606276794.0,39.93,5991915.0,0.34,1715075.0,39.93,9981355.0,13973897.0,7985084.0,31940337.0,4645924121.0,4.6459
2041,ssp126,0.1415,6367.0,4879059736.0,41.57,6180915.0,0.34,1715075.0,41.57,10392223.0,14549112.0,8313779.0,33255114.0,4920210839.0,4.9202
2042,ssp126,0.148,6731.0,5162335632.0,42.27,6261843.0,0.34,1715075.0,42.27,10568155.0,14795417.0,8454524.0,33818095.0,5204130645.0,5.2041
2043,ssp126,0.1545,7098.0,5451096299.0,44.22,6485499.0,0.34,1715075.0,44.22,11054364.0,15476110.0,8843491.0,35373965.0,5494670838.0,5.4947
2044,ssp126,0.161,7452.0,5723519777.0,46.05,6802037.0,0.34,1715075.0,46.05,11512154.0,16117016.0,9209723.0,36838893.0,5768875781.0,5.7689
2045,ssp126,0.1675,7835.0,6021018065.0,46.05,6802037.0,0.34,1715075.0,46.05,11512154.0,16117016.0,9209723.0,36838893.0,6066374069.0,6.0664
2046,ssp126,0.174,8203.0,6309352973.0,46.05,6802037.0,0.34,1715075.0,46.05,11512154.0,16117016.0,9209723.0,36838893.0,6354708977.0,6.3547
2047,ssp126,0.1805,8598.0,6623284945.0,46.12,6810756.0,0.34,1715075.0,46.12,11531110.0,16143553.0,9224888.0,36899551.0,6668710327.0,6.6687
2048,ssp126,0.187,8976.0,6916281097.0,47.65,7021330.0,0.34,1715075.0,47.65,11912166.0,16677032.0,9529733.0,38118931.0,6963136432.0,6.9631
2049,ssp126,0.1935,9367.0,7218779468.0,54.71,7833525.0,0.34,1715075.0,54.71,13677809.0,19148932.0,10942247.0,43768988.0,7272097056.0,7.2721
2050,ssp126,0.2,9769.0,7526399462.0,54.72,7834481.0,0.34,1715075.0,54.72,13679886.0,19151840.0,10943908.0,43775634.0,7579724651.0,7.5797
2051,ssp126,0.204,10008.0,7710806606.0,57.27,8127298.0,0.34,1715075.0,57.27,14316446.0,20043025.0,11453157.0,45812628.0,7766461607.0,7.7665
2052,ssp126,0.208,10265.0,7912115178.0,57.65,8303860.0,0.34,1715075.0,57.65,14412963.0,20178149.0,11530371.0,46121483.0,7968255596.0,7.9683
2053,ssp126,0.212,10510.0,8101992359.0,59.75,8545292.0,0.34,1715075.0,59.75,14937815.0,20912940.0,11950252.0,47801007.0,8160053733.0,8.1601
2054,ssp126,0.216,10776.0,8311942059.0,60.55,8637209.0,0.34,1715075.0,60.55,15137634.0,21192687.0,12110107.0,48440428.0,8370734770.0,8.3707
2055,ssp126,0.22,11043.0,8523159457.0,60.55,8637209.0,0.34,1715075.0,60.55,15137634.0,21192687.0,12110107.0,48440428.0,8581952168.0,8.582
2056,ssp126,0.224,11303.0,8726278607.0,60.57,8640288.0,1.83,9129641.0,60.57,15141483.0,21198077.0,12113187.0,48452746.0,8792501283.0,8.7925
2057,ssp126,0.228,11563.0,8928387871.0,61.83,9270437.0,1.83,9129641.0,61.83,15456557.0,21639180.0,12365246.0,49460983.0,8996248931.0,8.9962
2058,ssp126,0.232,11851.0,9155280248.0,64.06,9527230.0,1.83,9129641.0,64.06,16014803.0,22420724.0,12811842.0,51247369.0,9225184488.0,9.2252
2059,ssp126,0.236,12107.0,9350564119.0,67.83,10869973.0,1.83,9129641.0,67.83,16958053.0,23741274.0,13566442.0,54265770.0,9424829503.0,9.4248
2060,ssp126,0.24,12384.0,9566788229.0,68.43,10938453.0,1.83,9129641.0,68.43,17106922.0,23949691.0,13685538.0,54742150.0,9641598473.0,9.6416
2061,ssp126,0.244,12667.0,9786725572.0,68.43,10938453.0,1.83,9129641.0,68.43,17106922.0,23949691.0,13685538.0,54742150.0,9861535816.0,9.8615
2062,ssp126,0.248,12956.0,10016696963.0,69.55,11067914.0,1.83,9129641.0,69.55,17388359.0,24343702.0,13910687.0,55642748.0,10092537265.0,10.0925
2063,ssp126,0.252,13239.0,10236134150.0,69.55,11067914.0,1.83,9129641.0,69.55,17388359.0,24343702.0,13910687.0,55642748.0,10311974452.0,10.312
2064,ssp126,0.256,13521.0,10454327945.0,69.55,11067914.0,1.83,9129641.0,69.55,17388359.0,24343702.0,13910687.0,55642748.0,10530168248.0,10.5302
2065,ssp126,0.26,13800.0,10668078533.0,77.3,63528978.0,7.47,37333095.0,70.76,17688801.0,24764322.0,14151041.0,56604164.0,10825544770.0,10.8255
2066,ssp126,0.264,14097.0,10903340966.0,77.3,63528978.0,7.47,37333095.0,70.76,17688801.0,24764322.0,14151041.0,56604164.0,11060807204.0,11.0608
2067,ssp126,0.268,14392.0,11132428430.0,81.7,64035799.0,7.47,37333095.0,75.16,18790585.0,26306820.0,15032468.0,60129873.0,11293927198.0,11.2939
2068,ssp126,0.272,14703.0,11378704599.0,81.82,64057881.0,7.47,37333095.0,75.28,18819912.0,26347877.0,15055930.0,60223718.0,11540319294.0,11.5403
2069,ssp126,0.276,15002.0,11614591675.0,81.82,64057881.0,7.47,37333095.0,75.28,18819912.0,26347877.0,15055930.0,60223718.0,11776206370.0,11.7762
2070,ssp126,0.28,15297.0,11848696900.0,83.36,64234470.0,7.47,37333095.0,76.82,19203800.0,26885319.0,15363040.0,61452159.0,12011716624.0,12.0117
2071,ssp126,0.284,15603.0,12086865245.0,86.57,64614747.0,7.47,37333095.0,80.03,20008366.0,28011713.0,16006693.0,64026772.0,12252839860.0,12.2528
2072,ssp126,0.288,15908.0,12326805864.0,87.07,64671970.0,7.47,37333095.0,80.53,20132763.0,28185869.0,16106211.0,64424843.0,12493235773.0,12.4932
2073,ssp126,0.292,16231.0,12577802206.0,87.32,64700375.0,7.47,37333095.0,80.78,20194514.0,28272320.0,16155611.0,64622445.0,12744458121.0,12.7445
2074,ssp126,0.296,16563.0,12840674111.0,88.39,64825335.0,7.47,37333095.0,81.85,20461752.0,28646452.0,16369401.0,65477605.0,13008310148.0,13.0083
2075,ssp126,0.3,16869.0,13082093099.0,90.77,65099294.0,7.47,37333095.0,84.23,21057313.0,29480238.0,16845851.0,67383402.0,13251908891.0,13.2519
2076,ssp126,0.304,17188.0,13337226221.0,90.77,65099294.0,7.47,37333095.0,84.23,21057313.0,29480238.0,16845851.0,67383402.0,13507042012.0,13.507
2077,ssp126,0.308,17518.0,13597243041.0,90.77,65099294.0,7.47,37333095.0,84.23,21057313.0,29480238.0,16845851.0,67383402.0,13767058833.0,13.7671
2078,ssp126,0.312,17831.0,13841827963.0,90.77,65099294.0,7.47,37333095.0,84.23,21057313.0,29480238.0,16845851.0,67383402.0,14011643754.0,14.0116
2079,ssp126,0.316,18164.0,14102520251.0,92.56,65305184.0,7.47,37333095.0,86.02,21504900.0,30106860.0,17203920.0,68815681.0,14273974210.0,14.274
2080,ssp126,0.32,18496.0,14366978806.0,92.67,65318280.0,11.45,57248176.0,86.13,21533371.0,30146720.0,17226697.0,68906788.0,14558452050.0,14.5585
2081,ssp126,0.324,18810.0,14613024418.0,95.34,65825560.0,11.64,58197105.0,88.8,22200285.0,31080399.0,17760228.0,71040913.0,14808087995.0,14.8081
2082,ssp126,0.328,19142.0,14874795097.0,95.84,65882768.0,11.64,58197105.0,89.3,22324652.0,31254512.0,17859721.0,71438886.0,15070313856.0,15.0703
2083,ssp126,0.332,19486.0,15150279174.0,96.36,65943023.0,11.64,58197105.0,89.82,22455640.0,31437897.0,17964512.0,71858049.0,15346277351.0,15.3463
2084,ssp126,0.336,19857.0,15451532681.0,96.36,65943023.0,11.64,58197105.0,89.82,22455640.0,31437897.0,17964512.0,71858049.0,15647530858.0,15.6475
2085,ssp126,0.34,20230.0,15752070206.0,96.99,66015527.0,11.64,58197105.0,90.45,22613257.0,31658560.0,18090606.0,72362423.0,15948645261.0,15.9486
2086,ssp126,0.344,20570.0,16021595139.0,96.99,66015527.0,11.64,58197105.0,90.45,22613257.0,31658560.0,18090606.0,72362423.0,16218170194.0,16.2182
2087,ssp126,0.348,20915.0,16294308103.0,98.32,66177477.0,11.64,58197105.0,91.78,22945252.0,32123353.0,18356202.0,73424807.0,16492107492.0,16.4921
2088,ssp126,0.352,21296.0,16594974535.0,102.51,68044406.0,11.64,58197105.0,95.97,23991819.0,33588547.0,19193455.0,76773821.0,16797989867.0,16.798
2089,ssp126,0.356,21642.0,16868773993.0,102.51,68044406.0,11.64,58197105.0,95.97,23991819.0,33588547.0,19193455.0,76773821.0,17071789326.0,17.0718
2090,ssp126,0.36,22005.0,17159260528.0,105.62,73897637.0,11.64,58197105.0,99.08,24770679.0,34678950.0,19816543.0,79266172.0,17370621441.0,17.3706
2091,ssp126,0.364,22368.0,17446665102.0,105.62,73897637.0,11.64,58197105.0,99.08,24770679.0,34678950.0,19816543.0,79266172.0,17658026015.0,17.658
2092,ssp126,0.368,22692.0,17702107598.0,105.62,73897637.0,11.64,58197105.0,99.08,24770679.0,34678950.0,19816543.0,79266172.0,17913468511.0,17.9135
2093,ssp126,0.372,23051.0,17991438398.0,109.54,95272788.0,11.64,58197105.0,100.39,25096459.0,35135043.0,20077167.0,80308670.0,18225216960.0,18.2252
2094,ssp126,0.376,23415.0,18281095513.0,109.54,95272788.0,11.64,58197105.0,100.39,25096459.0,35135043.0,20077167.0,80308670.0,18514874076.0,18.5149
2095,ssp126,0.38,23828.0,18612709717.0,109.79,95301004.0,11.64,58197105.0,100.63,25157797.0,35220916.0,20126238.0,80504951.0,18846712776.0,18.8467
2096,ssp126,0.384,24193.0,18902030940.0,110.07,95334099.0,11.64,58197105.0,100.91,25227451.0,35318431.0,20181961.0,80727842.0,19136289986.0,19.1363
2097,ssp126,0.388,24578.0,19208518034.0,111.81,95534280.0,12.04,60202531.0,102.65,25662627.0,35927678.0,20530102.0,82120407.0,19446375252.0,19.4464
2098,ssp126,0.392,24965.0,19518934921.0,111.97,95787543.0,12.04,60202531.0,102.81,25702571.0,35983600.0,20562057.0,82248229.0,19757173224.0,19.7572
2099,ssp126,0.396,25339.0,19818142136.0,112.04,95796127.0,12.04,60202531.0,102.88,25721233.0,36009726.0,20576986.0,82307944.0,20056448739.0,20.0564
2100,ssp126,0.4,25741.0,20148000270.0,112.78,97283644.0,12.04,60202531.0,103.63,25907172.0,36270041.0,20725738.0,82902951.0,20388389396.0,20.3884
2025,ssp245,0.05,1980.0,1504728764.0,27.59,3338032.0,0.17,866140.0,27.59,6896606.0,9655249.0,5517285.0,22069140.0,1531002075.0,1.531
2026,ssp245,0.06,2400.0,1825184120.0,32.57,5117289.0,0.17,866140.0,32.57,8141292.0,11397809.0,6513034.0,26052135.0,1857219683.0,1.8572
2027,ssp245,0.07,2847.0,2167606545.0,36.11,5525419.0,0.34,1715075.0,36.11,9028531.0,12639944.0,7222825.0,28891300.0,2203738339.0,2.2037
2028,ssp245,0.08,3307.0,2519884025.0,36.91,5628762.0,0.34,1715075.0,36.91,9226604.0,12917245.0,7381283.0,29525132.0,2556752993.0,2.5568
2029,ssp245,0.09,3773.0,2878653951.0,36.91,5628762.0,0.34,1715075.0,36.91,9226604.0,12917245.0,7381283.0,29525132.0,2915522919.0,2.9155
2030,ssp245,0.1,4246.0,3243514873.0,37.09,5666334.0,0.34,1715075.0,37.09,9273569.0,12982996.0,7418855.0,29675421.0,3280571702.0,3.2806
2031,ssp245,0.11,4729.0,3610285815.0,39.03,5888853.0,0.34,1715075.0,39.03,9757306.0,13660228.0,7805845.0,31223378.0,3649113121.0,3.6491
2032,ssp245,0.12,5238.0,4001970988.0,39.74,5970805.0,0.34,1715075.0,39.74,9935464.0,13909649.0,7948371.0,31793484.0,4041450352.0,4.0415
2033,ssp245,0.13,5742.0,4393447701.0,39.74,5970805.0,0.34,1715075.0,39.74,9935464.0,13909649.0,7948371.0,31793484.0,4432927065.0,4.4329
2034,ssp245,0.14,6280.0,4812132436.0,41.57,6180915.0,0.34,1715075.0,41.57,10392223.0,14549112.0,8313779.0,33255114.0,4853283540.0,4.8533
2035,ssp245,0.15,6844.0,5251735313.0,42.27,6261843.0,0.34,1715075.0,42.27,10568155.0,14795417.0,8454524.0,33818095.0,5293530326.0,5.2935
2036,ssp245,0.16,7397.0,5681155346.0,45.46,6734803.0,0.34,1715075.0,45.46,11365993.0,15912391.0,9092795.0,36371179.0,5725976403.0,5.726
2037,ssp245,0.17,7981.0,6136564318.0,46.05,6802037.0,0.34,1715075.0,46.05,11512154.0,16117016.0,9209723.0,36838893.0,6181920322.0,6.1819
2038,ssp245,0.18,8565.0,6596787012.0,46.12,6810756.0,0.34,1715075.0,46.12,11531110.0,16143553.0,9224888.0,36899551.0,6642212393.0,6.6422
2039,ssp245,0.19,9156.0,7055103368.0,49.96,7287321.0,0.34,1715075.0,49.96,12490409.0,17486573.0,9992327.0,39969309.0,7104075073.0,7.1041
2040,ssp245,0.2,9769.0,7526399462.0,54.72,7834481.0,0.34,1715075.0,54.72,13679886.0,19151840.0,10943908.0,43775634.0,7579724651.0,7.5797
2041,ssp245,0.21,10391.0,8011674131.0,58.69,8423770.0,0.34,1715075.0,58.69,14673636.0,20543091.0,11738909.0,46955636.0,8068768612.0,8.0688
2042,ssp245,0.22,11043.0,8523159457.0,60.55,8637209.0,0.34,1715075.0,60.55,15137634.0,21192687.0,12110107.0,48440428.0,8581952168.0,8.582
2043,ssp245,0.23,11705.0,9040504485.0,61.83,9270437.0,1.83,9129641.0,61.83,15456557.0,21639180.0,12365246.0,49460983.0,9108365546.0,9.1084
2044,ssp245,0.24,12384.0,9566788229.0,68.43,10938453.0,1.83,9129641.0,68.43,17106922.0,23949691.0,13685538.0,54742150.0,9641598473.0,9.6416
2045,ssp245,0.25,13105.0,10133117568.0,69.55,11067914.0,1.83,9129641.0,69.55,17388359.0,24343702.0,13910687.0,55642748.0,10208957870.0,10.209
2046,ssp245,0.26,13800.0,10668078533.0,77.3,63528978.0,7.47,37333095.0,70.76,17688801.0,24764322.0,14151041.0,56604164.0,10825544770.0,10.8255
2047,ssp245,0.27,14552.0,11260010091.0,81.72,64037664.0,7.47,37333095.0,75.18,18794640.0,26312496.0,15035712.0,60142849.0,11421523699.0,11.4215
2048,ssp245,0.28,15297.0,11848696900.0,83.36,64234470.0,7.47,37333095.0,76.82,19203800.0,26885319.0,15363040.0,61452159.0,12011716624.0,12.0117
2049,ssp245,0.29,16084.0,12464674231.0,87.32,64700375.0,7.47,37333095.0,80.78,20194514.0,28272320.0,16155611.0,64622445.0,12631330146.0,12.6313
2050,ssp245,0.3,16869.0,13082093099.0,90.77,65099294.0,7.47,37333095.0,84.23,21057313.0,29480238.0,16845851.0,67383402.0,13251908891.0,13.2519
2051,ssp245,0.306,17347.0,13462195877.0,90.77,65099294.0,7.47,37333095.0,84.23,21057313.0,29480238.0,16845851.0,67383402.0,13632011668.0,13.632
2052,ssp245,0.312,17831.0,13841827963.0,90.77,65099294.0,7.47,37333095.0,84.23,21057313.0,29480238.0,16845851.0,67383402.0,14011643754.0,14.0116
2053,ssp245,0.318,18327.0,14231788740.0,92.67,65318280.0,11.45,57248176.0,86.13,21533371.0,30146720.0,17226697.0,68906788.0,14423261983.0,14.4233
2054,ssp245,0.324,18810.0,14613024418.0,95.34,65825560.0,11.64,58197105.0,88.8,22200285.0,31080399.0,17760228.0,71040913.0,14808087995.0,14.8081
2055,ssp245,0.33,19318.0,15016591048.0,95.84,65882768.0,11.64,58197105.0,89.3,22324652.0,31254512.0,17859721.0,71438886.0,15212109807.0,15.2121
2056,ssp245,0.336,19857.0,15451532681.0,96.36,65943023.0,11.64,58197105.0,89.82,22455640.0,31437897.0,17964512.0,71858049.0,15647530858.0,15.6475
2057,ssp245,0.342,20406.0,15891751360.0,96.99,66015527.0,11.64,58197105.0,90.45,22613257.0,31658560.0,18090606.0,72362423.0,16088326415.0,16.0883
2058,ssp245,0.348,20915.0,16294308103.0,98.32,66177477.0,11.64,58197105.0,91.78,22945252.0,32123353.0,18356202.0,73424807.0,16492107492.0,16.4921
2059,ssp245,0.354,21473.0,16736032406.0,102.51,68044406.0,11.64,58197105.0,95.97,23991819.0,33588547.0,19193455.0,76773821.0,16939047738.0,16.939
2060,ssp245,0.36,22005.0,17159260528.0,105.62,73897637.0,11.64,58197105.0,99.08,24770679.0,34678950.0,19816543.0,79266172.0,17370621441.0,17.3706
2061,ssp245,0.366,22533.0,17577637361.0,105.62,73897637.0,11.64,58197105.0,99.08,24770679.0,34678950.0,19816543.0,79266172.0,17788998275.0,17.789
2062,ssp245,0.372,23051.0,17991438398.0,109.54,95272788.0,11.64,58197105.0,100.39,25096459.0,35135043.0,20077167.0,80308670.0,18225216960.0,18.2252
2063,ssp245,0.378,23621.0,18447794645.0,109.54,95272788.0,11.64,58197105.0,100.39,25096459.0,35135043.0,20077167.0,80308670.0,18681573208.0,18.6816
2064,ssp245,0.384,24193.0,18902030940.0,110.07,95334099.0,11.64,58197105.0,100.91,25227451.0,35318431.0,20181961.0,80727842.0,19136289986.0,19.1363
2065,ssp245,0.39,24778.0,19368737978.0,111.84,95538324.0,12.04,60202531.0,102.69,25671419.0,35939987.0,20537135.0,82148541.0,19606627374.0,19.6066
2066,ssp245,0.396,25339.0,19818142136.0,112.04,95796127.0,12.04,60202531.0,102.88,25721233.0,36009726.0,20576986.0,82307944.0,20056448739.0,20.0564
2067,ssp245,0.402,25941.0,20310007957.0,112.78,97283644.0,12.04,60202531.0,103.63,25907172.0,36270041.0,20725738.0,82902951.0,20550397083.0,20.5504
2068,ssp245,0.408,26505.0,20760027182.0,113.54,97398362.0,12.04,60202531.0,104.39,26096764.0,36535470.0,20877411.0,83509645.0,21001137720.0,21.0011
2069,ssp245,0.414,27100.0,21244757499.0,113.54,97398362.0,12.45,62225576.0,104.39,26096764.0,36535470.0,20877411.0,83509645.0,21487891082.0,21.4879
2070,ssp245,0.42,27675.0,21705992289.0,115.44,97616776.0,12.45,62225576.0,106.29,26571578.0,37200209.0,21257262.0,85029049.0,21950863691.0,21.9509
2071,ssp245,0.426,28296.0,22206490398.0,117.15,97813108.0,12.45,62225576.0,107.99,26998385.0,37797739.0,21598708.0,86394832.0,22452923914.0,22.4529
2072,ssp245,0.432,28898.0,22693833457.0,118.92,98016244.0,12.45,62225576.0,109.76,27439986.0,38415981.0,21951989.0,87807956.0,22941883233.0,22.9419
2073,ssp245,0.438,29507.0,23185544590.0,119.19,98047505.0,12.45,62225576.0,110.03,27507944.0,38511122.0,22006356.0,88025422.0,23433843093.0,23.4338
2074,ssp245,0.444,30115.0,23675000236.0,119.19,98047505.0,12.45,62225576.0,110.03,27507944.0,38511122.0,22006356.0,88025422.0,23923298739.0,23.9233
2075,ssp245,0.45,30751.0,24186461254.0,119.81,99288233.0,12.45,62225576.0,110.65,27663035.0,38728250.0,22130428.0,88521713.0,24436496777.0,24.4365
2076,ssp245,0.456,31370.0,24686261797.0,120.76,99397831.0,12.45,62225576.0,111.61,27901292.0,39061808.0,22321033.0,89284133.0,24937169337.0,24.9372
2077,ssp245,0.462,32031.0,25228078355.0,123.95,99764688.0,12.45,62225576.0,114.8,28698806.0,40178328.0,22959045.0,91836179.0,25481904798.0,25.4819
2078,ssp245,0.468,32665.0,25740351113.0,124.44,99821354.0,12.45,62225576.0,115.29,28821993.0,40350790.0,23057594.0,92230377.0,25994628420.0,25.9946
2079,ssp245,0.474,33314.0,26266898563.0,126.05,100005857.0,12.45,62225576.0,116.89,29223086.0,40912321.0,23378469.0,93513876.0,26522643872.0,26.5226
2080,ssp245,0.48,33974.0,26804993787.0,126.05,100005857.0,12.45,62225576.0,116.89,29223086.0,40912321.0,23378469.0,93513876.0,27060739096.0,27.0607
2081,ssp245,0.486,34669.0,27375267651.0,128.16,100269798.0,12.45,62225576.0,119.01,29751900.0,41652661.0,23801520.0,95206081.0,27632969106.0,27.633
2082,ssp245,0.492,35315.0,27896650018.0,134.14,102716928.0,12.45,62225576.0,124.99,31247141.0,43745998.0,24997713.0,99990852.0,28161583374.0,28.1616
2083,ssp245,0.498,35978.0,28434911715.0,137.5,103103426.0,13.24,66197060.0,128.35,32087353.0,44922294.0,25669882.0,102679528.0,28706891728.0,28.7069
2084,ssp245,0.504,39156.0,30512228023.0,146.08,110589895.0,13.24,66197060.0,136.24,34059722.0,47683611.0,27247778.0,108991110.0,30798006088.0,30.798
2085,ssp245,0.51,39865.0,31096842136.0,150.5,111905517.0,13.24,66197060.0,140.67,35166875.0,49233625.0,28133500.0,112534001.0,31387478714.0,31.3875
2086,ssp245,0.516,40547.0,31655102690.0,150.5,111905517.0,13.24,66197060.0,140.67,35166875.0,49233625.0,28133500.0,112534001.0,31945739268.0,31.9457
2087,ssp245,0.522,41272.0,32253153236.0,153.45,112244159.0,13.24,66197060.0,143.61,35903053.0,50264274.0,28722442.0,114889768.0,32546484224.0,32.5465
2088,ssp245,0.528,42021.0,32871606300.0,156.61,112807711.0,13.24,66197060.0,146.77,36692552.0,51369573.0,29354042.0,117416168.0,33168027239.0,33.168
2089,ssp245,0.534,42697.0,33420601086.0,158.89,113070623.0,13.24,66197060.0,149.06,37264100.0,52169741.0,29811280.0,119245121.0,33719113890.0,33.7191
2090,ssp245,0.54,43403.0,33999868175.0,160.91,113647289.0,13.24,66197060.0,151.08,37769383.0,52877137.0,30215507.0,120862027.0,34300574551.0,34.3006
2091,ssp245,0.546,44105.0,34577283436.0,167.98,121711965.0,13.24,66197060.0,158.15,39536792.0,55351509.0,31629434.0,126517736.0,34891710197.0,34.8917
2092,ssp245,0.552,44870.0,35209214183.0,176.93,139610446.0,13.24,66197060.0,167.1,41774103.0,58483744.0,33419282.0,133677128.0,35548698817.0,35.5487
2093,ssp245,0.558,45583.0,35800426077.0,178.38,139783467.0,13.24,66197060.0,168.54,42136049.0,58990468.0,33708839.0,134835356.0,36141241960.0,36.1412
2094,ssp245,0.564,46339.0,36430292854.0,178.64,139813538.0,13.24,66197060.0,168.81,42201421.0,59081989.0,33761136.0,135044546.0,36771347997.0,36.7713
2095,ssp245,0.57,47039.0,37007040013.0,178.76,139827515.0,13.24,66197060.0,168.93,42231807.0,59124530.0,33785446.0,135141782.0,37348206371.0,37.3482
2096,ssp245,0.576,47776.0,37609132317.0,179.54,139917292.0,13.91,69547363.0,169.71,42426974.0,59397763.0,33941579.0,135766315.0,37954363288.0,37.9544
2097,ssp245,0.582,48523.0,38225900763.0,180.03,140056546.0,13.91,69547363.0,170.19,42547641.0,59566697.0,34038113.0,136152451.0,38571657123.0,38.5717
2098,ssp245,0.588,49293.0,38874696845.0,180.36,140168442.0,13.91,69547363.0,170.53,42631555.0,59684178.0,34105244.0,136420978.0,39220833627.0,39.2208
2099,ssp245,0.594,50034.0,39488358285.0,180.36,140168442.0,13.91,69547363.0,170.53,42631555.0,59684178.0,34105244.0,136420978.0,39834495068.0,39.8345
2100,ssp245,0.6,50755.0,40086140707.0,201.31,295940880.0,13.91,69547363.0,172.03,43006548.0,60209168.0,34405239.0,137620955.0,40589249905.0,40.5892
2025,ssp585,0.065,2632.0,2003399352.0,32.57,5117289.0,0.34,1715075.0,32.57,8141292.0,11397809.0,6513034.0,26052135.0,2036283850.0,2.0363
2026,ssp585,0.078,3215.0,2449510145.0,36.91,5628762.0,0.34,1715075.0,36.91,9226604.0,12917245.0,7381283.0,29525132.0,2486379113.0,2.4864
2027,ssp585,0.091,3823.0,2917850238.0,36.91,5628762.0,0.34,1715075.0,36.91,9226604.0,12917245.0,7381283.0,29525132.0,2954719206.0,2.9547
2028,ssp585,0.104,4438.0,3387242205.0,37.09,5666334.0,0.34,1715075.0,37.09,9273569.0,12982996.0,7418855.0,29675421.0,3424299034.0,3.4243
2029,ssp585,0.117,5083.0,3881996995.0,39.03,5888853.0,0.34,1715075.0,39.03,9757306.0,13660228.0,7805845.0,31223378.0,3920824301.0,3.9208
2030,ssp585,0.13,5742.0,4393447701.0,39.74,5970805.0,0.34,1715075.0,39.74,9935464.0,13909649.0,7948371.0,31793484.0,4432927065.0,4.4329
2031,ssp585,0.1435,6480.0,4966468370.0,41.57,6180915.0,0.34,1715075.0,41.57,10392223.0,14549112.0,8313779.0,33255114.0,5007619473.0,5.0076
2032,ssp585,0.157,7238.0,5559889346.0,45.46,6734803.0,0.34,1715075.0,45.46,11365993.0,15912391.0,9092795.0,36371179.0,5604710403.0,5.6047
2033,ssp585,0.1705,8008.0,6156896122.0,46.05,6802037.0,0.34,1715075.0,46.05,11512154.0,16117016.0,9209723.0,36838893.0,6202252126.0,6.2023
2034,ssp585,0.184,8792.0,6772323944.0,46.22,6856584.0,0.34,1715075.0,46.22,11554023.0,16175633.0,9243219.0,36972875.0,6817868478.0,6.8179
2035,ssp585,0.1975,9629.0,7420244937.0,54.71,7833525.0,0.34,1715075.0,54.71,13677809.0,19148932.0,10942247.0,43768988.0,7473562526.0,7.4736
2036,ssp585,0.211,10451.0,8056920165.0,58.69,8423770.0,0.34,1715075.0,58.69,14673636.0,20543091.0,11738909.0,46955636.0,8114014646.0,8.114
2037,ssp585,0.2245,11338.0,8753708348.0,60.57,8640288.0,1.83,9129641.0,60.57,15141483.0,21198077.0,12113187.0,48452746.0,8819931023.0,8.8199
2038,ssp585,0.238,12240.0,9453450322.0,67.83,10869973.0,1.83,9129641.0,67.83,16958053.0,23741274.0,13566442.0,54265770.0,9527715706.0,9.5277
2039,ssp585,0.2515,13205.0,10210092912.0,69.55,11067914.0,1.83,9129641.0,69.55,17388359.0,24343702.0,13910687.0,55642748.0,10285933214.0,10.2859
2040,ssp585,0.265,14172.0,10960623145.0,81.7,64035799.0,7.47,37333095.0,75.16,18790585.0,26306820.0,15032468.0,60129873.0,11122121912.0,11.1221
2041,ssp585,0.2785,15194.0,11768005378.0,83.36,64234470.0,7.47,37333095.0,76.82,19203800.0,26885319.0,15363040.0,61452159.0,11931025101.0,11.931
2042,ssp585,0.292,16231.0,12577802206.0,87.32,64700375.0,7.47,37333095.0,80.78,20194514.0,28272320.0,16155611.0,64622445.0,12744458121.0,12.7445
2043,ssp585,0.3055,17314.0,13435926291.0,90.77,65099294.0,7.47,37333095.0,84.23,21057313.0,29480238.0,16845851.0,67383402.0,13605742082.0,13.6057
2044,ssp585,0.319,18406.0,14295017540.0,92.67,65318280.0,11.45,57248176.0,86.13,21533371.0,30146720.0,17226697.0,68906788.0,14486490784.0,14.4865
2045,ssp585,0.3325,19530.0,15185897028.0,96.36,65943023.0,11.64,58197105.0,89.82,22455640.0,31437897.0,17964512.0,71858049.0,15381895206.0,15.3819
2046,ssp585,0.346,20731.0,16146811558.0,98.26,66170731.0,11.64,58197105.0,91.72,22930586.0,32102820.0,18344469.0,73377874.0,16344557268.0,16.3446
2047,ssp585,0.3595,21953.0,17117187057.0,105.62,73897637.0,11.64,58197105.0,99.08,24770679.0,34678950.0,19816543.0,79266172.0,17328547970.0,17.3285
2048,ssp585,0.373,23150.0,18072093090.0,109.54,95272788.0,11.64,58197105.0,100.39,25096459.0,35135043.0,20077167.0,80308670.0,18305871653.0,18.3059
2049,ssp585,0.3865,24439.0,19099294071.0,110.38,95369909.0,11.64,58197105.0,101.22,25305298.0,35427417.0,20244238.0,80976954.0,19333838039.0,19.3338
2050,ssp585,0.4,25741.0,20148000270.0,112.78,97283644.0,12.04,60202531.0,103.63,25907172.0,36270041.0,20725738.0,82902951.0,20388389396.0,20.3884
2051,ssp585,0.412,26910.0,21087614359.0,113.54,97398362.0,12.45,62225576.0,104.39,26096764.0,36535470.0,20877411.0,83509645.0,21330747942.0,21.3307
2052,ssp585,0.424,28089.0,22040483676.0,115.44,97616776.0,12.45,62225576.0,106.29,26571578.0,37200209.0,21257262.0,85029049.0,22285355078.0,22.2854
2053,ssp585,0.436,29298.0,23016752024.0,119.19,98047505.0,12.45,62225576.0,110.03,27507944.0,38511122.0,22006356.0,88025422.0,23265050527.0,23.2651
2054,ssp585,0.448,30544.0,24019645739.0,119.19,98047505.0,12.45,62225576.0,110.03,27507944.0,38511122.0,22006356.0,88025422.0,24267944242.0,24.2679
2055,ssp585,0.46,31802.0,25039647869.0,123.95,99764688.0,12.45,62225576.0,114.8,28698806.0,40178328.0,22959045.0,91836179.0,25293474311.0,25.2935
2056,ssp585,0.472,33100.0,26094277854.0,126.05,100005857.0,12.45,62225576.0,116.89,29223086.0,40912321.0,23378469.0,93513876.0,26350023163.0,26.35
2057,ssp585,0.484,34435.0,27186302388.0,126.06,100006864.0,12.45,62225576.0,116.9,29225275.0,40915386.0,23380220.0,93520881.0,27442055709.0,27.4421
2058,ssp585,0.496,35763.0,28260500316.0,137.5,103103426.0,12.45,62225576.0,128.35,32087353.0,44922294.0,25669882.0,102679528.0,28528508846.0,28.5285
2059,ssp585,0.508,39632.0,30906690937.0,150.5,111905517.0,13.24,66197060.0,140.67,35166875.0,49233625.0,28133500.0,112534001.0,31197327515.0,31.1973
2060,ssp585,0.52,41048.0,32070150064.0,151.26,111993013.0,13.24,66197060.0,141.43,35357084.0,49499917.0,28285667.0,113142668.0,32361482805.0,32.3615
2061,ssp585,0.532,42464.0,33231134194.0,157.99,112966713.0,13.24,66197060.0,148.15,37038210.0,51853493.0,29630568.0,118522271.0,33528820238.0,33.5288
2062,ssp585,0.544,43863.0,34375778190.0,163.85,114058195.0,13.24,66197060.0,154.01,38503051.0,53904271.0,30802440.0,123209762.0,34679243207.0,34.6792
2063,ssp585,0.556,45328.0,35588352742.0,177.2,139641440.0,13.24,66197060.0,167.37,41841480.0,58578072.0,33473184.0,133892735.0,35928083977.0,35.9281
2064,ssp585,0.568,46787.0,36796406743.0,178.64,139813538.0,13.24,66197060.0,168.81,42201421.0,59081989.0,33761136.0,135044546.0,37137461886.0,37.1375
2065,ssp585,0.58,48271.0,38016771643.0,179.76,140026054.0,13.91,69547363.0,169.93,42481355.0,59473897.0,33985084.0,135940335.0,38362285395.0,38.3623
2066,ssp585,0.592,49776.0,39274628323.0,180.36,140168442.0,13.91,69547363.0,170.53,42631555.0,59684178.0,34105244.0,136420978.0,39620765106.0,39.6208
2067,ssp585,0.604,51266.0,40512162776.0,201.92,296062556.0,13.91,69547363.0,172.63,43158644.0,60422102.0,34526915.0,138107661.0,41015880356.0,41.0159
2068,ssp585,0.616,52781.0,41769486890.0,203.69,297593802.0,22.57,112864847.0,174.41,43601710.0,61042394.0,34881368.0,139525473.0,42319471011.0,42.3195
2069,ssp585,0.628,54303.0,43044328972.0,217.43,300918733.0,22.57,112864847.0,188.15,47036542.0,65851159.0,37629234.0,150516935.0,43608629487.0,43.6086
2070,ssp585,0.64,55804.0,44291079104.0,229.54,302574327.0,22.7,113510110.0,200.26,50063935.0,70089509.0,40051148.0,160204591.0,44867368132.0,44.8674
2071,ssp585,0.652,57353.0,45581699290.0,230.66,302703136.0,22.7,113510110.0,201.38,50343954.0,70481536.0,40275164.0,161100654.0,46159013190.0,46.159
2072,ssp585,0.664,58930.0,46899966515.0,233.17,302991123.0,22.7,113510110.0,203.88,50970014.0,71358020.0,40776011.0,163104045.0,47479571794.0,47.4796
2073,ssp585,0.676,60497.0,48211947544.0,233.9,303150781.0,22.7,113510110.0,204.61,51153493.0,71614890.0,40922794.0,163691178.0,48792299612.0,48.7923
2074,ssp585,0.688,62081.0,49551882776.0,239.22,304071310.0,22.7,113510110.0,209.94,52484700.0,73478580.0,41987760.0,167951040.0,50137415237.0,50.1374
2075,ssp585,0.7,63688.0,50897916370.0,242.43,304982291.0,22.7,113510110.0,213.15,53287154.0,74602015.0,42629723.0,170518892.0,51486927664.0,51.4869
2076,ssp585,0.712,65258.0,52217214844.0,244.17,305274123.0,22.7,113510110.0,214.88,53720367.0,75208514.0,42976294.0,171905176.0,52807904254.0,52.8079
2077,ssp585,0.724,66871.0,53581723995.0,248.53,305860762.0,25.93,129647643.0,219.24,54810170.0,76734238.0,43848136.0,175392543.0,54192624944.0,54.1926
2078,ssp585,0.736,68427.0,54894963883.0,253.28,306847893.0,25.93,129647643.0,223.99,55998374.0,78397724.0,44798700.0,179194798.0,55510654217.0,55.5107
2079,ssp585,0.748,70002.0,56215358426.0,257.31,307377759.0,25.93,129647643.0,228.02,57004925.0,79806895.0,45603940.0,182415761.0,56834799589.0,56.8348
2080,ssp585,0.76,71646.0,57608937003.0,260.23,308026077.0,25.93,129647643.0,230.94,57734745.0,80828643.0,46187796.0,184751183.0,58231361907.0,58.2314
2081,ssp585,0.772,73281.0,59000813282.0,264.46,308880294.0,25.93,129647643.0,235.17,58792935.0,82310109.0,47034348.0,188137391.0,59627478610.0,59.6275
2082,ssp585,0.784,74900.0,60374252309.0,265.36,308983469.0,26.25,131249593.0,236.07,59017228.0,82624120.0,47213783.0,188855131.0,61003340502.0,61.0033
2083,ssp585,0.796,76479.0,61709611744.0,269.63,309794555.0,26.25,131249593.0,240.34,60085212.0,84119296.0,48068169.0,192272678.0,62342928569.0,62.3429
2084,ssp585,0.808,78095.0,63081745505.0,270.81,311478476.0,26.25,131249593.0,241.53,60381995.0,84534792.0,48305596.0,193222383.0,63717695957.0,63.7177
2085,ssp585,0.82,79746.0,64495270639.0,275.75,312289507.0,26.25,131249593.0,246.47,61616571.0,86263200.0,49293257.0,197173028.0,65135982768.0,65.136
2086,ssp585,0.832,81354.0,65865833219.0,277.19,312479728.0,26.34,131694826.0,247.91,61976620.0,86767268.0,49581296.0,198325184.0,66508332958.0,66.5083
2087,ssp585,0.844,83034.0,67307626352.0,279.0,312710443.0,26.34,131694826.0,249.71,62427479.0,87398471.0,49941983.0,199767933.0,67951799554.0,67.9518
2088,ssp585,0.856,84746.0,68780750291.0,283.26,316088156.0,27.79,138937083.0,253.98,63493969.0,88891557.0,50795175.0,203180701.0,69438956231.0,69.439
2089,ssp585,0.868,86379.0,70184312828.0,289.61,317031097.0,27.79,138937083.0,260.32,65080275.0,91112384.0,52064220.0,208256879.0,70848537886.0,70.8485
2090,ssp585,0.88,88120.0,71692708417.0,292.1,317722296.0,27.79,138937083.0,262.81,65703363.0,91984708.0,52562691.0,210250762.0,72359618558.0,72.3596
2091,ssp585,0.892,89748.0,73095196244.0,293.34,318730289.0,27.79,138937083.0,264.06,66013968.0,92419555.0,52811174.0,211244696.0,73764108313.0,73.7641
2092,ssp585,0.904,91452.0,74561894768.0,301.62,331664847.0,29.28,146400869.0,272.33,68082768.0,95315876.0,54466215.0,217864859.0,75257825343.0,75.2578
2093,ssp585,0.916,93115.0,76004829641.0,303.22,331849138.0,32.69,163437812.0,273.93,68483400.0,95876761.0,54786720.0,219146881.0,76719263471.0,76.7193
2094,ssp585,0.928,94791.0,77450489219.0,308.82,333997867.0,32.77,163836340.0,279.53,69883226.0,97836517.0,55906581.0,223626323.0,78171949749.0,78.1719
2095,ssp585,0.94,96479.0,78909142531.0,309.55,334701218.0,32.93,164649925.0,280.27,70066930.0,98093702.0,56053544.0,224214176.0,79632707849.0,79.6327
2096,ssp585,0.952,98185.0,80389653893.0,312.58,335207296.0,32.93,164649925.0,283.29,70823131.0,99152383.0,56658504.0,226634018.0,81116145133.0,81.1161
2097,ssp585,0.964,99861.0,81846761805.0,319.23,342299544.0,34.23,171157043.0,289.94,72485568.0,101479795.0,57988454.0,231953816.0,82592172209.0,82.5922
2098,ssp585,0.976,101585.0,83347175530.0,327.34,351525662.0,34.23,171157043.0,298.05,74513094.0,104318331.0,59610475.0,238441900.0,84108300135.0,84.1083
2099,ssp585,0.988,103262.0,84801594092.0,331.24,353701349.0,34.99,174956176.0,301.95,75487518.0,105682526.0,60390015.0,241560059.0,85571811676.0,85.5718
2100,ssp585,1.0,105809.0,86853798759.0,343.76,372395436.0,41.2,205987459.0,312.72,78179282.0,109450994.0,62543425.0,250173701.0,87682355354.0,87.6824
