section,section_type,scenario,variant,year,slr_m,return_period_yr,closure_days_yr,annual_cost_mid_eur,annual_cost_low_eur,annual_cost_high_eur,cumulative_cost_mid_eur,cumulative_cost_low_eur,cumulative_cost_high_eur
Mondego Valley (km 240–244),railway,SSP1-2.6,Baseline,2025,0.035,3.14,1.7,1704725.0,852362.0,2983268.0,1704725.0,852362.0,2983268.0
Mondego Valley (km 240–244),railway,SSP1-2.6,+Geoid,2025,0.185,1.11,6.2,6173566.0,3086783.0,10803740.0,6173566.0,3086783.0,10803740.0
Mondego Valley (km 240–244),railway,SSP1-2.6,Baseline,2026,0.042,2.99,1.8,1812892.0,906446.0,3172561.0,3517617.0,1758808.0,6155829.0
Mondego Valley (km 240–244),railway,SSP1-2.6,+Geoid,2026,0.192,1.06,6.5,6546719.0,3273359.0,11456758.0,12720285.0,6360142.0,22260498.0
Mondego Valley (km 240–244),railway,SSP1-2.6,Baseline,2027,0.049,2.85,1.9,1927601.0,963800.0,3373301.0,5445217.0,2722609.0,9529130.0
Mondego Valley (km 240–244),railway,SSP1-2.6,+Geoid,2027,0.199,1.01,6.9,6941717.0,3470858.0,12148004.0,19662001.0,9831001.0,34408502.0
Mondego Valley (km 240–244),railway,SSP1-2.6,Baseline,2028,0.056,2.71,2.0,2049234.0,1024617.0,3586160.0,7494451.0,3747226.0,13115290.0
Mondego Valley (km 240–244),railway,SSP1-2.6,+Geoid,2028,0.206,0.96,7.4,7359808.0,3679904.0,12879664.0,27021809.0,13510905.0,47288166.0
Mondego Valley (km 240–244),railway,SSP1-2.6,Baseline,2029,0.063,2.58,2.2,2178198.0,1089099.0,3811846.0,9672649.0,4836325.0,16927136.0
Mondego Valley (km 240–244),railway,SSP1-2.6,+Geoid,2029,0.213,0.91,7.8,7802314.0,3901157.0,13654050.0,34824123.0,17412062.0,60942216.0
Mondego Valley (km 240–244),railway,SSP1-2.6,Baseline,2030,0.07,2.46,2.3,2314919.0,1157460.0,4051109.0,11987569.0,5993784.0,20978245.0
Mondego Valley (km 240–244),railway,SSP1-2.6,+Geoid,2030,0.22,0.87,8.3,8270628.0,4135314.0,14473599.0,43094752.0,21547376.0,75415815.0
Mondego Valley (km 240–244),railway,SSP1-2.6,Baseline,2031,0.077,2.35,2.4,2449217.0,1224609.0,4286130.0,14436786.0,7218393.0,25264375.0
Mondego Valley (km 240–244),railway,SSP1-2.6,+Geoid,2031,0.227,0.83,8.7,8729886.0,4364943.0,15277300.0,51824638.0,25912319.0,90693116.0
Mondego Valley (km 240–244),railway,SSP1-2.6,Baseline,2032,0.083,2.25,2.6,2590976.0,1295488.0,4534209.0,17027762.0,8513881.0,29798583.0
Mondego Valley (km 240–244),railway,SSP1-2.6,+Geoid,2032,0.233,0.8,9.2,9213908.0,4606954.0,16124339.0,61038546.0,30519273.0,106817455.0
Mondego Valley (km 240–244),railway,SSP1-2.6,Baseline,2033,0.09,2.15,2.7,2740600.0,1370300.0,4796050.0,19768362.0,9884181.0,34594634.0
Mondego Valley (km 240–244),railway,SSP1-2.6,+Geoid,2033,0.239,0.76,9.7,9724002.0,4862001.0,17017003.0,70762547.0,35381274.0,123834458.0
Mondego Valley (km 240–244),railway,SSP1-2.6,Baseline,2034,0.096,2.06,2.9,2898512.0,1449256.0,5072396.0,22666874.0,11333437.0,39667029.0
Mondego Valley (km 240–244),railway,SSP1-2.6,+Geoid,2034,0.246,0.73,10.3,10261542.0,5130771.0,17957698.0,81024089.0,40512045.0,141792156.0
Mondego Valley (km 240–244),railway,SSP1-2.6,Baseline,2035,0.103,1.97,3.1,3065158.0,1532579.0,5364026.0,25732031.0,12866016.0,45031055.0
Mondego Valley (km 240–244),railway,SSP1-2.6,+Geoid,2035,0.253,0.69,10.8,10827975.0,5413988.0,18948957.0,91852064.0,45926032.0,160741113.0
Mondego Valley (km 240–244),railway,SSP1-2.6,Baseline,2036,0.109,1.88,3.2,3241007.0,1620504.0,5671763.0,28973039.0,14486519.0,50702817.0
Mondego Valley (km 240–244),railway,SSP1-2.6,+Geoid,2036,0.259,0.66,11.4,11424823.0,5712411.0,19993440.0,103276887.0,51638444.0,180734553.0
Mondego Valley (km 240–244),railway,SSP1-2.6,Baseline,2037,0.116,1.8,3.4,3426555.0,1713278.0,5996471.0,32399594.0,16199797.0,56699289.0
Mondego Valley (km 240–244),railway,SSP1-2.6,+Geoid,2037,0.266,0.64,12.1,12053685.0,6026843.0,21093949.0,115330572.0,57665286.0,201828502.0
Mondego Valley (km 240–244),railway,SSP1-2.6,Baseline,2038,0.122,1.72,3.6,3622321.0,1811161.0,6339063.0,36021915.0,18010958.0,63038351.0
Mondego Valley (km 240–244),railway,SSP1-2.6,+Geoid,2038,0.272,0.61,12.7,12716245.0,6358123.0,22253429.0,128046818.0,64023409.0,224081931.0
Mondego Valley (km 240–244),railway,SSP1-2.6,Baseline,2039,0.129,1.64,3.8,3828854.0,1914427.0,6700495.0,39850769.0,19925385.0,69738846.0
Mondego Valley (km 240–244),railway,SSP1-2.6,+Geoid,2039,0.278,0.58,13.4,13414274.0,6707137.0,23474979.0,141461091.0,70730546.0,247556910.0
Mondego Valley (km 240–244),railway,SSP1-2.6,Baseline,2040,0.135,1.57,4.0,4046730.0,2023365.0,7081777.0,43897499.0,21948750.0,76820624.0
Mondego Valley (km 240–244),railway,SSP1-2.6,+Geoid,2040,0.285,0.55,14.1,14149632.0,7074816.0,24761856.0,155610724.0,77805362.0,272318766.0
Mondego Valley (km 240–244),railway,SSP1-2.6,Baseline,2041,0.142,1.5,4.3,4276556.0,2138278.0,7483972.0,48174055.0,24087027.0,84304596.0
Mondego Valley (km 240–244),railway,SSP1-2.6,+Geoid,2041,0.291,0.53,14.9,14924279.0,7462140.0,26117489.0,170535003.0,85267501.0,298436255.0
Mondego Valley (km 240–244),railway,SSP1-2.6,Baseline,2042,0.148,1.43,4.5,4518969.0,2259485.0,7908197.0,52693024.0,26346512.0,92212792.0
Mondego Valley (km 240–244),railway,SSP1-2.6,+Geoid,2042,0.298,0.51,15.7,15740274.0,7870137.0,27545479.0,186275277.0,93137638.0,325981734.0
Mondego Valley (km 240–244),railway,SSP1-2.6,Baseline,2043,0.155,1.37,4.8,4774644.0,2387322.0,8355627.0,57467668.0,28733834.0,100568420.0
Mondego Valley (km 240–244),railway,SSP1-2.6,+Geoid,2043,0.304,0.48,16.6,16599782.0,8299891.0,29049619.0,202875059.0,101437530.0,355031354.0
Mondego Valley (km 240–244),railway,SSP1-2.6,Baseline,2044,0.161,1.31,5.0,5044287.0,2522143.0,8827502.0,62511955.0,31255978.0,109395921.0
Mondego Valley (km 240–244),railway,SSP1-2.6,+Geoid,2044,0.311,0.46,17.5,17505082.0,8752541.0,30633893.0,220380141.0,110190071.0,385665247.0
Mondego Valley (km 240–244),railway,SSP1-2.6,Baseline,2045,0.168,1.25,5.3,5328642.0,2664321.0,9325123.0,67840597.0,33920298.0,118721044.0
Mondego Valley (km 240–244),railway,SSP1-2.6,+Geoid,2045,0.318,0.44,18.5,18458568.0,9229284.0,32302494.0,238838709.0,119419355.0,417967741.0
Mondego Valley (km 240–244),railway,SSP1-2.6,Baseline,2046,0.174,1.2,5.6,5628493.0,2814246.0,9849862.0,73469089.0,36734545.0,128570906.0
Mondego Valley (km 240–244),railway,SSP1-2.6,+Geoid,2046,0.324,0.42,19.5,19462759.0,9731380.0,34059828.0,258301468.0,129150734.0,452027569.0
Mondego Valley (km 240–244),railway,SSP1-2.6,Baseline,2047,0.181,1.14,5.9,5944664.0,2972332.0,10403161.0,79413753.0,39706876.0,138974068.0
Mondego Valley (km 240–244),railway,SSP1-2.6,+Geoid,2047,0.331,0.4,20.5,20520304.0,10260152.0,35910531.0,278821772.0,139410886.0,487938101.0
Mondego Valley (km 240–244),railway,SSP1-2.6,Baseline,2048,0.187,1.09,6.3,6278022.0,3139011.0,10986539.0,85691775.0,42845887.0,149960606.0
Mondego Valley (km 240–244),railway,SSP1-2.6,+Geoid,2048,0.337,0.39,21.6,21633986.0,10816993.0,37859476.0,300455758.0,150227879.0,525797577.0
Mondego Valley (km 240–244),railway,SSP1-2.6,Baseline,2049,0.194,1.05,6.6,6629481.0,3314740.0,11601591.0,92321256.0,46160628.0,161562198.0
Mondego Valley (km 240–244),railway,SSP1-2.6,+Geoid,2049,0.344,0.37,22.8,22806736.0,11403368.0,39911788.0,323262494.0,161631247.0,565709364.0
Mondego Valley (km 240–244),railway,SSP1-2.6,Baseline,2050,0.2,1.0,7.0,7000000.0,3500000.0,12250000.0,99321256.0,49660628.0,173812198.0
Mondego Valley (km 240–244),railway,SSP1-2.6,+Geoid,2050,0.35,0.35,24.0,24041631.0,12020815.0,42072853.0,347304125.0,173652062.0,607782218.0
Mondego Valley (km 240–244),railway,SSP1-2.6,Baseline,2051,0.204,0.97,7.2,7237921.0,3618961.0,12666362.0,106559177.0,53279589.0,186478560.0
Mondego Valley (km 240–244),railway,SSP1-2.6,+Geoid,2051,0.354,0.34,24.8,24833851.0,12416925.0,43459239.0,372137975.0,186068988.0,651241456.0
Mondego Valley (km 240–244),railway,SSP1-2.6,Baseline,2052,0.208,0.95,7.5,7483688.0,3741844.0,13096454.0,114042865.0,57021432.0,199575013.0
Mondego Valley (km 240–244),railway,SSP1-2.6,+Geoid,2052,0.358,0.33,25.7,25651613.0,12825807.0,44890323.0,397789588.0,198894794.0,696131779.0
Mondego Valley (km 240–244),railway,SSP1-2.6,Baseline,2053,0.212,0.92,7.7,7737552.0,3868776.0,13540716.0,121780417.0,60890209.0,213115730.0
Mondego Valley (km 240–244),railway,SSP1-2.6,+Geoid,2053,0.362,0.33,26.5,26495728.0,13247864.0,46367524.0,424285316.0,212142658.0,742499304.0
Mondego Valley (km 240–244),railway,SSP1-2.6,Baseline,2054,0.216,0.9,8.0,7999776.0,3999888.0,13999608.0,129780193.0,64890096.0,227115338.0
Mondego Valley (km 240–244),railway,SSP1-2.6,+Geoid,2054,0.366,0.32,27.4,27367031.0,13683516.0,47892304.0,451652347.0,225826174.0,790391608.0
Mondego Valley (km 240–244),railway,SSP1-2.6,Baseline,2055,0.22,0.87,8.3,8270628.0,4135314.0,14473599.0,138050821.0,69025411.0,241588937.0
Mondego Valley (km 240–244),railway,SSP1-2.6,+Geoid,2055,0.37,0.31,28.3,28266383.0,14133192.0,49466171.0,479918731.0,239959365.0,839857779.0
Mondego Valley (km 240–244),railway,SSP1-2.6,Baseline,2056,0.224,0.85,8.6,8550387.0,4275193.0,14963177.0,146601208.0,73300604.0,256552114.0
Mondego Valley (km 240–244),railway,SSP1-2.6,+Geoid,2056,0.374,0.3,29.2,29194674.0,14597337.0,51090679.0,509113404.0,254556702.0,890948458.0
Mondego Valley (km 240–244),railway,SSP1-2.6,Baseline,2057,0.228,0.82,8.8,8839339.0,4419669.0,15468843.0,155440547.0,77720273.0,272020957.0
Mondego Valley (km 240–244),railway,SSP1-2.6,+Geoid,2057,0.378,0.29,30.2,30152818.0,15076409.0,52767432.0,539266223.0,269633111.0,943715889.0
Mondego Valley (km 240–244),railway,SSP1-2.6,Baseline,2058,0.232,0.8,9.1,9137780.0,4568890.0,15991114.0,164578326.0,82289163.0,288012071.0
Mondego Valley (km 240–244),railway,SSP1-2.6,+Geoid,2058,0.382,0.28,31.1,31141762.0,15570881.0,54498083.0,570407984.0,285203992.0,998213972.0
Mondego Valley (km 240–244),railway,SSP1-2.6,Baseline,2059,0.236,0.78,9.4,9446015.0,4723007.0,16530526.0,174024341.0,87012170.0,304542597.0
Mondego Valley (km 240–244),railway,SSP1-2.6,+Geoid,2059,0.386,0.28,32.2,32162479.0,16081239.0,56284338.0,602570463.0,301285232.0,1054498310.0
Mondego Valley (km 240–244),railway,SSP1-2.6,Baseline,2060,0.24,0.76,9.8,9764359.0,4882179.0,17087627.0,183788699.0,91894350.0,321630224.0
Mondego Valley (km 240–244),railway,SSP1-2.6,+Geoid,2060,0.39,0.27,33.2,33215974.0,16607987.0,58127955.0,635786438.0,317893219.0,1112626266.0
Mondego Valley (km 240–244),railway,SSP1-2.6,Baseline,2061,0.244,0.74,10.1,10093136.0,5046568.0,17662988.0,193881836.0,96940918.0,339293212.0
Mondego Valley (km 240–244),railway,SSP1-2.6,+Geoid,2061,0.394,0.26,34.3,34303285.0,17151642.0,60030749.0,670089723.0,335044861.0,1172657014.0
Mondego Valley (km 240–244),railway,SSP1-2.6,Baseline,2062,0.248,0.72,10.4,10432683.0,5216341.0,18257195.0,204314518.0,102157259.0,357550407.0
Mondego Valley (km 240–244),railway,SSP1-2.6,+Geoid,2062,0.398,0.25,35.4,35425479.0,17712739.0,61994588.0,705515201.0,352757601.0,1234651602.0
Mondego Valley (km 240–244),railway,SSP1-2.6,Baseline,2063,0.252,0.7,10.8,10783343.0,5391672.0,18870851.0,215097862.0,107548931.0,376421258.0
Mondego Valley (km 240–244),railway,SSP1-2.6,+Geoid,2063,0.402,0.25,36.6,36583658.0,18291829.0,64021402.0,742098859.0,371049430.0,1298673004.0
Mondego Valley (km 240–244),railway,SSP1-2.6,Baseline,2064,0.256,0.68,11.1,11145475.0,5572738.0,19504582.0,226243337.0,113121669.0,395925840.0
Mondego Valley (km 240–244),railway,SSP1-2.6,+Geoid,2064,0.406,0.24,37.8,37778959.0,18889480.0,66113179.0,779877818.0,389938909.0,1364786182.0
Mondego Valley (km 240–244),railway,SSP1-2.6,Baseline,2065,0.26,0.66,11.5,11519446.0,5759723.0,20159030.0,237762783.0,118881391.0,416084870.0
Mondego Valley (km 240–244),railway,SSP1-2.6,+Geoid,2065,0.41,0.23,39.0,39012554.0,19506277.0,68271970.0,818890373.0,409445186.0,1433058152.0
Mondego Valley (km 240–244),railway,SSP1-2.6,Baseline,2066,0.264,0.64,11.9,11905635.0,5952817.0,20834861.0,249668418.0,124834209.0,436919731.0
Mondego Valley (km 240–244),railway,SSP1-2.6,+Geoid,2066,0.414,0.23,40.3,40285651.0,20142826.0,70499889.0,859176024.0,429588012.0,1503558041.0
Mondego Valley (km 240–244),railway,SSP1-2.6,Baseline,2067,0.268,0.62,12.3,12304433.0,6152217.0,21532758.0,261972851.0,130986426.0,458452489.0
Mondego Valley (km 240–244),railway,SSP1-2.6,+Geoid,2067,0.418,0.22,41.6,41599496.0,20799748.0,72799118.0,900775520.0,450387760.0,1576357160.0
Mondego Valley (km 240–244),railway,SSP1-2.6,Baseline,2068,0.272,0.61,12.7,12716245.0,6358123.0,22253429.0,274689096.0,137344548.0,480705919.0
Mondego Valley (km 240–244),railway,SSP1-2.6,+Geoid,2068,0.422,0.21,43.0,42955375.0,21477687.0,75171906.0,943730895.0,471865447.0,1651529065.0
Mondego Valley (km 240–244),railway,SSP1-2.6,Baseline,2069,0.276,0.59,13.1,13141487.0,6570744.0,22997603.0,287830584.0,143915292.0,503703521.0
Mondego Valley (km 240–244),railway,SSP1-2.6,+Geoid,2069,0.426,0.21,44.4,44354611.0,22177306.0,77620570.0,988085506.0,494042753.0,1729149635.0
Mondego Valley (km 240–244),railway,SSP1-2.6,Baseline,2070,0.28,0.57,13.6,13580589.0,6790294.0,23766030.0,301411172.0,150705586.0,527469552.0
Mondego Valley (km 240–244),railway,SSP1-2.6,+Geoid,2070,0.43,0.2,45.8,45798572.0,22899286.0,80147501.0,1033884078.0,516942039.0,1809297136.0
Mondego Valley (km 240–244),railway,SSP1-2.6,Baseline,2071,0.284,0.56,14.0,14033993.0,7016997.0,24559488.0,315445166.0,157722583.0,552029040.0
Mondego Valley (km 240–244),railway,SSP1-2.6,+Geoid,2071,0.434,0.2,47.3,47288666.0,23644333.0,82755166.0,1081172744.0,540586372.0,1892052302.0
Mondego Valley (km 240–244),railway,SSP1-2.6,Baseline,2072,0.288,0.54,14.5,14502157.0,7251079.0,25378775.0,329947323.0,164973661.0,577407815.0
Mondego Valley (km 240–244),railway,SSP1-2.6,+Geoid,2072,0.438,0.19,48.8,48826346.0,24413173.0,85446106.0,1129999091.0,564999545.0,1977498409.0
Mondego Valley (km 240–244),railway,SSP1-2.6,Baseline,2073,0.292,0.53,15.0,14985553.0,7492777.0,26224718.0,344932876.0,172466438.0,603632533.0
Mondego Valley (km 240–244),railway,SSP1-2.6,+Geoid,2073,0.442,0.19,50.4,50413110.0,25206555.0,88222943.0,1180412201.0,590206100.0,2065721352.0
Mondego Valley (km 240–244),railway,SSP1-2.6,Baseline,2074,0.296,0.51,15.5,15484667.0,7742333.0,27098167.0,360417543.0,180208771.0,630730700.0
Mondego Valley (km 240–244),railway,SSP1-2.6,+Geoid,2074,0.446,0.18,52.1,52050502.0,26025251.0,91088379.0,1232462703.0,616231352.0,2156809731.0
Mondego Valley (km 240–244),railway,SSP1-2.6,Baseline,2075,0.3,0.5,16.0,16000000.0,8000000.0,28000000.0,376417543.0,188208771.0,658730700.0
Mondego Valley (km 240–244),railway,SSP1-2.6,+Geoid,2075,0.45,0.18,53.7,53740115.0,26870058.0,94045202.0,1286202819.0,643101409.0,2250854933.0
Mondego Valley (km 240–244),railway,SSP1-2.6,Baseline,2076,0.304,0.49,16.5,16532070.0,8266035.0,28931123.0,392949613.0,196474807.0,687661823.0
Mondego Valley (km 240–244),railway,SSP1-2.6,+Geoid,2076,0.454,0.17,55.5,55483591.0,27741796.0,97096285.0,1341686410.0,670843205.0,2347951217.0
Mondego Valley (km 240–244),railway,SSP1-2.6,Baseline,2077,0.308,0.47,17.1,17081412.0,8540706.0,29892470.0,410031025.0,205015512.0,717554293.0
Mondego Valley (km 240–244),railway,SSP1-2.6,+Geoid,2077,0.458,0.17,57.3,57282623.0,28641312.0,100244591.0,1398969033.0,699484517.0,2448195808.0
Mondego Valley (km 240–244),railway,SSP1-2.6,Baseline,2078,0.312,0.46,17.6,17648574.0,8824287.0,30885005.0,427679599.0,213839799.0,748439298.0
Mondego Valley (km 240–244),railway,SSP1-2.6,+Geoid,2078,0.462,0.16,59.1,59138957.0,29569478.0,103493175.0,1458107990.0,729053995.0,2551688983.0
Mondego Valley (km 240–244),railway,SSP1-2.6,Baseline,2079,0.316,0.45,18.2,18234126.0,9117063.0,31909721.0,445913725.0,222956862.0,780349019.0
Mondego Valley (km 240–244),railway,SSP1-2.6,+Geoid,2079,0.466,0.16,61.1,61054393.0,30527196.0,106845187.0,1519162383.0,759581191.0,2658534170.0
Mondego Valley (km 240–244),railway,SSP1-2.6,Baseline,2080,0.32,0.44,18.8,18838653.0,9419327.0,32967643.0,464752378.0,232376189.0,813316661.0
Mondego Valley (km 240–244),railway,SSP1-2.6,+Geoid,2080,0.47,0.15,63.0,63030786.0,31515393.0,110303875.0,1582193169.0,791096584.0,2768838045.0
Mondego Valley (km 240–244),railway,SSP1-2.6,Baseline,2081,0.324,0.42,19.5,19462759.0,9731380.0,34059828.0,484215137.0,242107568.0,847376490.0
Mondego Valley (km 240–244),railway,SSP1-2.6,+Geoid,2081,0.474,0.15,65.1,65070051.0,32535025.0,113872589.0,1647263219.0,823631610.0,2882710634.0
Mondego Valley (km 240–244),railway,SSP1-2.6,Baseline,2082,0.328,0.41,20.1,20107067.0,10053534.0,35187368.0,504322204.0,252161102.0,882563857.0
Mondego Valley (km 240–244),railway,SSP1-2.6,+Geoid,2082,0.478,0.15,67.2,67174160.0,33587080.0,117554780.0,1714437379.0,857218690.0,3000265413.0
Mondego Valley (km 240–244),railway,SSP1-2.6,Baseline,2083,0.332,0.4,20.8,20772220.0,10386110.0,36351386.0,525094425.0,262547212.0,918915243.0
Mondego Valley (km 240–244),railway,SSP1-2.6,+Geoid,2083,0.482,0.14,69.3,69345147.0,34672574.0,121354008.0,1783782527.0,891891263.0,3121619421.0
Mondego Valley (km 240–244),railway,SSP1-2.6,Baseline,2084,0.336,0.39,21.5,21458881.0,10729441.0,37553042.0,546553306.0,273276653.0,956468285.0
Mondego Valley (km 240–244),railway,SSP1-2.6,+Geoid,2084,0.486,0.14,71.6,71585111.0,35792555.0,125273944.0,1855367637.0,927683819.0,3246893366.0
Mondego Valley (km 240–244),railway,SSP1-2.6,Baseline,2085,0.34,0.38,22.2,22167733.0,11083866.0,38793533.0,568721039.0,284360519.0,995261817.0
Mondego Valley (km 240–244),railway,SSP1-2.6,+Geoid,2085,0.49,0.13,73.9,73896213.0,36948106.0,129318373.0,1929263850.0,964631925.0,3376211738.0
Mondego Valley (km 240–244),railway,SSP1-2.6,Baseline,2086,0.344,0.37,22.9,22899481.0,11449741.0,40074092.0,591620520.0,295810260.0,1035335909.0
Mondego Valley (km 240–244),railway,SSP1-2.6,+Geoid,2086,0.494,0.13,76.3,76280683.0,38140341.0,133491195.0,2005544533.0,1002772267.0,3509702933.0
Mondego Valley (km 240–244),railway,SSP1-2.6,Baseline,2087,0.348,0.36,23.7,23654853.0,11827426.0,41395992.0,615275372.0,307637686.0,1076731901.0
Mondego Valley (km 240–244),railway,SSP1-2.6,+Geoid,2087,0.498,0.13,78.7,78740819.0,39370410.0,137796433.0,2084285352.0,1042142676.0,3647499367.0
Mondego Valley (km 240–244),railway,SSP1-2.6,Baseline,2088,0.352,0.35,24.4,24434597.0,12217299.0,42760545.0,639709970.0,319854985.0,1119492447.0
Mondego Valley (km 240–244),railway,SSP1-2.6,+Geoid,2088,0.502,0.12,81.3,81278992.0,40639496.0,142238236.0,2165564344.0,1082782172.0,3789737602.0
Mondego Valley (km 240–244),railway,SSP1-2.6,Baseline,2089,0.356,0.34,25.2,25239489.0,12619745.0,44169106.0,664949459.0,332474729.0,1163661552.0
Mondego Valley (km 240–244),railway,SSP1-2.6,+Geoid,2089,0.506,0.12,83.9,83897644.0,41948822.0,146820878.0,2249461989.0,1124730994.0,3936558480.0
Mondego Valley (km 240–244),railway,SSP1-2.6,Baseline,2090,0.36,0.33,26.1,26070325.0,13035162.0,45623069.0,691019784.0,345509892.0,1209284621.0
Mondego Valley (km 240–244),railway,SSP1-2.6,+Geoid,2090,0.51,0.12,86.6,86599296.0,43299648.0,151548768.0,2336061284.0,1168030642.0,4088107248.0
Mondego Valley (km 240–244),railway,SSP1-2.6,Baseline,2091,0.364,0.32,26.9,26927928.0,13463964.0,47123874.0,717947711.0,358973856.0,1256408495.0
Mondego Valley (km 240–244),railway,SSP1-2.6,+Geoid,2091,0.514,0.11,89.4,89386543.0,44693271.0,156426450.0,2425447827.0,1212723914.0,4244533698.0
Mondego Valley (km 240–244),railway,SSP1-2.6,Baseline,2092,0.368,0.31,27.8,27813146.0,13906573.0,48673006.0,745760858.0,372880429.0,1305081501.0
Mondego Valley (km 240–244),railway,SSP1-2.6,+Geoid,2092,0.518,0.11,92.3,92262064.0,46131032.0,161458611.0,2517709891.0,1258854946.0,4405992309.0
Mondego Valley (km 240–244),railway,SSP1-2.6,Baseline,2093,0.372,0.3,28.7,28726855.0,14363427.0,50271996.0,774487712.0,387243856.0,1355353496.0
Mondego Valley (km 240–244),railway,SSP1-2.6,+Geoid,2093,0.522,0.11,95.2,95228618.0,47614309.0,166650082.0,2612938509.0,1306469255.0,4572642391.0
Mondego Valley (km 240–244),railway,SSP1-2.6,Baseline,2094,0.376,0.3,29.7,29669956.0,14834978.0,51922423.0,804157668.0,402078834.0,1407275919.0
Mondego Valley (km 240–244),railway,SSP1-2.6,+Geoid,2094,0.526,0.1,98.3,98289052.0,49144526.0,172005841.0,2711227561.0,1355613781.0,4744648232.0
Mondego Valley (km 240–244),railway,SSP1-2.6,Baseline,2095,0.38,0.29,30.6,30643380.0,15321690.0,53625915.0,834801048.0,417400524.0,1460901834.0
Mondego Valley (km 240–244),railway,SSP1-2.6,+Geoid,2095,0.53,0.1,101.4,101446300.0,50723150.0,177531024.0,2812673861.0,1406336930.0,4922179256.0
Mondego Valley (km 240–244),railway,SSP1-2.6,Baseline,2096,0.384,0.28,31.6,31648087.0,15824043.0,55384151.0,866449134.0,433224567.0,1516285985.0
Mondego Valley (km 240–244),railway,SSP1-2.6,+Geoid,2096,0.534,0.1,104.7,104703385.0,52351693.0,183230925.0,2917377246.0,1458688623.0,5105410181.0
Mondego Valley (km 240–244),railway,SSP1-2.6,Baseline,2097,0.388,0.27,32.7,32685065.0,16342533.0,57198864.0,899134200.0,449567100.0,1573484849.0
Mondego Valley (km 240–244),railway,SSP1-2.6,+Geoid,2097,0.538,0.1,108.1,108063428.0,54031714.0,189110998.0,3025440674.0,1512720337.0,5294521179.0
Mondego Valley (km 240–244),railway,SSP1-2.6,Baseline,2098,0.392,0.26,33.8,33755337.0,16877668.0,59071839.0,932889536.0,466444768.0,1632556689.0
Mondego Valley (km 240–244),railway,SSP1-2.6,+Geoid,2098,0.542,0.09,111.5,111529641.0,55764820.0,195176872.0,3136970315.0,1568485157.0,5489698051.0
Mondego Valley (km 240–244),railway,SSP1-2.6,Baseline,2099,0.396,0.26,34.9,34859953.0,17429977.0,61004918.0,967749490.0,483874745.0,1693561607.0
Mondego Valley (km 240–244),railway,SSP1-2.6,+Geoid,2099,0.546,0.09,115.1,115105339.0,57552670.0,201434344.0,3252075654.0,1626037827.0,5691132395.0
Mondego Valley (km 240–244),railway,SSP1-2.6,Baseline,2100,0.4,0.25,36.0,36000000.0,18000000.0,63000000.0,1003749490.0,501874745.0,1756561607.0
Mondego Valley (km 240–244),railway,SSP1-2.6,+Geoid,2100,0.55,0.09,118.8,118793939.0,59396970.0,207889394.0,3370869593.0,1685434797.0,5899021789.0
Mondego Valley (km 240–244),railway,SSP2-4.5,Baseline,2025,0.05,2.83,1.9,1944544.0,972272.0,3402951.0,1944544.0,972272.0,3402951.0
Mondego Valley (km 240–244),railway,SSP2-4.5,+Geoid,2025,0.2,1.0,7.0,7000000.0,3500000.0,12250000.0,7000000.0,3500000.0,12250000.0
Mondego Valley (km 240–244),railway,SSP2-4.5,Baseline,2026,0.06,2.64,2.1,2122003.0,1061002.0,3713506.0,4066547.0,2033273.0,7116457.0
Mondego Valley (km 240–244),railway,SSP2-4.5,+Geoid,2026,0.21,0.93,7.6,7609592.0,3804796.0,13316785.0,14609592.0,7304796.0,25566785.0
Mondego Valley (km 240–244),railway,SSP2-4.5,Baseline,2027,0.07,2.46,2.3,2314919.0,1157460.0,4051109.0,6381466.0,3190733.0,11167566.0
Mondego Valley (km 240–244),railway,SSP2-4.5,+Geoid,2027,0.22,0.87,8.3,8270628.0,4135314.0,14473599.0,22880220.0,11440110.0,40040385.0
Mondego Valley (km 240–244),railway,SSP2-4.5,Baseline,2028,0.08,2.3,2.5,2524597.0,1262298.0,4418044.0,8906063.0,4453031.0,15585610.0
Mondego Valley (km 240–244),railway,SSP2-4.5,+Geoid,2028,0.23,0.81,9.0,8987354.0,4493677.0,15727870.0,31867574.0,15933787.0,55768254.0
Mondego Valley (km 240–244),railway,SSP2-4.5,Baseline,2029,0.09,2.14,2.8,2752447.0,1376224.0,4816783.0,11658510.0,5829255.0,20402393.0
Mondego Valley (km 240–244),railway,SSP2-4.5,+Geoid,2029,0.24,0.76,9.8,9764359.0,4882179.0,17087627.0,41631932.0,20815966.0,72855882.0
Mondego Valley (km 240–244),railway,SSP2-4.5,Baseline,2030,0.1,2.0,3.0,3000000.0,1500000.0,5250000.0,14658510.0,7329255.0,25652393.0
Mondego Valley (km 240–244),railway,SSP2-4.5,+Geoid,2030,0.25,0.71,10.6,10606602.0,5303301.0,18561553.0,52238534.0,26119267.0,91417435.0
Mondego Valley (km 240–244),railway,SSP2-4.5,Baseline,2031,0.11,1.87,3.3,3268909.0,1634455.0,5720591.0,17927419.0,8963710.0,31372984.0
Mondego Valley (km 240–244),railway,SSP2-4.5,+Geoid,2031,0.26,0.66,11.5,11519446.0,5759723.0,20159030.0,63757980.0,31878990.0,111576465.0
Mondego Valley (km 240–244),railway,SSP2-4.5,Baseline,2032,0.12,1.74,3.6,3560965.0,1780482.0,6231689.0,21488384.0,10744192.0,37604672.0
Mondego Valley (km 240–244),railway,SSP2-4.5,+Geoid,2032,0.27,0.62,12.5,12508687.0,6254343.0,21890202.0,76266667.0,38133334.0,133466667.0
Mondego Valley (km 240–244),railway,SSP2-4.5,Baseline,2033,0.13,1.62,3.9,3878105.0,1939052.0,6786684.0,25366489.0,12683244.0,44391356.0
Mondego Valley (km 240–244),railway,SSP2-4.5,+Geoid,2033,0.28,0.57,13.6,13580589.0,6790294.0,23766030.0,89847256.0,44923628.0,157232698.0
Mondego Valley (km 240–244),railway,SSP2-4.5,Baseline,2034,0.14,1.52,4.2,4222425.0,2111213.0,7389244.0,29588914.0,14794457.0,51780600.0
Mondego Valley (km 240–244),railway,SSP2-4.5,+Geoid,2034,0.29,0.54,14.7,14741921.0,7370961.0,25798362.0,104589177.0,52294589.0,183031060.0
Mondego Valley (km 240–244),railway,SSP2-4.5,Baseline,2035,0.15,1.41,4.6,4596194.0,2298097.0,8043340.0,34185108.0,17092554.0,59823940.0
Mondego Valley (km 240–244),railway,SSP2-4.5,+Geoid,2035,0.3,0.5,16.0,16000000.0,8000000.0,28000000.0,120589177.0,60294589.0,211031060.0
Mondego Valley (km 240–244),railway,SSP2-4.5,Baseline,2036,0.16,1.32,5.0,5001865.0,2500932.0,8753263.0,39186973.0,19593487.0,68577203.0
Mondego Valley (km 240–244),railway,SSP2-4.5,+Geoid,2036,0.31,0.47,17.4,17362730.0,8681365.0,30384778.0,137951907.0,68975954.0,241415838.0
Mondego Valley (km 240–244),railway,SSP2-4.5,Baseline,2037,0.17,1.23,5.4,5442091.0,2721046.0,9523659.0,44629064.0,22314532.0,78100862.0
Mondego Valley (km 240–244),railway,SSP2-4.5,+Geoid,2037,0.32,0.44,18.8,18838653.0,9419327.0,32967643.0,156790560.0,78395280.0,274383480.0
Mondego Valley (km 240–244),railway,SSP2-4.5,Baseline,2038,0.18,1.15,5.9,5919744.0,2959872.0,10359552.0,50548808.0,25274404.0,88460414.0
Mondego Valley (km 240–244),railway,SSP2-4.5,+Geoid,2038,0.33,0.41,20.4,20436997.0,10218499.0,35764745.0,177227557.0,88613779.0,310148226.0
Mondego Valley (km 240–244),railway,SSP2-4.5,Baseline,2039,0.19,1.07,6.4,6437928.0,3218964.0,11266373.0,56986736.0,28493368.0,99726787.0
Mondego Valley (km 240–244),railway,SSP2-4.5,+Geoid,2039,0.34,0.38,22.2,22167733.0,11083866.0,38793533.0,199395290.0,99697645.0,348941758.0
Mondego Valley (km 240–244),railway,SSP2-4.5,Baseline,2040,0.2,1.0,7.0,7000000.0,3500000.0,12250000.0,63986736.0,31993368.0,111976787.0
Mondego Valley (km 240–244),railway,SSP2-4.5,+Geoid,2040,0.35,0.35,24.0,24041631.0,12020815.0,42072853.0,223436921.0,111718460.0,391014612.0
Mondego Valley (km 240–244),railway,SSP2-4.5,Baseline,2041,0.21,0.93,7.6,7609592.0,3804796.0,13316785.0,71596327.0,35798164.0,125293573.0
Mondego Valley (km 240–244),railway,SSP2-4.5,+Geoid,2041,0.36,0.33,26.1,26070325.0,13035162.0,45623069.0,249507246.0,124753623.0,436637680.0
Mondego Valley (km 240–244),railway,SSP2-4.5,Baseline,2042,0.22,0.87,8.3,8270628.0,4135314.0,14473599.0,79866955.0,39933478.0,139767172.0
Mondego Valley (km 240–244),railway,SSP2-4.5,+Geoid,2042,0.37,0.31,28.3,28266383.0,14133192.0,49466171.0,277773629.0,138886815.0,486103851.0
Mondego Valley (km 240–244),railway,SSP2-4.5,Baseline,2043,0.23,0.81,9.0,8987354.0,4493677.0,15727870.0,88854310.0,44427155.0,155495042.0
Mondego Valley (km 240–244),railway,SSP2-4.5,+Geoid,2043,0.38,0.29,30.6,30643380.0,15321690.0,53625915.0,308417009.0,154208505.0,539729766.0
Mondego Valley (km 240–244),railway,SSP2-4.5,Baseline,2044,0.24,0.76,9.8,9764359.0,4882179.0,17087627.0,98618668.0,49309334.0,172582669.0
Mondego Valley (km 240–244),railway,SSP2-4.5,+Geoid,2044,0.39,0.27,33.2,33215974.0,16607987.0,58127955.0,341632984.0,170816492.0,597857721.0
Mondego Valley (km 240–244),railway,SSP2-4.5,Baseline,2045,0.25,0.71,10.6,10606602.0,5303301.0,18561553.0,109225270.0,54612635.0,191144222.0
Mondego Valley (km 240–244),railway,SSP2-4.5,+Geoid,2045,0.4,0.25,36.0,36000000.0,18000000.0,63000000.0,377632984.0,188816492.0,660857721.0
Mondego Valley (km 240–244),railway,SSP2-4.5,Baseline,2046,0.26,0.66,11.5,11519446.0,5759723.0,20159030.0,120744716.0,60372358.0,211303252.0
Mondego Valley (km 240–244),railway,SSP2-4.5,+Geoid,2046,0.41,0.23,39.0,39012554.0,19506277.0,68271970.0,416645538.0,208322769.0,729129691.0
Mondego Valley (km 240–244),railway,SSP2-4.5,Baseline,2047,0.27,0.62,12.5,12508687.0,6254343.0,21890202.0,133253403.0,66626701.0,233193455.0
Mondego Valley (km 240–244),railway,SSP2-4.5,+Geoid,2047,0.42,0.22,42.3,42272099.0,21136050.0,73976174.0,458917637.0,229458819.0,803105865.0
Mondego Valley (km 240–244),railway,SSP2-4.5,Baseline,2048,0.28,0.57,13.6,13580589.0,6790294.0,23766030.0,146833991.0,73416996.0,256959485.0
Mondego Valley (km 240–244),railway,SSP2-4.5,+Geoid,2048,0.43,0.2,45.8,45798572.0,22899286.0,80147501.0,504716209.0,252358105.0,883253366.0
Mondego Valley (km 240–244),railway,SSP2-4.5,Baseline,2049,0.29,0.54,14.7,14741921.0,7370961.0,25798362.0,161575913.0,80787956.0,282757847.0
Mondego Valley (km 240–244),railway,SSP2-4.5,+Geoid,2049,0.44,0.19,49.6,49613497.0,24806749.0,86823621.0,554329707.0,277164853.0,970076987.0
Mondego Valley (km 240–244),railway,SSP2-4.5,Baseline,2050,0.3,0.5,16.0,16000000.0,8000000.0,28000000.0,177575913.0,88787956.0,310757847.0
Mondego Valley (km 240–244),railway,SSP2-4.5,+Geoid,2050,0.45,0.18,53.7,53740115.0,26870058.0,94045202.0,608069822.0,304034911.0,1064122189.0
Mondego Valley (km 240–244),railway,SSP2-4.5,Baseline,2051,0.306,0.48,16.8,16804548.0,8402274.0,29407959.0,194380461.0,97190230.0,340165806.0
Mondego Valley (km 240–244),railway,SSP2-4.5,+Geoid,2051,0.456,0.17,56.4,56376055.0,28188027.0,98658096.0,664445877.0,332222938.0,1162780285.0
Mondego Valley (km 240–244),railway,SSP2-4.5,Baseline,2052,0.312,0.46,17.6,17648574.0,8824287.0,30885005.0,212029035.0,106014517.0,371050811.0
Mondego Valley (km 240–244),railway,SSP2-4.5,+Geoid,2052,0.462,0.16,59.1,59138957.0,29569478.0,103493175.0,723584834.0,361792417.0,1266273459.0
Mondego Valley (km 240–244),railway,SSP2-4.5,Baseline,2053,0.318,0.44,18.5,18533980.0,9266990.0,32434466.0,230563015.0,115281508.0,403485277.0
Mondego Valley (km 240–244),railway,SSP2-4.5,+Geoid,2053,0.468,0.16,62.0,62034851.0,31017426.0,108560990.0,785619685.0,392809843.0,1374834449.0
Mondego Valley (km 240–244),railway,SSP2-4.5,Baseline,2054,0.324,0.42,19.5,19462759.0,9731380.0,34059828.0,250025774.0,125012887.0,437545105.0
Mondego Valley (km 240–244),railway,SSP2-4.5,+Geoid,2054,0.474,0.15,65.1,65070051.0,32535025.0,113872589.0,850689736.0,425344868.0,1488707038.0
Mondego Valley (km 240–244),railway,SSP2-4.5,Baseline,2055,0.33,0.41,20.4,20436997.0,10218499.0,35764745.0,270462772.0,135231386.0,473309850.0
Mondego Valley (km 240–244),railway,SSP2-4.5,+Geoid,2055,0.48,0.14,68.3,68251164.0,34125582.0,119439537.0,918940900.0,459470450.0,1608146575.0
Mondego Valley (km 240–244),railway,SSP2-4.5,Baseline,2056,0.336,0.39,21.5,21458881.0,10729441.0,37553042.0,291921653.0,145960826.0,510862892.0
Mondego Valley (km 240–244),railway,SSP2-4.5,+Geoid,2056,0.486,0.14,71.6,71585111.0,35792555.0,125273944.0,990526011.0,495263006.0,1733420519.0
Mondego Valley (km 240–244),railway,SSP2-4.5,Baseline,2057,0.342,0.37,22.5,22530700.0,11265350.0,39428725.0,314452353.0,157226176.0,550291617.0
Mondego Valley (km 240–244),railway,SSP2-4.5,+Geoid,2057,0.492,0.13,75.1,75079135.0,37539567.0,131388486.0,1065605146.0,532802573.0,1864809005.0
Mondego Valley (km 240–244),railway,SSP2-4.5,Baseline,2058,0.348,0.36,23.7,23654853.0,11827426.0,41395992.0,338107205.0,169053603.0,591687609.0
Mondego Valley (km 240–244),railway,SSP2-4.5,+Geoid,2058,0.498,0.13,78.7,78740819.0,39370410.0,137796433.0,1144345965.0,572172983.0,2002605439.0
Mondego Valley (km 240–244),railway,SSP2-4.5,Baseline,2059,0.354,0.34,24.8,24833851.0,12416925.0,43459239.0,362941056.0,181470528.0,635146848.0
Mondego Valley (km 240–244),railway,SSP2-4.5,+Geoid,2059,0.504,0.12,82.6,82578103.0,41289051.0,144511679.0,1226924068.0,613462034.0,2147117118.0
Mondego Valley (km 240–244),railway,SSP2-4.5,Baseline,2060,0.36,0.33,26.1,26070325.0,13035162.0,45623069.0,389011381.0,194505690.0,680769916.0
Mondego Valley (km 240–244),railway,SSP2-4.5,+Geoid,2060,0.51,0.12,86.6,86599296.0,43299648.0,151548768.0,1313523363.0,656761682.0,2298665886.0
Mondego Valley (km 240–244),railway,SSP2-4.5,Baseline,2061,0.366,0.32,27.4,27367031.0,13683516.0,47892304.0,416378412.0,208189206.0,728662221.0
Mondego Valley (km 240–244),railway,SSP2-4.5,+Geoid,2061,0.516,0.11,90.8,90813099.0,45406549.0,158922923.0,1404336462.0,702168231.0,2457588808.0
Mondego Valley (km 240–244),railway,SSP2-4.5,Baseline,2062,0.372,0.3,28.7,28726855.0,14363427.0,50271996.0,445105266.0,222552633.0,778934216.0
Mondego Valley (km 240–244),railway,SSP2-4.5,+Geoid,2062,0.522,0.11,95.2,95228618.0,47614309.0,166650082.0,1499565080.0,749782540.0,2624238890.0
Mondego Valley (km 240–244),railway,SSP2-4.5,Baseline,2063,0.378,0.29,30.2,30152818.0,15076409.0,52767432.0,475258085.0,237629042.0,831701648.0
Mondego Valley (km 240–244),railway,SSP2-4.5,+Geoid,2063,0.528,0.1,99.9,99855387.0,49927694.0,174746928.0,1599420467.0,799710234.0,2798985818.0
Mondego Valley (km 240–244),railway,SSP2-4.5,Baseline,2064,0.384,0.28,31.6,31648087.0,15824043.0,55384151.0,506906171.0,253453086.0,887085799.0
Mondego Valley (km 240–244),railway,SSP2-4.5,+Geoid,2064,0.534,0.1,104.7,104703385.0,52351693.0,183230925.0,1704123853.0,852061926.0,2982216742.0
Mondego Valley (km 240–244),railway,SSP2-4.5,Baseline,2065,0.39,0.27,33.2,33215974.0,16607987.0,58127955.0,540122146.0,270061073.0,945213755.0
Mondego Valley (km 240–244),railway,SSP2-4.5,+Geoid,2065,0.54,0.09,109.8,109783058.0,54891529.0,192120352.0,1813906911.0,906953455.0,3174337094.0
Mondego Valley (km 240–244),railway,SSP2-4.5,Baseline,2066,0.396,0.26,34.9,34859953.0,17429977.0,61004918.0,574982099.0,287491049.0,1006218673.0
Mondego Valley (km 240–244),railway,SSP2-4.5,+Geoid,2066,0.546,0.09,115.1,115105339.0,57552670.0,201434344.0,1929012250.0,964506125.0,3375771438.0
Mondego Valley (km 240–244),railway,SSP2-4.5,Baseline,2067,0.402,0.25,36.6,36583658.0,18291829.0,64021402.0,611565757.0,305782878.0,1070240075.0
Mondego Valley (km 240–244),railway,SSP2-4.5,+Geoid,2067,0.552,0.09,120.7,120681674.0,60340837.0,211192929.0,2049693924.0,1024846962.0,3586964367.0
Mondego Valley (km 240–244),railway,SSP2-4.5,Baseline,2068,0.408,0.24,38.4,38390895.0,19195448.0,67184067.0,649956652.0,324978326.0,1137424141.0
Mondego Valley (km 240–244),railway,SSP2-4.5,+Geoid,2068,0.558,0.08,126.5,126524040.0,63262020.0,221417071.0,2176217964.0,1088108982.0,3808381438.0
Mondego Valley (km 240–244),railway,SSP2-4.5,Baseline,2069,0.414,0.23,40.3,40285651.0,20142826.0,70499889.0,690242303.0,345121152.0,1207924031.0
Mondego Valley (km 240–244),railway,SSP2-4.5,+Geoid,2069,0.564,0.08,132.6,132644978.0,66322489.0,232128712.0,2308862942.0,1154431471.0,4040510149.0
Mondego Valley (km 240–244),railway,SSP2-4.5,Baseline,2070,0.42,0.22,42.3,42272099.0,21136050.0,73976174.0,732514403.0,366257201.0,1281900205.0
Mondego Valley (km 240–244),railway,SSP2-4.5,+Geoid,2070,0.57,0.08,139.1,139057610.0,69528805.0,243350818.0,2447920553.0,1223960276.0,4283860967.0
Mondego Valley (km 240–244),railway,SSP2-4.5,Baseline,2071,0.426,0.21,44.4,44354611.0,22177306.0,77620570.0,776869014.0,388434507.0,1359520774.0
Mondego Valley (km 240–244),railway,SSP2-4.5,+Geoid,2071,0.576,0.07,145.8,145775673.0,72887836.0,255107428.0,2593696226.0,1296848113.0,4538968395.0
Mondego Valley (km 240–244),railway,SSP2-4.5,Baseline,2072,0.432,0.2,46.5,46537763.0,23268881.0,81441085.0,823406777.0,411703388.0,1440961859.0
Mondego Valley (km 240–244),railway,SSP2-4.5,+Geoid,2072,0.582,0.07,152.8,152813543.0,76406771.0,267423700.0,2746509768.0,1373254884.0,4806392095.0
Mondego Valley (km 240–244),railway,SSP2-4.5,Baseline,2073,0.438,0.19,48.8,48826346.0,24413173.0,85446106.0,872233123.0,436116562.0,1526407966.0
Mondego Valley (km 240–244),railway,SSP2-4.5,+Geoid,2073,0.588,0.07,160.2,160186266.0,80093133.0,280325966.0,2906696035.0,1453348017.0,5086718060.0
Mondego Valley (km 240–244),railway,SSP2-4.5,Baseline,2074,0.444,0.18,51.2,51225379.0,25612690.0,89644414.0,923458503.0,461729251.0,1616052379.0
Mondego Valley (km 240–244),railway,SSP2-4.5,+Geoid,2074,0.594,0.07,167.9,167909591.0,83954796.0,293841785.0,3074605626.0,1537302813.0,5380559845.0
Mondego Valley (km 240–244),railway,SSP2-4.5,Baseline,2075,0.45,0.18,53.7,53740115.0,26870058.0,94045202.0,977198618.0,488599309.0,1710097581.0
Mondego Valley (km 240–244),railway,SSP2-4.5,+Geoid,2075,0.6,0.06,176.0,176000000.0,88000000.0,308000000.0,3250605626.0,1625302813.0,5688559845.0
Mondego Valley (km 240–244),railway,SSP2-4.5,Baseline,2076,0.456,0.17,56.4,56376055.0,28188027.0,98658096.0,1033574673.0,516787336.0,1808755677.0
Mondego Valley (km 240–244),railway,SSP2-4.5,+Geoid,2076,0.606,0.06,184.5,184474741.0,92237371.0,322830797.0,3435080367.0,1717540184.0,6011390642.0
Mondego Valley (km 240–244),railway,SSP2-4.5,Baseline,2077,0.462,0.16,59.1,59138957.0,29569478.0,103493175.0,1092713630.0,546356815.0,1912248852.0
Mondego Valley (km 240–244),railway,SSP2-4.5,+Geoid,2077,0.612,0.06,193.4,193351867.0,96675933.0,338365767.0,3628432234.0,1814216117.0,6349756409.0
Mondego Valley (km 240–244),railway,SSP2-4.5,Baseline,2078,0.468,0.16,62.0,62034851.0,31017426.0,108560990.0,1154748481.0,577374241.0,2020809842.0
Mondego Valley (km 240–244),railway,SSP2-4.5,+Geoid,2078,0.618,0.06,202.7,202650269.0,101325135.0,354637971.0,3831082503.0,1915541252.0,6704394381.0
Mondego Valley (km 240–244),railway,SSP2-4.5,Baseline,2079,0.474,0.15,65.1,65070051.0,32535025.0,113872589.0,1219818532.0,609909266.0,2134682431.0
Mondego Valley (km 240–244),railway,SSP2-4.5,+Geoid,2079,0.624,0.05,212.4,212389720.0,106194860.0,371682010.0,4043472223.0,2021736112.0,7076076391.0
Mondego Valley (km 240–244),railway,SSP2-4.5,Baseline,2080,0.48,0.14,68.3,68251164.0,34125582.0,119439537.0,1288069696.0,644034848.0,2254121968.0
Mondego Valley (km 240–244),railway,SSP2-4.5,+Geoid,2080,0.63,0.05,222.6,222590910.0,111295455.0,389534092.0,4266063133.0,2133031567.0,7465610483.0
Mondego Valley (km 240–244),railway,SSP2-4.5,Baseline,2081,0.486,0.14,71.6,71585111.0,35792555.0,125273944.0,1359654807.0,679827403.0,2379395912.0
Mondego Valley (km 240–244),railway,SSP2-4.5,+Geoid,2081,0.636,0.05,233.3,233275491.0,116637746.0,408232109.0,4499338624.0,2249669312.0,7873842593.0
Mondego Valley (km 240–244),railway,SSP2-4.5,Baseline,2082,0.492,0.13,75.1,75079135.0,37539567.0,131388486.0,1434733942.0,717366971.0,2510784398.0
Mondego Valley (km 240–244),railway,SSP2-4.5,+Geoid,2082,0.642,0.05,244.5,244466123.0,122233061.0,427815715.0,4743804747.0,2371902374.0,8301658308.0
Mondego Valley (km 240–244),railway,SSP2-4.5,Baseline,2083,0.498,0.13,78.7,78740819.0,39370410.0,137796433.0,1513474761.0,756737380.0,2648580832.0
Mondego Valley (km 240–244),railway,SSP2-4.5,+Geoid,2083,0.648,0.04,256.2,256186517.0,128093258.0,448326404.0,4999991264.0,2499995632.0,8749984712.0
Mondego Valley (km 240–244),railway,SSP2-4.5,Baseline,2084,0.504,0.12,82.6,82578103.0,41289051.0,144511679.0,1596052863.0,798026432.0,2793092511.0
Mondego Valley (km 240–244),railway,SSP2-4.5,+Geoid,2084,0.654,0.04,268.5,268461486.0,134230743.0,469807600.0,5268452749.0,2634226375.0,9219792312.0
Mondego Valley (km 240–244),railway,SSP2-4.5,Baseline,2085,0.51,0.12,86.6,86599296.0,43299648.0,151548768.0,1682652159.0,841326080.0,2944641279.0
Mondego Valley (km 240–244),railway,SSP2-4.5,+Geoid,2085,0.66,0.04,281.3,281316995.0,140658497.0,492304741.0,5549769744.0,2774884872.0,9712097052.0
Mondego Valley (km 240–244),railway,SSP2-4.5,Baseline,2086,0.516,0.11,90.8,90813099.0,45406549.0,158922923.0,1773465258.0,886732629.0,3103564201.0
Mondego Valley (km 240–244),railway,SSP2-4.5,+Geoid,2086,0.666,0.04,294.8,294780214.0,147390107.0,515865375.0,5844549959.0,2922274979.0,10227962427.0
Mondego Valley (km 240–244),railway,SSP2-4.5,Baseline,2087,0.522,0.11,95.2,95228618.0,47614309.0,166650082.0,1868693876.0,934346938.0,3270214283.0
Mondego Valley (km 240–244),railway,SSP2-4.5,+Geoid,2087,0.672,0.04,308.9,308879575.0,154439788.0,540539256.0,6153429534.0,3076714767.0,10768501684.0
Mondego Valley (km 240–244),railway,SSP2-4.5,Baseline,2088,0.528,0.1,99.9,99855387.0,49927694.0,174746928.0,1968549263.0,984274632.0,3444961210.0
Mondego Valley (km 240–244),railway,SSP2-4.5,+Geoid,2088,0.678,0.04,323.6,323644827.0,161822413.0,566378447.0,6477074361.0,3238537180.0,11334880131.0
Mondego Valley (km 240–244),railway,SSP2-4.5,Baseline,2089,0.534,0.1,104.7,104703385.0,52351693.0,183230925.0,2073252649.0,1036626324.0,3628192135.0
Mondego Valley (km 240–244),railway,SSP2-4.5,+Geoid,2089,0.684,0.03,339.1,339107099.0,169553549.0,593437423.0,6816181459.0,3408090730.0,11928317554.0
Mondego Valley (km 240–244),railway,SSP2-4.5,Baseline,2090,0.54,0.09,109.8,109783058.0,54891529.0,192120352.0,2183035707.0,1091517853.0,3820312487.0
Mondego Valley (km 240–244),railway,SSP2-4.5,+Geoid,2090,0.69,0.03,355.3,355298963.0,177649482.0,621773186.0,7171480423.0,3585740211.0,12550090740.0
Mondego Valley (km 240–244),railway,SSP2-4.5,Baseline,2091,0.546,0.09,115.1,115105339.0,57552670.0,201434344.0,2298141046.0,1149070523.0,4021746831.0
Mondego Valley (km 240–244),railway,SSP2-4.5,+Geoid,2091,0.696,0.03,365.0,365000000.0,182500000.0,638750000.0,7536480423.0,3768240211.0,13188840740.0
Mondego Valley (km 240–244),railway,SSP2-4.5,Baseline,2092,0.552,0.09,120.7,120681674.0,60340837.0,211192929.0,2418822720.0,1209411360.0,4232939760.0
Mondego Valley (km 240–244),railway,SSP2-4.5,+Geoid,2092,0.702,0.03,365.0,365000000.0,182500000.0,638750000.0,7901480423.0,3950740211.0,13827590740.0
Mondego Valley (km 240–244),railway,SSP2-4.5,Baseline,2093,0.558,0.08,126.5,126524040.0,63262020.0,221417071.0,2545346760.0,1272673380.0,4454356830.0
Mondego Valley (km 240–244),railway,SSP2-4.5,+Geoid,2093,0.708,0.03,365.0,365000000.0,182500000.0,638750000.0,8266480423.0,4133240211.0,14466340740.0
Mondego Valley (km 240–244),railway,SSP2-4.5,Baseline,2094,0.564,0.08,132.6,132644978.0,66322489.0,232128712.0,2677991738.0,1338995869.0,4686485542.0
Mondego Valley (km 240–244),railway,SSP2-4.5,+Geoid,2094,0.714,0.03,365.0,365000000.0,182500000.0,638750000.0,8631480423.0,4315740211.0,15105090740.0
Mondego Valley (km 240–244),railway,SSP2-4.5,Baseline,2095,0.57,0.08,139.1,139057610.0,69528805.0,243350818.0,2817049348.0,1408524674.0,4929836360.0
Mondego Valley (km 240–244),railway,SSP2-4.5,+Geoid,2095,0.72,0.03,365.0,365000000.0,182500000.0,638750000.0,8996480423.0,4498240211.0,15743840740.0
Mondego Valley (km 240–244),railway,SSP2-4.5,Baseline,2096,0.576,0.07,145.8,145775673.0,72887836.0,255107428.0,2962825021.0,1481412511.0,5184943788.0
Mondego Valley (km 240–244),railway,SSP2-4.5,+Geoid,2096,0.726,0.03,365.0,365000000.0,182500000.0,638750000.0,9361480423.0,4680740211.0,16382590740.0
Mondego Valley (km 240–244),railway,SSP2-4.5,Baseline,2097,0.582,0.07,152.8,152813543.0,76406771.0,267423700.0,3115638564.0,1557819282.0,5452367487.0
Mondego Valley (km 240–244),railway,SSP2-4.5,+Geoid,2097,0.732,0.03,365.0,365000000.0,182500000.0,638750000.0,9726480423.0,4863240211.0,17021340740.0
Mondego Valley (km 240–244),railway,SSP2-4.5,Baseline,2098,0.588,0.07,160.2,160186266.0,80093133.0,280325966.0,3275824830.0,1637912415.0,5732693453.0
Mondego Valley (km 240–244),railway,SSP2-4.5,+Geoid,2098,0.738,0.02,365.0,365000000.0,182500000.0,638750000.0,10091480423.0,5045740211.0,17660090740.0
Mondego Valley (km 240–244),railway,SSP2-4.5,Baseline,2099,0.594,0.07,167.9,167909591.0,83954796.0,293841785.0,3443734422.0,1721867211.0,6026535238.0
Mondego Valley (km 240–244),railway,SSP2-4.5,+Geoid,2099,0.744,0.02,365.0,365000000.0,182500000.0,638750000.0,10456480423.0,5228240211.0,18298840740.0
Mondego Valley (km 240–244),railway,SSP2-4.5,Baseline,2100,0.6,0.06,176.0,176000000.0,88000000.0,308000000.0,3619734422.0,1809867211.0,6334535238.0
Mondego Valley (km 240–244),railway,SSP2-4.5,+Geoid,2100,0.75,0.02,365.0,365000000.0,182500000.0,638750000.0,10821480423.0,5410740211.0,18937590740.0
Mondego Valley (km 240–244),railway,SSP5-8.5,Baseline,2025,0.065,2.55,2.2,2216450.0,1108225.0,3878788.0,2216450.0,1108225.0,3878788.0
Mondego Valley (km 240–244),railway,SSP5-8.5,+Geoid,2025,0.215,0.9,7.9,7933422.0,3966711.0,13883488.0,7933422.0,3966711.0,13883488.0
Mondego Valley (km 240–244),railway,SSP5-8.5,Baseline,2026,0.078,2.33,2.5,2481254.0,1240627.0,4342195.0,4697704.0,2348852.0,8220982.0
Mondego Valley (km 240–244),railway,SSP5-8.5,+Geoid,2026,0.228,0.82,8.8,8839339.0,4419669.0,15468843.0,16772760.0,8386380.0,29352331.0
Mondego Valley (km 240–244),railway,SSP5-8.5,Baseline,2027,0.091,2.13,2.8,2776290.0,1388145.0,4858507.0,7473994.0,3736997.0,13079489.0
Mondego Valley (km 240–244),railway,SSP5-8.5,+Geoid,2027,0.241,0.75,9.8,9845562.0,4922781.0,17229733.0,26618322.0,13309161.0,46582064.0
Mondego Valley (km 240–244),railway,SSP5-8.5,Baseline,2028,0.104,1.95,3.1,3104904.0,1552452.0,5433582.0,10578898.0,5289449.0,18513071.0
Mondego Valley (km 240–244),railway,SSP5-8.5,+Geoid,2028,0.254,0.69,11.0,10962953.0,5481476.0,19185167.0,37581275.0,18790638.0,65767232.0
Mondego Valley (km 240–244),railway,SSP5-8.5,Baseline,2029,0.117,1.78,3.5,3470805.0,1735403.0,6073909.0,14049703.0,7024852.0,24586980.0
Mondego Valley (km 240–244),railway,SSP5-8.5,+Geoid,2029,0.267,0.63,12.2,12203530.0,6101765.0,21356177.0,49784805.0,24892402.0,87123408.0
Mondego Valley (km 240–244),railway,SSP5-8.5,Baseline,2030,0.13,1.62,3.9,3878105.0,1939052.0,6786684.0,17927808.0,8963904.0,31373664.0
Mondego Valley (km 240–244),railway,SSP5-8.5,+Geoid,2030,0.28,0.57,13.6,13580589.0,6790294.0,23766030.0,63365394.0,31682697.0,110889439.0
Mondego Valley (km 240–244),railway,SSP5-8.5,Baseline,2031,0.144,1.48,4.3,4349773.0,2174887.0,7612103.0,22277581.0,11138791.0,38985767.0
Mondego Valley (km 240–244),railway,SSP5-8.5,+Geoid,2031,0.293,0.52,15.2,15170852.0,7585426.0,26548991.0,78536246.0,39268123.0,137438430.0
Mondego Valley (km 240–244),railway,SSP5-8.5,Baseline,2032,0.157,1.35,4.9,4876660.0,2438330.0,8534155.0,27154241.0,13577121.0,47519922.0
Mondego Valley (km 240–244),railway,SSP5-8.5,+Geoid,2032,0.307,0.48,16.9,16942427.0,8471214.0,29649248.0,95478673.0,47739337.0,167087678.0
Mondego Valley (km 240–244),railway,SSP5-8.5,Baseline,2033,0.171,1.23,5.5,5465060.0,2732530.0,9563855.0,32619301.0,16309651.0,57083777.0
Mondego Valley (km 240–244),railway,SSP5-8.5,+Geoid,2033,0.321,0.43,18.9,18915583.0,9457791.0,33102270.0,114394256.0,57197128.0,200189948.0
Mondego Valley (km 240–244),railway,SSP5-8.5,Baseline,2034,0.184,1.12,6.1,6121971.0,3060986.0,10713450.0,38741273.0,19370636.0,67797227.0
Mondego Valley (km 240–244),railway,SSP5-8.5,+Geoid,2034,0.334,0.4,21.1,21112820.0,10556410.0,36947435.0,135507076.0,67753538.0,237137383.0
Mondego Valley (km 240–244),railway,SSP5-8.5,Baseline,2035,0.198,1.02,6.9,6855174.0,3427587.0,11996554.0,45596446.0,22798223.0,79793781.0
Mondego Valley (km 240–244),railway,SSP5-8.5,+Geoid,2035,0.348,0.36,23.6,23559114.0,11779557.0,41228449.0,159066190.0,79533095.0,278365832.0
Mondego Valley (km 240–244),railway,SSP5-8.5,Baseline,2036,0.211,0.93,7.7,7673313.0,3836656.0,13428297.0,53269759.0,26634879.0,93222078.0
Mondego Valley (km 240–244),railway,SSP5-8.5,+Geoid,2036,0.361,0.33,26.3,26282184.0,13141092.0,45993821.0,185348373.0,92674187.0,324359653.0
Mondego Valley (km 240–244),railway,SSP5-8.5,Baseline,2037,0.225,0.84,8.6,8585997.0,4292999.0,15025495.0,61855756.0,30927878.0,108247573.0
Mondego Valley (km 240–244),railway,SSP5-8.5,+Geoid,2037,0.375,0.3,29.3,29312790.0,14656395.0,51297382.0,214661163.0,107330582.0,375657036.0
Mondego Valley (km 240–244),railway,SSP5-8.5,Baseline,2038,0.238,0.77,9.6,9603903.0,4801951.0,16806830.0,71459659.0,35729829.0,125054403.0
Mondego Valley (km 240–244),railway,SSP5-8.5,+Geoid,2038,0.388,0.27,32.7,32685065.0,16342533.0,57198864.0,247346229.0,123673114.0,432855900.0
Mondego Valley (km 240–244),railway,SSP5-8.5,Baseline,2039,0.252,0.7,10.7,10738891.0,5369445.0,18793059.0,82198550.0,41099275.0,143847462.0
Mondego Valley (km 240–244),railway,SSP5-8.5,+Geoid,2039,0.401,0.25,36.4,36436879.0,18218440.0,63764539.0,283783108.0,141891554.0,496620439.0
Mondego Valley (km 240–244),railway,SSP5-8.5,Baseline,2040,0.265,0.64,12.0,12004137.0,6002068.0,21007239.0,94202687.0,47101343.0,164854702.0
Mondego Valley (km 240–244),railway,SSP5-8.5,+Geoid,2040,0.415,0.23,40.6,40610243.0,20305121.0,71067925.0,324393351.0,162196675.0,567688363.0
Mondego Valley (km 240–244),railway,SSP5-8.5,Baseline,2041,0.279,0.58,13.4,13414274.0,6707137.0,23474979.0,107616960.0,53808480.0,188329681.0
Mondego Valley (km 240–244),railway,SSP5-8.5,+Geoid,2041,0.428,0.21,45.3,45251757.0,22625879.0,79190575.0,369645108.0,184822554.0,646878939.0
Mondego Valley (km 240–244),railway,SSP5-8.5,Baseline,2042,0.292,0.53,15.0,14985553.0,7492777.0,26224718.0,122602513.0,61301257.0,214554399.0
Mondego Valley (km 240–244),railway,SSP5-8.5,+Geoid,2042,0.442,0.19,50.4,50413110.0,25206555.0,88222943.0,420058218.0,210029109.0,735101882.0
Mondego Valley (km 240–244),railway,SSP5-8.5,Baseline,2043,0.305,0.48,16.7,16736020.0,8368010.0,29288035.0,139338534.0,69669267.0,243842434.0
Mondego Valley (km 240–244),railway,SSP5-8.5,+Geoid,2043,0.456,0.17,56.2,56151625.0,28075813.0,98265344.0,476209843.0,238104922.0,833367226.0
Mondego Valley (km 240–244),railway,SSP5-8.5,Baseline,2044,0.319,0.44,18.7,18685710.0,9342855.0,32699992.0,158024243.0,79012122.0,276542426.0
Mondego Valley (km 240–244),railway,SSP5-8.5,+Geoid,2044,0.469,0.15,62.5,62530869.0,31265435.0,109429021.0,538740712.0,269370356.0,942796247.0
Mondego Valley (km 240–244),railway,SSP5-8.5,Baseline,2045,0.333,0.4,20.9,20856863.0,10428431.0,36499510.0,178881106.0,89440553.0,313041936.0
Mondego Valley (km 240–244),railway,SSP5-8.5,+Geoid,2045,0.483,0.14,69.6,69621327.0,34810664.0,121837322.0,608362039.0,304181020.0,1064633569.0
Mondego Valley (km 240–244),railway,SSP5-8.5,Baseline,2046,0.346,0.36,23.3,23274168.0,11637084.0,40729793.0,202155274.0,101077637.0,353771729.0
Mondego Valley (km 240–244),railway,SSP5-8.5,+Geoid,2046,0.496,0.13,77.5,77501146.0,38750573.0,135627006.0,685863186.0,342931593.0,1200260575.0
Mondego Valley (km 240–244),railway,SSP5-8.5,Baseline,2047,0.36,0.33,26.0,25965024.0,12982512.0,45438792.0,228120297.0,114060149.0,399210521.0
Mondego Valley (km 240–244),railway,SSP5-8.5,+Geoid,2047,0.51,0.12,86.3,86256962.0,43128481.0,150949684.0,772120148.0,386060074.0,1351210259.0
Mondego Valley (km 240–244),railway,SSP5-8.5,Baseline,2048,0.373,0.3,29.0,28959839.0,14479919.0,50679717.0,257080136.0,128540068.0,449890238.0
Mondego Valley (km 240–244),railway,SSP5-8.5,+Geoid,2048,0.523,0.11,96.0,95984812.0,47992406.0,167973421.0,868104960.0,434052480.0,1519183680.0
Mondego Valley (km 240–244),railway,SSP5-8.5,Baseline,2049,0.387,0.27,32.3,32292352.0,16146176.0,56511617.0,289372488.0,144686244.0,506401855.0
Mondego Valley (km 240–244),railway,SSP5-8.5,+Geoid,2049,0.536,0.1,106.8,106791145.0,53395572.0,186884503.0,974896105.0,487448052.0,1706068184.0
Mondego Valley (km 240–244),railway,SSP5-8.5,Baseline,2050,0.4,0.25,36.0,36000000.0,18000000.0,63000000.0,325372488.0,162686244.0,569401855.0
Mondego Valley (km 240–244),railway,SSP5-8.5,+Geoid,2050,0.55,0.09,118.8,118793939.0,59396970.0,207889394.0,1093690044.0,546845022.0,1913957577.0
Mondego Valley (km 240–244),railway,SSP5-8.5,Baseline,2051,0.412,0.23,39.6,39644088.0,19822044.0,69377154.0,365016576.0,182508288.0,638779008.0
Mondego Valley (km 240–244),railway,SSP5-8.5,+Geoid,2051,0.562,0.08,130.6,130572915.0,65286458.0,228502602.0,1224262960.0,612131480.0,2142460179.0
Mondego Valley (km 240–244),railway,SSP5-8.5,Baseline,2052,0.424,0.21,43.6,43649489.0,21824744.0,76386605.0,408666065.0,204333032.0,715165614.0
Mondego Valley (km 240–244),railway,SSP5-8.5,+Geoid,2052,0.574,0.07,143.5,143501508.0,71750754.0,251127639.0,1367764468.0,683882234.0,2393587818.0
Mondego Valley (km 240–244),railway,SSP5-8.5,Baseline,2053,0.436,0.19,48.1,48051466.0,24025733.0,84090065.0,456717530.0,228358765.0,799255678.0
Mondego Valley (km 240–244),railway,SSP5-8.5,+Geoid,2053,0.586,0.07,157.7,157690528.0,78845264.0,275958425.0,1525454996.0,762727498.0,2669546243.0
Mondego Valley (km 240–244),railway,SSP5-8.5,Baseline,2054,0.448,0.18,52.9,52888680.0,26444340.0,92555190.0,509606210.0,254803105.0,891810868.0
Mondego Valley (km 240–244),railway,SSP5-8.5,+Geoid,2054,0.598,0.06,173.3,173261362.0,86630681.0,303207383.0,1698716358.0,849358179.0,2972753626.0
Mondego Valley (km 240–244),railway,SSP5-8.5,Baseline,2055,0.46,0.16,58.2,58203516.0,29101758.0,101856153.0,567809726.0,283904863.0,993667021.0
Mondego Valley (km 240–244),railway,SSP5-8.5,+Geoid,2055,0.61,0.06,190.3,190346967.0,95173483.0,333107192.0,1889063325.0,944531662.0,3305860818.0
Mondego Valley (km 240–244),railway,SSP5-8.5,Baseline,2056,0.472,0.15,64.0,64042438.0,32021219.0,112074266.0,631852164.0,315926082.0,1105741287.0
Mondego Valley (km 240–244),railway,SSP5-8.5,+Geoid,2056,0.622,0.05,209.1,209092973.0,104546487.0,365912704.0,2098156298.0,1049078149.0,3671773521.0
Mondego Valley (km 240–244),railway,SSP5-8.5,Baseline,2057,0.484,0.14,70.5,70456374.0,35228187.0,123298654.0,702308538.0,351154269.0,1229039941.0
Mondego Valley (km 240–244),railway,SSP5-8.5,+Geoid,2057,0.634,0.05,229.7,229658876.0,114829438.0,401903034.0,2327815174.0,1163907587.0,4073676555.0
Mondego Valley (km 240–244),railway,SSP5-8.5,Baseline,2058,0.496,0.13,77.5,77501146.0,38750573.0,135627006.0,779809684.0,389904842.0,1364666947.0
Mondego Valley (km 240–244),railway,SSP5-8.5,+Geoid,2058,0.646,0.05,252.2,252219348.0,126109674.0,441383859.0,2580034522.0,1290017261.0,4515060414.0
Mondego Valley (km 240–244),railway,SSP5-8.5,Baseline,2059,0.508,0.12,85.2,85237935.0,42618967.0,149166386.0,865047619.0,432523809.0,1513833332.0
Mondego Valley (km 240–244),railway,SSP5-8.5,+Geoid,2059,0.658,0.04,277.0,276965669.0,138482834.0,484689920.0,2857000191.0,1428500095.0,4999750334.0
Mondego Valley (km 240–244),railway,SSP5-8.5,Baseline,2060,0.52,0.11,93.7,93733786.0,46866893.0,164034125.0,958781404.0,479390702.0,1677867458.0
Mondego Valley (km 240–244),railway,SSP5-8.5,+Geoid,2060,0.67,0.04,304.1,304107297.0,152053649.0,532187770.0,3161107488.0,1580553744.0,5531938104.0
Mondego Valley (km 240–244),railway,SSP5-8.5,Baseline,2061,0.532,0.1,103.1,103062170.0,51531085.0,180358798.0,1061843574.0,530921787.0,1858226255.0
Mondego Valley (km 240–244),railway,SSP5-8.5,+Geoid,2061,0.682,0.04,333.9,333873581.0,166936791.0,584278767.0,3494981069.0,1747490535.0,6116216872.0
Mondego Valley (km 240–244),railway,SSP5-8.5,Baseline,2062,0.544,0.09,113.3,113303593.0,56651797.0,198281288.0,1175147168.0,587573584.0,2056507544.0
Mondego Valley (km 240–244),railway,SSP5-8.5,+Geoid,2062,0.694,0.03,365.0,365000000.0,182500000.0,638750000.0,3859981069.0,1929990535.0,6754966872.0
Mondego Valley (km 240–244),railway,SSP5-8.5,Baseline,2063,0.556,0.08,124.5,124546263.0,62273132.0,217955961.0,1299693431.0,649846716.0,2274463505.0
Mondego Valley (km 240–244),railway,SSP5-8.5,+Geoid,2063,0.706,0.03,365.0,365000000.0,182500000.0,638750000.0,4224981069.0,2112490535.0,7393716872.0
Mondego Valley (km 240–244),railway,SSP5-8.5,Baseline,2064,0.568,0.08,136.9,136886821.0,68443410.0,239551936.0,1436580252.0,718290126.0,2514015441.0
Mondego Valley (km 240–244),railway,SSP5-8.5,+Geoid,2064,0.718,0.03,365.0,365000000.0,182500000.0,638750000.0,4589981069.0,2294990535.0,8032466872.0
Mondego Valley (km 240–244),railway,SSP5-8.5,Baseline,2065,0.58,0.07,150.4,150431137.0,75215569.0,263254490.0,1587011389.0,793505695.0,2777269931.0
Mondego Valley (km 240–244),railway,SSP5-8.5,+Geoid,2065,0.73,0.03,365.0,365000000.0,182500000.0,638750000.0,4954981069.0,2477490535.0,8671216872.0
Mondego Valley (km 240–244),railway,SSP5-8.5,Baseline,2066,0.592,0.07,165.3,165295192.0,82647596.0,289266586.0,1752306581.0,876153291.0,3066536517.0
Mondego Valley (km 240–244),railway,SSP5-8.5,+Geoid,2066,0.742,0.02,365.0,365000000.0,182500000.0,638750000.0,5319981069.0,2659990535.0,9309966872.0
Mondego Valley (km 240–244),railway,SSP5-8.5,Baseline,2067,0.604,0.06,181.6,181606026.0,90803013.0,317810546.0,1933912608.0,966956304.0,3384347064.0
Mondego Valley (km 240–244),railway,SSP5-8.5,+Geoid,2067,0.754,0.02,365.0,365000000.0,182500000.0,638750000.0,5684981069.0,2842490535.0,9948716872.0
Mondego Valley (km 240–244),railway,SSP5-8.5,Baseline,2068,0.616,0.06,199.5,199502791.0,99751396.0,349129885.0,2133415399.0,1066707700.0,3733476948.0
Mondego Valley (km 240–244),railway,SSP5-8.5,+Geoid,2068,0.766,0.02,365.0,365000000.0,182500000.0,638750000.0,6049981069.0,3024990535.0,10587466872.0
Mondego Valley (km 240–244),railway,SSP5-8.5,Baseline,2069,0.628,0.05,219.1,219137893.0,109568946.0,383491312.0,2352553292.0,1176276646.0,4116968261.0
Mondego Valley (km 240–244),railway,SSP5-8.5,+Geoid,2069,0.778,0.02,365.0,365000000.0,182500000.0,638750000.0,6414981069.0,3207490535.0,11226216872.0
Mondego Valley (km 240–244),railway,SSP5-8.5,Baseline,2070,0.64,0.05,240.7,240678243.0,120339121.0,421186925.0,2593231535.0,1296615767.0,4538155186.0
Mondego Valley (km 240–244),railway,SSP5-8.5,+Geoid,2070,0.79,0.02,365.0,365000000.0,182500000.0,638750000.0,6779981069.0,3389990535.0,11864966872.0
Mondego Valley (km 240–244),railway,SSP5-8.5,Baseline,2071,0.652,0.04,264.3,264306631.0,132153316.0,462536605.0,2857538166.0,1428769083.0,5000691791.0
Mondego Valley (km 240–244),railway,SSP5-8.5,+Geoid,2071,0.802,0.02,365.0,365000000.0,182500000.0,638750000.0,7144981069.0,3572490535.0,12503716872.0
Mondego Valley (km 240–244),railway,SSP5-8.5,Baseline,2072,0.664,0.04,290.2,290223223.0,145111611.0,507890640.0,3147761389.0,1573880694.0,5508582430.0
Mondego Valley (km 240–244),railway,SSP5-8.5,+Geoid,2072,0.814,0.01,365.0,365000000.0,182500000.0,638750000.0,7509981069.0,3754990535.0,13142466872.0
Mondego Valley (km 240–244),railway,SSP5-8.5,Baseline,2073,0.676,0.04,318.6,318647196.0,159323598.0,557632593.0,3466408585.0,1733204292.0,6066215023.0
Mondego Valley (km 240–244),railway,SSP5-8.5,+Geoid,2073,0.826,0.01,365.0,365000000.0,182500000.0,638750000.0,7874981069.0,3937490535.0,13781216872.0
Mondego Valley (km 240–244),railway,SSP5-8.5,Baseline,2074,0.688,0.03,349.8,349818537.0,174909269.0,612182440.0,3816227122.0,1908113561.0,6678397463.0
Mondego Valley (km 240–244),railway,SSP5-8.5,+Geoid,2074,0.838,0.01,365.0,365000000.0,182500000.0,638750000.0,8239981069.0,4119990535.0,14419966872.0
Mondego Valley (km 240–244),railway,SSP5-8.5,Baseline,2075,0.7,0.03,365.0,365000000.0,182500000.0,638750000.0,4181227122.0,2090613561.0,7317147463.0
Mondego Valley (km 240–244),railway,SSP5-8.5,+Geoid,2075,0.85,0.01,365.0,365000000.0,182500000.0,638750000.0,8604981069.0,4302490535.0,15058716872.0
Mondego Valley (km 240–244),railway,SSP5-8.5,Baseline,2076,0.712,0.03,365.0,365000000.0,182500000.0,638750000.0,4546227122.0,2273113561.0,7955897463.0
Mondego Valley (km 240–244),railway,SSP5-8.5,+Geoid,2076,0.862,0.01,365.0,365000000.0,182500000.0,638750000.0,8969981069.0,4484990535.0,15697466872.0
Mondego Valley (km 240–244),railway,SSP5-8.5,Baseline,2077,0.724,0.03,365.0,365000000.0,182500000.0,638750000.0,4911227122.0,2455613561.0,8594647463.0
Mondego Valley (km 240–244),railway,SSP5-8.5,+Geoid,2077,0.874,0.01,365.0,365000000.0,182500000.0,638750000.0,9334981069.0,4667490535.0,16336216872.0
Mondego Valley (km 240–244),railway,SSP5-8.5,Baseline,2078,0.736,0.02,365.0,365000000.0,182500000.0,638750000.0,5276227122.0,2638113561.0,9233397463.0
Mondego Valley (km 240–244),railway,SSP5-8.5,+Geoid,2078,0.886,0.01,365.0,365000000.0,182500000.0,638750000.0,9699981069.0,4849990535.0,16974966872.0
Mondego Valley (km 240–244),railway,SSP5-8.5,Baseline,2079,0.748,0.02,365.0,365000000.0,182500000.0,638750000.0,5641227122.0,2820613561.0,9872147463.0
Mondego Valley (km 240–244),railway,SSP5-8.5,+Geoid,2079,0.898,0.01,365.0,365000000.0,182500000.0,638750000.0,10064981069.0,5032490535.0,17613716872.0
Mondego Valley (km 240–244),railway,SSP5-8.5,Baseline,2080,0.76,0.02,365.0,365000000.0,182500000.0,638750000.0,6006227122.0,3003113561.0,10510897463.0
Mondego Valley (km 240–244),railway,SSP5-8.5,+Geoid,2080,0.91,0.01,365.0,365000000.0,182500000.0,638750000.0,10429981069.0,5214990535.0,18252466872.0
Mondego Valley (km 240–244),railway,SSP5-8.5,Baseline,2081,0.772,0.02,365.0,365000000.0,182500000.0,638750000.0,6371227122.0,3185613561.0,11149647463.0
Mondego Valley (km 240–244),railway,SSP5-8.5,+Geoid,2081,0.922,0.01,365.0,365000000.0,182500000.0,638750000.0,10794981069.0,5397490535.0,18891216872.0
Mondego Valley (km 240–244),railway,SSP5-8.5,Baseline,2082,0.784,0.02,365.0,365000000.0,182500000.0,638750000.0,6736227122.0,3368113561.0,11788397463.0
Mondego Valley (km 240–244),railway,SSP5-8.5,+Geoid,2082,0.934,0.01,365.0,365000000.0,182500000.0,638750000.0,11159981069.0,5579990535.0,19529966872.0
Mondego Valley (km 240–244),railway,SSP5-8.5,Baseline,2083,0.796,0.02,365.0,365000000.0,182500000.0,638750000.0,7101227122.0,3550613561.0,12427147463.0
Mondego Valley (km 240–244),railway,SSP5-8.5,+Geoid,2083,0.946,0.01,365.0,365000000.0,182500000.0,638750000.0,11524981069.0,5762490535.0,20168716872.0
Mondego Valley (km 240–244),railway,SSP5-8.5,Baseline,2084,0.808,0.01,365.0,365000000.0,182500000.0,638750000.0,7466227122.0,3733113561.0,13065897463.0
Mondego Valley (km 240–244),railway,SSP5-8.5,+Geoid,2084,0.958,0.01,365.0,365000000.0,182500000.0,638750000.0,11889981069.0,5944990535.0,20807466872.0
Mondego Valley (km 240–244),railway,SSP5-8.5,Baseline,2085,0.82,0.01,365.0,365000000.0,182500000.0,638750000.0,7831227122.0,3915613561.0,13704647463.0
Mondego Valley (km 240–244),railway,SSP5-8.5,+Geoid,2085,0.97,0.0,365.0,365000000.0,182500000.0,638750000.0,12254981069.0,6127490535.0,21446216872.0
Mondego Valley (km 240–244),railway,SSP5-8.5,Baseline,2086,0.832,0.01,365.0,365000000.0,182500000.0,638750000.0,8196227122.0,4098113561.0,14343397463.0
Mondego Valley (km 240–244),railway,SSP5-8.5,+Geoid,2086,0.982,0.0,365.0,365000000.0,182500000.0,638750000.0,12619981069.0,6309990535.0,22084966872.0
Mondego Valley (km 240–244),railway,SSP5-8.5,Baseline,2087,0.844,0.01,365.0,365000000.0,182500000.0,638750000.0,8561227122.0,4280613561.0,14982147463.0
Mondego Valley (km 240–244),railway,SSP5-8.5,+Geoid,2087,0.994,0.0,365.0,365000000.0,182500000.0,638750000.0,12984981069.0,6492490535.0,22723716872.0
Mondego Valley (km 240–244),railway,SSP5-8.5,Baseline,2088,0.856,0.01,365.0,365000000.0,182500000.0,638750000.0,8926227122.0,4463113561.0,15620897463.0
Mondego Valley (km 240–244),railway,SSP5-8.5,+Geoid,2088,1.006,0.0,365.0,365000000.0,182500000.0,638750000.0,13349981069.0,6674990535.0,23362466872.0
Mondego Valley (km 240–244),railway,SSP5-8.5,Baseline,2089,0.868,0.01,365.0,365000000.0,182500000.0,638750000.0,9291227122.0,4645613561.0,16259647463.0
Mondego Valley (km 240–244),railway,SSP5-8.5,+Geoid,2089,1.018,0.0,365.0,365000000.0,182500000.0,638750000.0,13714981069.0,6857490535.0,24001216872.0
Mondego Valley (km 240–244),railway,SSP5-8.5,Baseline,2090,0.88,0.01,365.0,365000000.0,182500000.0,638750000.0,9656227122.0,4828113561.0,16898397463.0
Mondego Valley (km 240–244),railway,SSP5-8.5,+Geoid,2090,1.03,0.0,365.0,365000000.0,182500000.0,638750000.0,14079981069.0,7039990535.0,24639966872.0
Mondego Valley (km 240–244),railway,SSP5-8.5,Baseline,2091,0.892,0.01,365.0,365000000.0,182500000.0,638750000.0,10021227122.0,5010613561.0,17537147463.0
Mondego Valley (km 240–244),railway,SSP5-8.5,+Geoid,2091,1.042,0.0,365.0,365000000.0,182500000.0,638750000.0,14444981069.0,7222490535.0,25278716872.0
Mondego Valley (km 240–244),railway,SSP5-8.5,Baseline,2092,0.904,0.01,365.0,365000000.0,182500000.0,638750000.0,10386227122.0,5193113561.0,18175897463.0
Mondego Valley (km 240–244),railway,SSP5-8.5,+Geoid,2092,1.054,0.0,365.0,365000000.0,182500000.0,638750000.0,14809981069.0,7404990535.0,25917466872.0
Mondego Valley (km 240–244),railway,SSP5-8.5,Baseline,2093,0.916,0.01,365.0,365000000.0,182500000.0,638750000.0,10751227122.0,5375613561.0,18814647463.0
Mondego Valley (km 240–244),railway,SSP5-8.5,+Geoid,2093,1.066,0.0,365.0,365000000.0,182500000.0,638750000.0,15174981069.0,7587490535.0,26556216872.0
Mondego Valley (km 240–244),railway,SSP5-8.5,Baseline,2094,0.928,0.01,365.0,365000000.0,182500000.0,638750000.0,11116227122.0,5558113561.0,19453397463.0
Mondego Valley (km 240–244),railway,SSP5-8.5,+Geoid,2094,1.078,0.0,365.0,365000000.0,182500000.0,638750000.0,15539981069.0,7769990535.0,27194966872.0
Mondego Valley (km 240–244),railway,SSP5-8.5,Baseline,2095,0.94,0.01,365.0,365000000.0,182500000.0,638750000.0,11481227122.0,5740613561.0,20092147463.0
Mondego Valley (km 240–244),railway,SSP5-8.5,+Geoid,2095,1.09,0.0,365.0,365000000.0,182500000.0,638750000.0,15904981069.0,7952490535.0,27833716872.0
Mondego Valley (km 240–244),railway,SSP5-8.5,Baseline,2096,0.952,0.01,365.0,365000000.0,182500000.0,638750000.0,11846227122.0,5923113561.0,20730897463.0
Mondego Valley (km 240–244),railway,SSP5-8.5,+Geoid,2096,1.102,0.0,365.0,365000000.0,182500000.0,638750000.0,16269981069.0,8134990535.0,28472466872.0
Mondego Valley (km 240–244),railway,SSP5-8.5,Baseline,2097,0.964,0.01,365.0,365000000.0,182500000.0,638750000.0,12211227122.0,6105613561.0,21369647463.0
Mondego Valley (km 240–244),railway,SSP5-8.5,+Geoid,2097,1.114,0.0,365.0,365000000.0,182500000.0,638750000.0,16634981069.0,8317490535.0,29111216872.0
Mondego Valley (km 240–244),railway,SSP5-8.5,Baseline,2098,0.976,0.0,365.0,365000000.0,182500000.0,638750000.0,12576227122.0,6288113561.0,22008397463.0
Mondego Valley (km 240–244),railway,SSP5-8.5,+Geoid,2098,1.126,0.0,365.0,365000000.0,182500000.0,638750000.0,16999981069.0,8499990535.0,29749966872.0
Mondego Valley (km 240–244),railway,SSP5-8.5,Baseline,2099,0.988,0.0,365.0,365000000.0,182500000.0,638750000.0,12941227122.0,6470613561.0,22647147463.0
Mondego Valley (km 240–244),railway,SSP5-8.5,+Geoid,2099,1.138,0.0,365.0,365000000.0,182500000.0,638750000.0,17364981069.0,8682490535.0,30388716872.0
Mondego Valley (km 240–244),railway,SSP5-8.5,Baseline,2100,1.0,0.0,365.0,365000000.0,182500000.0,638750000.0,13306227122.0,6653113561.0,23285897463.0
Mondego Valley (km 240–244),railway,SSP5-8.5,+Geoid,2100,1.15,0.0,365.0,365000000.0,182500000.0,638750000.0,17729981069.0,8864990535.0,31027466872.0
